base_name,rp,solver,time_to_cluster,time_to_read,time_to_create,time_to_solve,time_to_save,objective_value,termination_status,num_constraints,num_variables,time_to_resolve_benchmark,objective_value_resolve_benchmark,termination_status_resolve_benchmark,num_loss_of_load_e_demand,num_loss_of_load_h2_demand
0_HourlyBenchmark,1,Gurobi,0.0,4.3742376,17.9604287,0.0113573,0.0541465,126.2427462417121,OPTIMAL,800,602,0.0,0.0,,0,0
kmeans_cross_convex,2,Gurobi,2.8602715,3.5341779,18.1890168,0.0026852,0.0325249,73.0748114090736,OPTIMAL,8,8,0.0019608,1469.2093781493406,OPTIMAL,53,0
kmeans_cross_convex,2,Gurobi,0.0417262,4.0546897,17.9089,0.0026371,0.0399821,73.0748114090736,OPTIMAL,8,8,0.0013562,1469.2093781493406,OPTIMAL,53,0
kmeans_cross_convex,2,Gurobi,0.0502487,4.4674706,19.0888567,0.0028982,0.0420796,73.0748114090736,OPTIMAL,8,8,0.0014378,1469.2093781493406,OPTIMAL,53,0
kmeans_cross_convex,2,Gurobi,0.0552412,4.518968,18.7869185,0.0025136,0.0359462,73.0748114090736,OPTIMAL,8,8,0.0015856,1469.2093781493406,OPTIMAL,53,0
kmeans_cross_convex,2,Gurobi,0.0511933,3.7577755,18.9262638,0.0027517,0.0345518,73.0748114090736,OPTIMAL,8,8,0.0015144,1469.2093781493406,OPTIMAL,53,0
kmeans_cross_convex,2,Gurobi,0.0519382,3.7929624,19.0049642,0.0022569,0.032555,73.0748114090736,OPTIMAL,8,8,0.0015165,1469.2093781493406,OPTIMAL,53,0
kmeans_cross_convex,2,Gurobi,0.0516871,3.7532351,19.4297108,0.0029263,0.0381143,73.0748114090736,OPTIMAL,8,8,0.0014656,1469.2093781493406,OPTIMAL,53,0
kmeans_cross_convex,2,Gurobi,0.0501644,3.6130207,20.1389717,0.002478,0.0349724,73.0748114090736,OPTIMAL,8,8,0.0014538,1469.2093781493406,OPTIMAL,53,0
kmeans_cross_convex,2,Gurobi,0.0569788,3.9707528,20.1956088,0.0022988,0.0355393,73.0748114090736,OPTIMAL,8,8,0.0016356,1469.2093781493406,OPTIMAL,53,0
kmeans_cross_convex,2,Gurobi,0.0532207,3.9756818,20.2950053,0.0025159,0.0398453,73.0748114090736,OPTIMAL,8,8,0.0014196,1469.2093781493406,OPTIMAL,53,0
kmeans_cross_convex,4,Gurobi,0.0950644,4.1656963,21.3163149,0.0027765,0.0393178,73.07495124857996,OPTIMAL,16,14,0.0017999,1469.2093781493406,OPTIMAL,53,0
kmeans_cross_convex,4,Gurobi,0.0969831,4.4249644,21.867174,0.0026611,0.0445444,89.30289326302982,OPTIMAL,16,14,0.002069,619.581285328297,OPTIMAL,22,0
kmeans_cross_convex,4,Gurobi,0.0752124,4.2162715,17.9811362,0.00245,0.0421235,80.13628955315086,OPTIMAL,16,14,0.0018753,1005.2388515327029,OPTIMAL,35,0
kmeans_cross_convex,4,Gurobi,0.0805958,4.866314,19.9432649,0.0024858,0.0423628,80.13694544260922,OPTIMAL,16,14,0.0016304,1005.2388515327029,OPTIMAL,35,0
kmeans_cross_convex,4,Gurobi,0.0861082,4.7848619,19.0946412,0.0029662,0.0432186,81.72617779970496,OPTIMAL,16,14,0.0015551,925.3470964123471,OPTIMAL,33,0
kmeans_cross_convex,4,Gurobi,0.52142,3.963888,17.7382585,0.00249,0.0427704,97.9118929086169,OPTIMAL,16,14,0.001663,376.0859270519512,OPTIMAL,17,0
kmeans_cross_convex,4,Gurobi,0.0974436,4.6259571,19.0918819,0.0027054,0.0432333,88.79123400079908,OPTIMAL,16,14,0.0017559,635.3883596858172,OPTIMAL,22,0
kmeans_cross_convex,4,Gurobi,0.0803802,4.7914964,19.5760319,0.0026161,0.046847,91.83718918583295,OPTIMAL,16,14,0.0016896,542.3446717533857,OPTIMAL,21,0
kmeans_cross_convex,4,Gurobi,0.5157465,3.781562,17.3002522,0.0023678,0.0438373,97.89144008616623,OPTIMAL,16,14,0.0016034,376.5631325151208,OPTIMAL,17,0
kmeans_cross_convex,4,Gurobi,0.084117,4.5722694,19.2290602,0.0026571,0.04292,93.92037931457712,OPTIMAL,16,14,0.001707,481.62864441392304,OPTIMAL,20,0
kmeans_cross_convex,6,Gurobi,0.1230993,4.8594397,19.9688248,0.002328,0.0465679,80.1366139003053,OPTIMAL,24,20,0.0017102,1005.2388515327029,OPTIMAL,35,0
kmeans_cross_convex,6,Gurobi,0.5515361,3.8306614,17.1261079,0.0023963,0.0435665,91.83692674959846,OPTIMAL,24,20,0.0021496,542.3446717533857,OPTIMAL,21,0
kmeans_cross_convex,6,Gurobi,0.1011403,4.6327618,18.8134471,0.0025132,0.0430458,97.89167082663081,OPTIMAL,24,20,0.0015805,376.5631325151208,OPTIMAL,17,0
kmeans_cross_convex,6,Gurobi,0.4088511,3.8600173,16.8443157,0.0024192,0.0420473,93.92053082353131,OPTIMAL,24,20,0.0017366,481.62864441392304,OPTIMAL,20,0
kmeans_cross_convex,6,Gurobi,0.0847199,4.5739147,18.8105407,0.0022848,0.0426899,106.29681316789043,OPTIMAL,24,20,0.0017204,226.46590186219646,OPTIMAL,11,0
kmeans_cross_convex,6,Gurobi,0.3634517,3.7196689,17.0954286,0.0023523,0.0428129,107.47936039229823,OPTIMAL,24,20,0.0014899,209.51687946426796,OPTIMAL,11,0
kmeans_cross_convex,6,Gurobi,0.2743753,3.9651456,17.547028,0.0033464,0.0422241,94.80784733482787,OPTIMAL,24,20,0.0016962,457.05298648994795,OPTIMAL,20,0
kmeans_cross_convex,6,Gurobi,0.0815945,4.5870657,18.8405443,0.0033492,0.0445312,106.09953782674349,OPTIMAL,24,20,0.0017509,229.29559696820036,OPTIMAL,11,0
kmeans_cross_convex,6,Gurobi,0.3621089,3.6586673,17.8921835,0.0023684,0.0409625,97.89120327056948,OPTIMAL,24,20,0.0016486,376.5631325151208,OPTIMAL,17,0
kmeans_cross_convex,6,Gurobi,0.1106099,4.6353588,18.8766152,0.0027084,0.0448084,93.92053082353131,OPTIMAL,24,20,0.0016523,481.62864441392304,OPTIMAL,20,0
kmeans_cross_convex,8,Gurobi,0.3804279,3.8693829,17.8462979,0.0025689,0.0430942,80.1364384183004,OPTIMAL,32,26,0.0019531,1005.2388515327029,OPTIMAL,35,0
kmeans_cross_convex,8,Gurobi,0.0960893,4.7503639,18.9080332,0.0023747,0.0440325,106.0998301606795,OPTIMAL,32,26,0.0018417,229.29559696820036,OPTIMAL,11,0
kmeans_cross_convex,8,Gurobi,0.3824619,3.9076328,17.9400593,0.0028565,0.0462636,97.89163915032,OPTIMAL,32,26,0.0016964,376.5631325151208,OPTIMAL,17,0
kmeans_cross_convex,8,Gurobi,0.2966751,4.386959,18.0261886,0.002441,0.043785,106.29729623571225,OPTIMAL,32,26,0.0018002,226.46590186219646,OPTIMAL,11,0
kmeans_cross_convex,8,Gurobi,0.099269,4.7418263,19.0244868,0.0027953,0.0453885,106.29703389943596,OPTIMAL,32,26,0.0015641,226.46590186219646,OPTIMAL,11,0
kmeans_cross_convex,8,Gurobi,0.3524817,4.0423637,18.0557234,0.0025135,0.0453461,107.39602448795134,OPTIMAL,32,26,0.0016248,210.71255644561347,OPTIMAL,11,0
kmeans_cross_convex,8,Gurobi,0.2630797,4.5697029,18.6011789,0.0025444,0.0439208,94.80775565792072,OPTIMAL,32,26,0.0018286,457.05298648994795,OPTIMAL,20,0
kmeans_cross_convex,8,Gurobi,0.2048826,4.4046718,18.2586226,0.0024025,0.0433885,106.09981985044108,OPTIMAL,32,26,0.0017238,229.29559696820036,OPTIMAL,11,0
kmeans_cross_convex,8,Gurobi,0.0966536,4.875405,19.6043751,0.0026389,0.0534991,100.6367110431781,OPTIMAL,32,26,0.0018283,319.7817968392583,OPTIMAL,14,0
kmeans_cross_convex,8,Gurobi,0.3801266,4.6086594,18.5676941,0.0024831,0.0426337,93.9200050407953,OPTIMAL,32,26,0.0017167,481.62864441392304,OPTIMAL,20,0
kmeans_cross_convex,10,Gurobi,0.2478919,4.6965645,18.9777039,0.0024402,0.0441721,106.09974527278699,OPTIMAL,40,32,0.0018766,229.29559696820036,OPTIMAL,11,0
kmeans_cross_convex,10,Gurobi,0.2223615,4.7079741,18.7007359,0.0030115,0.0473552,106.09991345236368,OPTIMAL,40,32,0.0016854,229.29559696820036,OPTIMAL,11,0
kmeans_cross_convex,10,Gurobi,0.0954943,5.0680201,20.1417844,0.0031534,0.0539308,104.68693033726913,OPTIMAL,40,32,0.001729,250.3506155623162,OPTIMAL,12,0
kmeans_cross_convex,10,Gurobi,0.3643126,4.8301139,19.2917096,0.0028561,0.0493193,106.29704104432786,OPTIMAL,40,32,0.0017331,226.46590186219646,OPTIMAL,11,0
kmeans_cross_convex,10,Gurobi,0.2424559,4.7917444,19.1423978,0.0024616,0.045794,106.09968737390203,OPTIMAL,40,32,0.0019059,229.29559696820036,OPTIMAL,11,0
kmeans_cross_convex,10,Gurobi,0.212801,4.4820623,19.5107256,0.0024293,0.0460259,109.72961205318423,OPTIMAL,40,32,0.0018181,185.82109820443077,OPTIMAL,7,0
kmeans_cross_convex,10,Gurobi,0.0914395,5.0895529,20.7453585,0.002454,0.0532009,106.3070167269665,OPTIMAL,40,32,0.0017273,226.32033960929738,OPTIMAL,11,0
kmeans_cross_convex,10,Gurobi,0.3604602,4.9232072,19.7219196,0.0025855,0.0465721,106.09976532944398,OPTIMAL,40,32,0.0017589,229.29559696820036,OPTIMAL,11,0
kmeans_cross_convex,10,Gurobi,0.2506328,4.7705791,20.0245789,0.002536,0.0465724,100.6366695702519,OPTIMAL,40,32,0.00176,319.7817968392583,OPTIMAL,14,0
kmeans_cross_convex,10,Gurobi,0.2193443,4.7554278,20.0040589,0.0022947,0.0472019,100.63654365030273,OPTIMAL,40,32,0.001473,319.7817968392583,OPTIMAL,14,0
kmeans_cross_convex,12,Gurobi,0.0968556,5.1667789,21.1303417,0.0025213,0.0484869,109.72950629589036,OPTIMAL,48,38,0.0017084,185.82109820443077,OPTIMAL,7,0
kmeans_cross_convex,12,Gurobi,0.3680526,4.5711644,20.1948831,0.0024845,0.0476012,106.09989471327684,OPTIMAL,48,38,0.0018559,229.29559696820036,OPTIMAL,11,0
kmeans_cross_convex,12,Gurobi,0.2569298,4.9555769,20.4273025,0.0024649,0.0477384,107.47955897030002,OPTIMAL,48,38,0.0016724,209.51687946426796,OPTIMAL,11,0
kmeans_cross_convex,12,Gurobi,0.2156804,4.9114018,20.3553718,0.0032523,0.0493244,106.29687140115401,OPTIMAL,48,38,0.0017519,226.46590186219646,OPTIMAL,11,0
kmeans_cross_convex,12,Gurobi,0.0986406,5.4638461,21.6005622,0.0025068,0.0545824,106.0995871767767,OPTIMAL,48,38,0.0017826,229.29559696820036,OPTIMAL,11,0
kmeans_cross_convex,12,Gurobi,0.3688236,4.7410717,20.3699054,0.0025126,0.0498845,109.7296766243475,OPTIMAL,48,38,0.0016978,185.82109820443077,OPTIMAL,7,0
kmeans_cross_convex,12,Gurobi,0.2536063,4.8243748,20.1132517,0.0026448,0.0509444,106.30744727904707,OPTIMAL,48,38,0.0021215,226.32033960929738,OPTIMAL,11,0
kmeans_cross_convex,12,Gurobi,0.2217808,4.9455042,20.7593663,0.00251,0.0517387,108.06209948970859,OPTIMAL,48,38,0.0017465,201.69619832027058,OPTIMAL,9,0
kmeans_cross_convex,12,Gurobi,0.0913647,5.2087116,21.4339138,0.0026131,0.0527658,103.2463565644715,OPTIMAL,48,38,0.0016865,273.37311875867664,OPTIMAL,13,0
kmeans_cross_convex,12,Gurobi,0.3693722,4.7639823,20.5828065,0.0022503,0.050124,106.09986629761958,OPTIMAL,48,38,0.0012816,229.29559696820036,OPTIMAL,11,0
kmeans_cross_convex,14,Gurobi,0.2648375,5.0697158,20.2347456,0.0022393,0.0498304,118.10254133258947,OPTIMAL,56,44,0.0014201,138.94902871815577,OPTIMAL,2,0
kmeans_cross_convex,14,Gurobi,0.0828042,5.1388622,20.9054269,0.0024875,0.0460432,106.09974756255893,OPTIMAL,56,44,0.0012898,229.29559696820036,OPTIMAL,11,0
kmeans_cross_convex,14,Gurobi,0.3639869,4.6963728,19.7237549,0.0027241,0.0465552,107.39597111331727,OPTIMAL,56,44,0.0016866,210.71255644561347,OPTIMAL,11,0
kmeans_cross_convex,14,Gurobi,0.09072,5.1504608,21.1550008,0.0023456,0.0498817,107.14115045403382,OPTIMAL,56,44,0.001377,214.36588391769143,OPTIMAL,11,0
kmeans_cross_convex,14,Gurobi,0.4146172,4.6797706,19.786808,0.0022245,0.0515166,108.06207622966973,OPTIMAL,56,44,0.0012748,201.69619832027058,OPTIMAL,9,0
kmeans_cross_convex,14,Gurobi,0.0915875,5.1965362,21.052075,0.0021151,0.0573969,109.72980332566162,OPTIMAL,56,44,0.0012527,185.82109820443077,OPTIMAL,7,0
kmeans_cross_convex,14,Gurobi,0.392906,4.6120978,19.9363446,0.0027128,0.0471855,106.30722329176572,OPTIMAL,56,44,0.0012549,226.32033960929738,OPTIMAL,11,0
kmeans_cross_convex,14,Gurobi,0.0922903,5.0851868,21.2701455,0.002451,0.0579091,108.06243174841362,OPTIMAL,56,44,0.0012499,201.69619832027058,OPTIMAL,9,0
kmeans_cross_convex,14,Gurobi,0.4093002,4.6197664,20.3452078,0.0025267,0.0512605,104.6865627012908,OPTIMAL,56,44,0.0021731,250.3506155623162,OPTIMAL,12,0
kmeans_cross_convex,14,Gurobi,0.0855915,5.3191566,21.8101566,0.002804,0.0568092,113.19455891464172,OPTIMAL,56,44,0.001713,162.18660106413253,OPTIMAL,5,0
kmeans_cross_convex,16,Gurobi,0.4125225,4.9506303,20.1671269,0.0028556,0.0526819,118.1025672946176,OPTIMAL,64,50,0.0018501,138.94902871815577,OPTIMAL,2,0
kmeans_cross_convex,16,Gurobi,0.2534172,5.9599842,21.3425869,0.0028861,0.0761411,106.09968129092823,OPTIMAL,64,50,0.001714,229.29559696820036,OPTIMAL,11,0
kmeans_cross_convex,16,Gurobi,0.0925136,6.1186738,23.9786994,0.0030884,0.0921655,109.72960542425783,OPTIMAL,64,50,0.0017399,185.82109820443077,OPTIMAL,7,0
kmeans_cross_convex,16,Gurobi,0.4081039,5.5903506,22.6743218,0.0031851,0.0602125,107.39607718296311,OPTIMAL,64,50,0.0018093,210.71255644561347,OPTIMAL,11,0
kmeans_cross_convex,16,Gurobi,0.3438683,5.8855676,22.6638844,0.0027619,0.059778,109.72934403859732,OPTIMAL,64,50,0.0018011,185.82109820443077,OPTIMAL,7,0
kmeans_cross_convex,16,Gurobi,0.2399543,5.9324818,23.7335265,0.0028176,0.0650287,109.72977172480968,OPTIMAL,64,50,0.0016023,185.82109820443077,OPTIMAL,7,0
kmeans_cross_convex,16,Gurobi,0.114993,6.5432685,25.3604786,0.0030512,0.0591956,106.30720547773068,OPTIMAL,64,50,0.0017784,226.32033960929738,OPTIMAL,11,0
kmeans_cross_convex,16,Gurobi,0.4527266,5.9233235,23.2297392,0.0029176,0.0531134,109.72944775068102,OPTIMAL,64,50,0.0017737,185.82109820443077,OPTIMAL,7,0
kmeans_cross_convex,16,Gurobi,0.3007588,5.8944742,23.0664396,0.002527,0.0561563,109.72976252132918,OPTIMAL,64,50,0.0015561,185.82109820443077,OPTIMAL,7,0
kmeans_cross_convex,16,Gurobi,0.0851568,5.7348008,22.630338,0.0024294,0.0565837,113.19443034219604,OPTIMAL,64,50,0.0016721,162.18660106413253,OPTIMAL,5,0
kmeans_cross_convex,18,Gurobi,0.385599,5.1488505,20.8723614,0.0027612,0.0545516,118.10235589383959,OPTIMAL,72,56,0.0017822,138.94902871815577,OPTIMAL,2,0
kmeans_cross_convex,18,Gurobi,0.2563465,5.332315,21.3151256,0.0028527,0.0557655,116.10395182545241,OPTIMAL,72,56,0.0018135,145.6415211879391,OPTIMAL,4,0
kmeans_cross_convex,18,Gurobi,0.2167502,5.3755808,20.8659679,0.0027987,0.0543852,111.34789687450507,OPTIMAL,72,56,0.0016298,173.74739182806167,OPTIMAL,6,0
kmeans_cross_convex,18,Gurobi,0.2234208,5.1439392,21.8548827,0.0030201,0.0582504,107.39607993289616,OPTIMAL,72,56,0.0017954,210.71255644561347,OPTIMAL,11,0
kmeans_cross_convex,18,Gurobi,0.2180719,5.3212654,22.3828441,0.0027664,0.0597172,109.72924324452278,OPTIMAL,72,56,0.0018485,185.82109820443077,OPTIMAL,7,0
kmeans_cross_convex,18,Gurobi,0.2281968,5.1611723,22.8574743,0.0024986,0.0560594,109.72975144242972,OPTIMAL,72,56,0.0015831,185.82109820443077,OPTIMAL,7,0
kmeans_cross_convex,18,Gurobi,0.0962991,5.0745205,20.6240061,0.0027942,0.0620647,106.30714014152262,OPTIMAL,72,56,0.001793,226.32033960929738,OPTIMAL,11,0
kmeans_cross_convex,18,Gurobi,0.1918835,5.0635063,22.6836145,0.0027558,0.0598404,109.7296364624546,OPTIMAL,72,56,0.0016648,185.82109820443077,OPTIMAL,7,0
kmeans_cross_convex,18,Gurobi,0.2121205,5.0629586,22.3676976,0.0027165,0.0589546,109.72949698771319,OPTIMAL,72,56,0.0019166,185.82109820443077,OPTIMAL,7,0
kmeans_cross_convex,18,Gurobi,0.0797307,4.5628685,22.903504,0.0030441,0.0582271,113.19430850256803,OPTIMAL,72,56,0.0015832,162.18660106413253,OPTIMAL,5,0
kmeans_cross_convex,20,Gurobi,0.3836163,5.5961076,21.5141963,0.0027986,0.0547239,116.1036267989686,OPTIMAL,80,62,0.0015924,145.6415211879391,OPTIMAL,4,0
kmeans_cross_convex,20,Gurobi,0.250162,5.2417798,21.8402785,0.0028943,0.0666601,116.10403462186751,OPTIMAL,80,62,0.0014654,145.6415211879391,OPTIMAL,4,0
kmeans_cross_convex,20,Gurobi,0.2116828,5.2349328,22.314833,0.0034743,0.0590645,111.34784233950892,OPTIMAL,80,62,0.0015743,173.74739182806167,OPTIMAL,6,0
kmeans_cross_convex,20,Gurobi,0.2101765,5.2249614,22.3274706,0.0030304,0.0589471,118.1027915853428,OPTIMAL,80,62,0.0016697,138.94902871815577,OPTIMAL,2,0
kmeans_cross_convex,20,Gurobi,0.2082402,5.4823499,23.4608741,0.002863,0.0593697,110.66727194495326,OPTIMAL,80,62,0.0016055,178.72971991038327,OPTIMAL,6,0
kmeans_cross_convex,20,Gurobi,0.2338283,5.4355888,23.5147881,0.0027121,0.0602531,109.72936156847938,OPTIMAL,80,62,0.0017256,185.82109820443077,OPTIMAL,7,0
kmeans_cross_convex,20,Gurobi,0.2245162,5.5015894,24.2622414,0.0025212,0.0629298,104.5695461797407,OPTIMAL,80,62,0.0015993,252.20678229192282,OPTIMAL,12,0
kmeans_cross_convex,20,Gurobi,0.2665333,5.6701293,24.7902378,0.0025444,0.063756,109.72930880953383,OPTIMAL,80,62,0.0016076,185.82109820443077,OPTIMAL,7,0
kmeans_cross_convex,20,Gurobi,0.2266316,5.6076991,23.5289682,0.0025089,0.0585706,109.72944734110943,OPTIMAL,80,62,0.0015265,185.82109820443077,OPTIMAL,7,0
kmeans_cross_convex,20,Gurobi,0.2216622,5.642775,24.4034453,0.0031367,0.0815952,113.19401501984439,OPTIMAL,80,62,0.0017703,162.18660106413253,OPTIMAL,5,0
kmeans_per_convex,2,Gurobi,0.0617717,4.4375932,22.8687686,0.0024319,0.0395036,73.07480692162079,OPTIMAL,8,8,0.0021307,1469.2093781493406,OPTIMAL,53,0
kmeans_per_convex,2,Gurobi,0.0470424,4.5179842,24.6150637,0.0025135,0.0473791,73.07480692162079,OPTIMAL,8,8,0.0014787,1469.2093781493406,OPTIMAL,53,0
kmeans_per_convex,2,Gurobi,0.0512384,4.7813003,24.6930709,0.0027128,0.0451817,73.07480692162079,OPTIMAL,8,8,0.0013917,1469.2093781493406,OPTIMAL,53,0
kmeans_per_convex,2,Gurobi,0.050773,4.7495573,24.8014016,0.0022633,0.0410905,73.07480692162079,OPTIMAL,8,8,0.0015298,1469.2093781493406,OPTIMAL,53,0
kmeans_per_convex,2,Gurobi,0.0551067,4.5701943,24.5316885,0.0024136,0.0424569,73.07480692162079,OPTIMAL,8,8,0.0015302,1469.2093781493406,OPTIMAL,53,0
kmeans_per_convex,2,Gurobi,0.0523314,4.8268923,24.9337458,0.0026629,0.0476427,73.07480692162079,OPTIMAL,8,8,0.0014204,1469.2093781493406,OPTIMAL,53,0
kmeans_per_convex,2,Gurobi,0.0501681,4.8139591,24.7420089,0.0024319,0.0433315,73.07480692162079,OPTIMAL,8,8,0.0013629,1469.2093781493406,OPTIMAL,53,0
kmeans_per_convex,2,Gurobi,0.0492273,4.898933,26.9381509,0.002706,0.0436561,73.07480692162079,OPTIMAL,8,8,0.00143,1469.2093781493406,OPTIMAL,53,0
kmeans_per_convex,2,Gurobi,0.0498943,5.0070983,24.8910026,0.0027924,0.0464875,73.07480692162079,OPTIMAL,8,8,0.0014827,1469.2093781493406,OPTIMAL,53,0
kmeans_per_convex,2,Gurobi,0.0495696,5.0713403,25.6127543,0.0029727,0.0447553,73.07480692162079,OPTIMAL,8,8,0.0016495,1469.2093781493406,OPTIMAL,53,0
kmeans_per_convex,4,Gurobi,0.1403778,5.1548667,25.8907636,0.0027534,0.0503637,88.0728085062234,OPTIMAL,16,14,0.0017483,658.5887576589824,OPTIMAL,23,0
kmeans_per_convex,4,Gurobi,0.1695395,5.3747858,26.8574276,0.0025609,0.0511655,89.30225701174273,OPTIMAL,16,14,0.0016841,619.581285328297,OPTIMAL,22,0
kmeans_per_convex,4,Gurobi,2.579452,4.596153,21.4659597,0.0029076,0.0502881,88.28937961838,OPTIMAL,16,14,0.001764,651.4918294847879,OPTIMAL,23,0
kmeans_per_convex,4,Gurobi,0.0896532,5.6375877,23.5472244,0.0033174,0.052971,86.76982677122757,OPTIMAL,16,14,0.0017772,704.5604720959358,OPTIMAL,27,0
kmeans_per_convex,4,Gurobi,0.0948964,5.6530763,24.33646,0.0030566,0.0574947,87.14226997060597,OPTIMAL,16,14,0.0015822,690.4304349097047,OPTIMAL,26,0
kmeans_per_convex,4,Gurobi,0.0951153,6.0498863,24.7555851,0.0024011,0.0598314,80.13660914026224,OPTIMAL,16,14,0.0020085,1005.2388515327029,OPTIMAL,35,0
kmeans_per_convex,4,Gurobi,0.0957264,6.3603459,25.4382287,0.0024095,0.0584222,80.13660914026224,OPTIMAL,16,14,0.0014656,1005.2388515327029,OPTIMAL,35,0
kmeans_per_convex,4,Gurobi,1.0989003,4.6906547,21.7326595,0.0023935,0.0491456,80.13670605151275,OPTIMAL,16,14,0.0013706,1005.2388515327029,OPTIMAL,35,0
kmeans_per_convex,4,Gurobi,0.0871999,5.7462161,23.6651769,0.002244,0.0532543,88.79134119602372,OPTIMAL,16,14,0.0019443,635.3883596858172,OPTIMAL,22,0
kmeans_per_convex,4,Gurobi,0.0813162,5.9094286,24.2406763,0.0027572,0.057509,86.7696996192465,OPTIMAL,16,14,0.0016566,704.5604720959358,OPTIMAL,27,0
kmeans_per_convex,6,Gurobi,0.1079659,6.2009188,25.1525419,0.002697,0.0625847,94.80729329669076,OPTIMAL,24,20,0.0016467,457.05298648994795,OPTIMAL,20,0
kmeans_per_convex,6,Gurobi,0.8296849,4.6538271,21.9534708,0.0026491,0.0538536,91.83653888507719,OPTIMAL,24,20,0.0018832,542.3446717533857,OPTIMAL,21,0
kmeans_per_convex,6,Gurobi,0.1044488,6.0219302,23.9942184,0.0025361,0.0542732,93.91990359128124,OPTIMAL,24,20,0.0016216,481.62864441392304,OPTIMAL,20,0
kmeans_per_convex,6,Gurobi,0.1148769,6.0450786,24.4119824,0.0027514,0.0558576,87.93192992996475,OPTIMAL,24,20,0.0018486,663.1691102908443,OPTIMAL,23,0
kmeans_per_convex,6,Gurobi,0.6572252,4.658835,22.0540236,0.0022871,0.0512002,94.80791379899492,OPTIMAL,24,20,0.001654,457.05298648994795,OPTIMAL,20,0
kmeans_per_convex,6,Gurobi,0.1021661,5.7505993,23.7635976,0.0028235,0.0514473,88.87302116306523,OPTIMAL,24,20,0.0018896,632.8526058860448,OPTIMAL,22,0
kmeans_per_convex,6,Gurobi,0.1043282,5.8883264,24.3114955,0.0023371,0.0608123,90.55675613610195,OPTIMAL,24,20,0.0018367,580.7917551815974,OPTIMAL,22,0
kmeans_per_convex,6,Gurobi,0.646536,4.6842675,22.391323,0.0026711,0.0521393,88.8725938205617,OPTIMAL,24,20,0.0015533,632.8526058860448,OPTIMAL,22,0
kmeans_per_convex,6,Gurobi,0.1032308,5.9355082,24.7356052,0.0024484,0.0556797,102.02370331527852,OPTIMAL,24,20,0.0016795,294.6442157803422,OPTIMAL,13,0
kmeans_per_convex,6,Gurobi,0.1150506,6.0288769,24.6634807,0.0026907,0.056389,91.83616493086649,OPTIMAL,24,20,0.001703,542.3446717533857,OPTIMAL,21,0
kmeans_per_convex,8,Gurobi,0.6451361,4.7273643,21.6394345,0.003292,0.0534022,95.77781692141464,OPTIMAL,32,26,0.0016353,430.7684699236176,OPTIMAL,19,0
kmeans_per_convex,8,Gurobi,0.1065343,5.9220472,24.0023887,0.0026005,0.0545278,104.68678521069685,OPTIMAL,32,26,0.0018511,250.3506155623162,OPTIMAL,12,0
kmeans_per_convex,8,Gurobi,0.1151014,6.1483094,25.1061782,0.0025309,0.0598189,106.29694696987266,OPTIMAL,32,26,0.001647,226.46590186219646,OPTIMAL,11,0
kmeans_per_convex,8,Gurobi,0.6517617,4.8229817,22.0374095,0.0026292,0.0532935,106.29697533382894,OPTIMAL,32,26,0.0015584,226.46590186219646,OPTIMAL,11,0
kmeans_per_convex,8,Gurobi,0.1062818,5.8665072,23.4378566,0.0024259,0.0599644,106.09970655610915,OPTIMAL,32,26,0.0015059,229.29559696820036,OPTIMAL,11,0
kmeans_per_convex,8,Gurobi,0.4727464,4.8346678,21.6045363,0.0027115,0.0530864,106.29685195906406,OPTIMAL,32,26,0.0015619,226.46590186219646,OPTIMAL,11,0
kmeans_per_convex,8,Gurobi,0.104009,6.6547719,23.8803609,0.002474,0.0642456,106.09972096021215,OPTIMAL,32,26,0.0016814,229.29559696820036,OPTIMAL,11,0
kmeans_per_convex,8,Gurobi,0.4695859,4.7214053,21.8151464,0.0030146,0.0533399,89.80292713672453,OPTIMAL,32,26,0.0017679,604.1004509940001,OPTIMAL,22,0
kmeans_per_convex,8,Gurobi,0.1054664,6.0892727,24.0977018,0.0026742,0.0526305,104.68654553205607,OPTIMAL,32,26,0.0015984,250.3506155623162,OPTIMAL,12,0
kmeans_per_convex,8,Gurobi,0.1019709,6.1567703,24.359337,0.0025078,0.0625364,106.29697533382894,OPTIMAL,32,26,0.0018616,226.46590186219646,OPTIMAL,11,0
kmeans_per_convex,10,Gurobi,0.6405933,4.8639762,22.2222296,0.0027467,0.0543142,106.30704734187196,OPTIMAL,40,32,0.0014824,226.32033960929738,OPTIMAL,11,0
kmeans_per_convex,10,Gurobi,0.1033396,5.9505579,23.3289705,0.0029373,0.0561775,106.30708587189015,OPTIMAL,40,32,0.0012749,226.32033960929738,OPTIMAL,11,0
kmeans_per_convex,10,Gurobi,0.4663176,4.9035181,21.931733,0.0026119,0.0543725,106.29679966313752,OPTIMAL,40,32,0.0016185,226.46590186219646,OPTIMAL,11,0
kmeans_per_convex,10,Gurobi,0.1151762,6.0085396,24.023616,0.0024513,0.0560497,104.68616694317828,OPTIMAL,40,32,0.0017331,250.3506155623162,OPTIMAL,12,0
kmeans_per_convex,10,Gurobi,0.5063538,4.8385178,21.7666398,0.0025636,0.0521826,106.30689328738981,OPTIMAL,40,32,0.0016737,226.32033960929738,OPTIMAL,11,0
kmeans_per_convex,10,Gurobi,0.1029385,5.9337666,24.2323469,0.0022665,0.055131,106.09919677025826,OPTIMAL,40,32,0.0016023,229.29559696820036,OPTIMAL,11,0
kmeans_per_convex,10,Gurobi,0.4888675,4.9687176,22.5656813,0.0032078,0.0531835,107.39608091884863,OPTIMAL,40,32,0.0014372,210.71255644561347,OPTIMAL,11,0
kmeans_per_convex,10,Gurobi,0.1069332,6.0171236,24.2748385,0.002451,0.0561703,101.93085490495973,OPTIMAL,40,32,0.0019467,296.25668939546654,OPTIMAL,13,0
kmeans_per_convex,10,Gurobi,0.4983163,4.724485,22.0353161,0.0024708,0.0541444,106.30701472060043,OPTIMAL,40,32,0.0016843,226.32033960929738,OPTIMAL,11,0
kmeans_per_convex,10,Gurobi,0.1016353,5.9354619,23.6991696,0.0032314,0.0563424,106.29683353230716,OPTIMAL,40,32,0.0014726,226.46590186219646,OPTIMAL,11,0
kmeans_per_convex,12,Gurobi,0.4938469,4.8018378,22.0489068,0.0027563,0.0609224,106.3068297819514,OPTIMAL,48,38,0.0013975,226.32033960929738,OPTIMAL,11,0
kmeans_per_convex,12,Gurobi,0.1016549,5.9315273,24.0046438,0.0023648,0.0576674,106.30688818916965,OPTIMAL,48,38,0.0014596,226.32033960929738,OPTIMAL,11,0
kmeans_per_convex,12,Gurobi,0.4567129,5.0057251,22.2984478,0.0024726,0.0580726,107.47915662647117,OPTIMAL,48,38,0.0014451,209.51687946426796,OPTIMAL,11,0
kmeans_per_convex,12,Gurobi,0.1156347,6.0008588,23.8323522,0.0028269,0.0623957,106.09949063167133,OPTIMAL,48,38,0.0015604,229.29559696820036,OPTIMAL,11,0
kmeans_per_convex,12,Gurobi,0.4672769,4.9850648,21.6241017,0.002408,0.0551681,109.72940999803004,OPTIMAL,48,38,0.001573,185.82109820443077,OPTIMAL,7,0
kmeans_per_convex,12,Gurobi,0.0941609,5.852034,24.0010507,0.0025049,0.0589428,108.59074779099869,OPTIMAL,48,38,0.0015651,195.8068340531778,OPTIMAL,8,0
kmeans_per_convex,12,Gurobi,0.4593794,5.0156418,21.7423024,0.0029205,0.0563143,107.47913175869401,OPTIMAL,48,38,0.0016095,209.51687946426796,OPTIMAL,11,0
kmeans_per_convex,12,Gurobi,0.1040371,5.8973771,23.7241564,0.0025299,0.0574198,106.09954885028327,OPTIMAL,48,38,0.0014837,229.29559696820036,OPTIMAL,11,0
kmeans_per_convex,12,Gurobi,0.4501275,4.9104505,21.4433981,0.0025369,0.0546269,108.06193159728258,OPTIMAL,48,38,0.0018461,201.69619832027058,OPTIMAL,9,0
kmeans_per_convex,12,Gurobi,0.1027009,6.0162662,23.7388817,0.002815,0.0689875,106.30690853775157,OPTIMAL,48,38,0.0016213,226.32033960929738,OPTIMAL,11,0
kmeans_per_convex,14,Gurobi,0.460635,4.8904448,21.8695512,0.0025683,0.0574786,106.30680224891188,OPTIMAL,56,44,0.0015537,226.32033960929738,OPTIMAL,11,0
kmeans_per_convex,14,Gurobi,0.0955422,6.0841124,23.8935678,0.0028831,0.0596585,106.09910673317273,OPTIMAL,56,44,0.0014897,229.29559696820036,OPTIMAL,11,0
kmeans_per_convex,14,Gurobi,0.4712134,4.977711,21.9997311,0.002464,0.0556231,111.83779560467703,OPTIMAL,56,44,0.0017441,170.25830714317578,OPTIMAL,5,0
kmeans_per_convex,14,Gurobi,0.2877022,5.393408,23.059538,0.0024489,0.0587918,106.29614134931303,OPTIMAL,56,44,0.0017267,226.46590186219646,OPTIMAL,11,0
kmeans_per_convex,14,Gurobi,0.0977556,6.1376612,23.8525784,0.0025536,0.060332,109.72957689943831,OPTIMAL,56,44,0.0015834,185.82109820443077,OPTIMAL,7,0
kmeans_per_convex,14,Gurobi,0.4147115,4.9375349,22.3699821,0.0028107,0.0585315,109.72972217550041,OPTIMAL,56,44,0.0014242,185.82109820443077,OPTIMAL,7,0
kmeans_per_convex,14,Gurobi,0.1012573,6.2572081,24.5703175,0.0025417,0.0635082,107.47935804310826,OPTIMAL,56,44,0.0017946,209.51687946426796,OPTIMAL,11,0
kmeans_per_convex,14,Gurobi,0.4516356,4.9950874,22.161301,0.002849,0.0565179,108.06183449923067,OPTIMAL,56,44,0.0020143,201.69619832027058,OPTIMAL,9,0
kmeans_per_convex,14,Gurobi,0.0961355,6.1062473,23.6920888,0.002929,0.0597442,109.72970211274563,OPTIMAL,56,44,0.001734,185.82109820443077,OPTIMAL,7,0
kmeans_per_convex,14,Gurobi,0.453079,5.0840112,22.615546,0.0025923,0.0590604,106.30654167669937,OPTIMAL,56,44,0.0017013,226.32033960929738,OPTIMAL,11,0
kmeans_per_convex,16,Gurobi,0.1259898,6.2161979,23.9751147,0.0025102,0.0627741,109.72921418931375,OPTIMAL,64,50,0.0017026,185.82109820443077,OPTIMAL,7,0
kmeans_per_convex,16,Gurobi,0.4509268,5.1392898,23.5155673,0.0026512,0.0578741,118.10248073051615,OPTIMAL,64,50,0.0015281,138.94902871815577,OPTIMAL,2,0
kmeans_per_convex,16,Gurobi,0.0997138,6.4318491,24.3291852,0.0028348,0.06297,109.7297119914309,OPTIMAL,64,50,0.0017652,185.82109820443077,OPTIMAL,7,0
kmeans_per_convex,16,Gurobi,0.4536033,5.0010914,22.3782434,0.0027495,0.0570153,106.29661675703824,OPTIMAL,64,50,0.001948,226.46590186219646,OPTIMAL,11,0
kmeans_per_convex,16,Gurobi,0.28204,5.4531094,23.1888128,0.0026929,0.0567662,108.06197918512187,OPTIMAL,64,50,0.0018624,201.69619832027058,OPTIMAL,9,0
kmeans_per_convex,16,Gurobi,0.1005357,5.9462332,23.9557692,0.0023939,0.0637198,109.72949452856419,OPTIMAL,64,50,0.0017363,185.82109820443077,OPTIMAL,7,0
kmeans_per_convex,16,Gurobi,0.4112584,5.0578024,22.6808184,0.0031153,0.0589022,107.39593718676784,OPTIMAL,64,50,0.0017809,210.71255644561347,OPTIMAL,11,0
kmeans_per_convex,16,Gurobi,0.1451629,6.3503926,24.4113978,0.0025983,0.069365,109.72921764780449,OPTIMAL,64,50,0.001605,185.82109820443077,OPTIMAL,7,0
kmeans_per_convex,16,Gurobi,0.4718341,5.2563878,23.0110086,0.0027928,0.0643012,109.72980588027262,OPTIMAL,64,50,0.0016671,185.82109820443077,OPTIMAL,7,0
kmeans_per_convex,16,Gurobi,0.2892761,5.8547353,23.0734238,0.0026728,0.0596746,109.72933628169656,OPTIMAL,64,50,0.0014532,185.82109820443077,OPTIMAL,7,0
kmeans_per_convex,18,Gurobi,0.093059,6.0487472,24.0506405,0.0031428,0.0689394,109.72918065258168,OPTIMAL,72,56,0.0015393,185.82109820443077,OPTIMAL,7,0
kmeans_per_convex,18,Gurobi,0.3995588,5.261712,22.6723932,0.0024986,0.0594995,118.10224603352026,OPTIMAL,72,56,0.0016573,138.94902871815577,OPTIMAL,2,0
kmeans_per_convex,18,Gurobi,0.0842269,6.0543759,24.3728307,0.0028575,0.0700261,109.72942664171387,OPTIMAL,72,56,0.0019149,185.82109820443077,OPTIMAL,7,0
kmeans_per_convex,18,Gurobi,0.4477784,5.2677125,22.6165362,0.0027701,0.0612704,108.06173325611061,OPTIMAL,72,56,0.0017792,201.69619832027058,OPTIMAL,9,0
kmeans_per_convex,18,Gurobi,0.265446,5.4591765,23.2564273,0.002645,0.0594365,108.06194688746871,OPTIMAL,72,56,0.001512,201.69619832027058,OPTIMAL,9,0
kmeans_per_convex,18,Gurobi,0.0936823,6.3298059,24.3507557,0.0026361,0.0694361,109.72922362266009,OPTIMAL,72,56,0.0017613,185.82109820443077,OPTIMAL,7,0
kmeans_per_convex,18,Gurobi,0.3970442,5.8370581,23.2584425,0.0025407,0.0581249,107.39608512243781,OPTIMAL,72,56,0.001764,210.71255644561347,OPTIMAL,11,0
kmeans_per_convex,18,Gurobi,0.092229,6.5694233,24.6377377,0.0026866,0.0714412,109.72933605307352,OPTIMAL,72,56,0.0015819,185.82109820443077,OPTIMAL,7,0
kmeans_per_convex,18,Gurobi,0.4572476,5.4199862,23.0030057,0.0025897,0.0585415,109.72981924028471,OPTIMAL,72,56,0.0014543,185.82109820443077,OPTIMAL,7,0
kmeans_per_convex,18,Gurobi,0.2947407,5.5639584,23.3298721,0.0025947,0.0603866,109.72928880392949,OPTIMAL,72,56,0.0014475,185.82109820443077,OPTIMAL,7,0
kmeans_per_convex,20,Gurobi,0.0928098,6.0550292,24.639823,0.003531,0.0706227,115.33087963739698,OPTIMAL,80,62,0.0016602,149.46885048912978,OPTIMAL,5,0
kmeans_per_convex,20,Gurobi,0.4056727,5.5695028,23.3836961,0.002711,0.058711,118.10242323748372,OPTIMAL,80,62,0.0018135,138.94902871815577,OPTIMAL,2,0
kmeans_per_convex,20,Gurobi,0.0872009,6.194065,24.7776485,0.0029339,0.071245,109.72912244061547,OPTIMAL,80,62,0.0017412,185.82109820443077,OPTIMAL,7,0
kmeans_per_convex,20,Gurobi,0.4430143,5.5697718,22.8646049,0.0030659,0.0598607,106.09889511871441,OPTIMAL,80,62,0.001959,229.29559696820036,OPTIMAL,11,0
kmeans_per_convex,20,Gurobi,0.2755706,5.6831406,23.5461576,0.0027413,0.0601918,111.64948398462826,OPTIMAL,80,62,0.0018651,171.53749295160168,OPTIMAL,6,0
kmeans_per_convex,20,Gurobi,0.0835785,6.4621068,25.8657653,0.0030617,0.0738283,109.72914463951888,OPTIMAL,80,62,0.0017121,185.82109820443077,OPTIMAL,7,0
kmeans_per_convex,20,Gurobi,0.4172686,5.907514,23.6290371,0.0027844,0.0602244,108.59041193907296,OPTIMAL,80,62,0.001711,195.8068340531778,OPTIMAL,8,0
kmeans_per_convex,20,Gurobi,0.0785404,6.0235646,24.7163868,0.0027009,0.0666861,111.83784124336309,OPTIMAL,80,62,0.0019679,170.25830714317578,OPTIMAL,5,0
kmeans_per_convex,20,Gurobi,0.438578,5.6226022,23.2321498,0.0042455,0.061426,111.83819253556779,OPTIMAL,80,62,0.0015229,170.25830714317578,OPTIMAL,5,0
kmeans_per_convex,20,Gurobi,0.0851299,6.0565651,25.0550305,0.0027845,0.0707693,109.72951474520615,OPTIMAL,80,62,0.0020989,185.82109820443077,OPTIMAL,7,0
kmedoids_cross_convex,2,Gurobi,0.0362702,2.0223689,7.9569961,0.0026247,0.017317,73.69857003329713,OPTIMAL,8,8,0.0015533,1417.4980372340422,OPTIMAL,50,0
kmedoids_cross_convex,2,Gurobi,0.0362162,1.639046,8.0269129,0.0022471,0.0222388,73.69857003329713,OPTIMAL,8,8,0.0010849,1417.4980372340422,OPTIMAL,50,0
kmedoids_cross_convex,2,Gurobi,0.0359376,1.7254481,8.4285357,0.0020968,0.0172143,73.69857003329713,OPTIMAL,8,8,0.0010602,1417.4980372340422,OPTIMAL,50,0
kmedoids_cross_convex,2,Gurobi,0.0357096,1.8043557,8.5395277,0.0022246,0.0179142,73.69857003329713,OPTIMAL,8,8,0.0012332,1417.4980372340422,OPTIMAL,50,0
kmedoids_cross_convex,2,Gurobi,0.0376677,1.8515759,8.8170384,0.0022571,0.0183118,73.69857003329713,OPTIMAL,8,8,0.0010236,1417.4980372340422,OPTIMAL,50,0
kmedoids_cross_convex,2,Gurobi,0.0361989,1.8360623,9.522999,0.0023735,0.0191036,73.69857003329713,OPTIMAL,8,8,0.0011491,1417.4980372340422,OPTIMAL,50,0
kmedoids_cross_convex,2,Gurobi,0.0380209,1.9269008,9.8160216,0.0026361,0.020384,73.69857003329713,OPTIMAL,8,8,0.0011859,1417.4980372340422,OPTIMAL,50,0
kmedoids_cross_convex,2,Gurobi,0.0455676,1.918817,9.7803553,0.002518,0.0208576,73.69857003329713,OPTIMAL,8,8,0.0011779,1417.4980372340422,OPTIMAL,50,0
kmedoids_cross_convex,2,Gurobi,0.0413598,2.0792508,10.0615425,0.0019717,0.0216338,73.69857003329713,OPTIMAL,8,8,0.0013808,1417.4980372340422,OPTIMAL,50,0
kmedoids_cross_convex,2,Gurobi,0.0442899,1.99137,10.4091766,0.0023001,0.0210859,73.69857003329713,OPTIMAL,8,8,0.0010965,1417.4980372340422,OPTIMAL,50,0
kmedoids_cross_convex,4,Gurobi,0.0677191,2.2395218,11.0384419,0.0024186,0.024174,73.69955596382687,OPTIMAL,16,14,0.00134,1417.4980372340422,OPTIMAL,50,0
kmedoids_cross_convex,4,Gurobi,1.2201563,1.7271515,8.0078885,0.00228,0.022166,73.69955596382687,OPTIMAL,16,14,0.0010678,1417.4980372340422,OPTIMAL,50,0
kmedoids_cross_convex,4,Gurobi,0.0684454,2.1071224,8.5716056,0.0025551,0.0218684,86.18009953532875,OPTIMAL,16,14,0.0012543,727.182647501017,OPTIMAL,27,0
kmedoids_cross_convex,4,Gurobi,0.071746,2.3234211,9.4438931,0.002422,0.0245475,79.44302645292883,OPTIMAL,16,14,0.001372,1041.435688069127,OPTIMAL,35,0
kmedoids_cross_convex,4,Gurobi,0.0777104,2.4594143,9.7753448,0.0024208,0.0245447,81.2199453652695,OPTIMAL,16,14,0.0017866,949.9813507222987,OPTIMAL,33,0
kmedoids_cross_convex,4,Gurobi,0.4364678,1.7489166,7.7160583,0.0025555,0.0215337,79.4411384074443,OPTIMAL,16,14,0.0013778,1041.435688069127,OPTIMAL,35,0
kmedoids_cross_convex,4,Gurobi,0.0632758,2.2078695,8.8101827,0.0023713,0.0215078,98.8053738937647,OPTIMAL,16,14,0.0015414,355.26452550095917,OPTIMAL,16,0
kmedoids_cross_convex,4,Gurobi,0.0663945,2.3896387,9.3068411,0.0024449,0.0242391,105.20297611360688,OPTIMAL,16,14,0.0013859,242.15435605367492,OPTIMAL,11,0
kmedoids_cross_convex,4,Gurobi,0.3098793,1.7456981,7.8531305,0.0023689,0.0210713,91.16916956567914,OPTIMAL,16,14,0.001358,561.8055335310564,OPTIMAL,21,0
kmedoids_cross_convex,4,Gurobi,0.0670333,2.1231146,8.8420785,0.0021155,0.0240689,105.20297611360688,OPTIMAL,16,14,0.0013336,242.15435605367492,OPTIMAL,11,0
kmedoids_cross_convex,6,Gurobi,0.0836247,2.3649411,9.2900413,0.0020834,0.02334,79.4424027065884,OPTIMAL,24,20,0.0014193,1041.435688069127,OPTIMAL,35,0
kmedoids_cross_convex,6,Gurobi,0.327391,1.7495112,8.1804707,0.0025734,0.022041,98.80302811909208,OPTIMAL,24,20,0.0014461,355.26452550095917,OPTIMAL,16,0
kmedoids_cross_convex,6,Gurobi,0.0867719,2.2043418,8.828699,0.0021871,0.0215009,84.40751749633166,OPTIMAL,24,20,0.0013552,800.8984682880243,OPTIMAL,29,0
kmedoids_cross_convex,6,Gurobi,0.2343972,1.8157095,7.7744667,0.0025644,0.0221465,93.75643456286618,OPTIMAL,24,20,0.0014593,486.08644508065447,OPTIMAL,20,0
kmedoids_cross_convex,6,Gurobi,0.0788997,2.2150852,8.8465845,0.0027845,0.0234436,98.80118816666024,OPTIMAL,24,20,0.0013147,355.26452550095917,OPTIMAL,16,0
kmedoids_cross_convex,6,Gurobi,0.2571498,1.7430317,7.9341775,0.0021854,0.0215062,97.87960991888424,OPTIMAL,24,20,0.0012292,376.8008269957,OPTIMAL,17,0
kmedoids_cross_convex,6,Gurobi,0.1846395,1.9694884,8.256715,0.0024176,0.0215204,103.33637802189756,OPTIMAL,24,20,0.0012333,271.79755913802023,OPTIMAL,12,0
kmedoids_cross_convex,6,Gurobi,0.0647227,2.264854,8.9039849,0.0026691,0.0252213,105.20089870102439,OPTIMAL,24,20,0.0014228,242.15435605367492,OPTIMAL,11,0
kmedoids_cross_convex,6,Gurobi,0.2399344,1.8181611,8.4392035,0.0024996,0.0229458,103.33400519784507,OPTIMAL,24,20,0.0012008,271.79755913802023,OPTIMAL,12,0
kmedoids_cross_convex,6,Gurobi,0.0888885,2.2000434,9.2750102,0.0020782,0.0248472,105.20319659591048,OPTIMAL,24,20,0.0012938,242.15435605367492,OPTIMAL,11,0
kmedoids_cross_convex,8,Gurobi,0.2474171,1.8410895,8.2952091,0.0025301,0.0232115,79.44355221806516,OPTIMAL,32,26,0.0014125,1041.435688069127,OPTIMAL,35,0
kmedoids_cross_convex,8,Gurobi,0.0802398,2.366045,8.7425103,0.0025896,0.0255414,98.80105413025039,OPTIMAL,32,26,0.0014881,355.26452550095917,OPTIMAL,16,0
kmedoids_cross_convex,8,Gurobi,0.2404251,1.909454,8.1956853,0.0029101,0.023224,84.40799027426978,OPTIMAL,32,26,0.0013193,800.8984682880243,OPTIMAL,29,0
kmedoids_cross_convex,8,Gurobi,0.1648584,2.0172801,8.2085584,0.0021195,0.0232545,105.2019984693518,OPTIMAL,32,26,0.0014172,242.15435605367492,OPTIMAL,11,0
kmedoids_cross_convex,8,Gurobi,0.1642214,2.1891043,8.740717,0.0028095,0.0242787,105.201654470996,OPTIMAL,32,26,0.0011748,242.15435605367492,OPTIMAL,11,0
kmedoids_cross_convex,8,Gurobi,0.1775466,2.1968968,8.7694211,0.0022144,0.0225757,105.20228978656552,OPTIMAL,32,26,0.0014374,242.15435605367492,OPTIMAL,11,0
kmedoids_cross_convex,8,Gurobi,0.1701668,2.2477874,8.6896432,0.0021418,0.0237251,103.33645071388825,OPTIMAL,32,26,0.0013168,271.79755913802023,OPTIMAL,12,0
kmedoids_cross_convex,8,Gurobi,0.0886777,2.505895,9.7393176,0.0024254,0.0270663,105.20183915981772,OPTIMAL,32,26,0.001096,242.15435605367492,OPTIMAL,11,0
kmedoids_cross_convex,8,Gurobi,0.2407901,2.0509136,8.6819388,0.0027113,0.0234374,103.3355351708245,OPTIMAL,32,26,0.0014644,271.79755913802023,OPTIMAL,12,0
kmedoids_cross_convex,8,Gurobi,0.1866764,2.2453069,9.0567556,0.0021307,0.0232772,105.20356348305229,OPTIMAL,32,26,0.0011695,242.15435605367492,OPTIMAL,11,0
kmedoids_cross_convex,10,Gurobi,0.1585294,2.2874081,8.9866984,0.0021856,0.0263346,88.63445953016638,OPTIMAL,40,32,0.0012473,640.2576685544719,OPTIMAL,22,0
kmedoids_cross_convex,10,Gurobi,0.1543068,2.3325199,9.4143836,0.0025777,0.0270942,98.80290392571351,OPTIMAL,40,32,0.0013513,355.26452550095917,OPTIMAL,16,0
kmedoids_cross_convex,10,Gurobi,0.0874256,2.6500772,10.1451053,0.0027113,0.0277021,103.33609911965966,OPTIMAL,40,32,0.001355,271.79755913802023,OPTIMAL,12,0
kmedoids_cross_convex,10,Gurobi,0.2384658,2.324792,9.4710777,0.0024406,0.0253004,105.20217448567374,OPTIMAL,40,32,0.0012697,242.15435605367492,OPTIMAL,11,0
kmedoids_cross_convex,10,Gurobi,0.1819567,2.4164215,9.710975,0.0026894,0.0263957,105.20249205420843,OPTIMAL,40,32,0.0010911,242.15435605367492,OPTIMAL,11,0
kmedoids_cross_convex,10,Gurobi,0.1719736,2.3771126,9.8829309,0.0024636,0.0263071,105.20149032972705,OPTIMAL,40,32,0.0013261,242.15435605367492,OPTIMAL,11,0
kmedoids_cross_convex,10,Gurobi,0.1621736,2.5007829,10.0731716,0.0019406,0.028337,103.33594698067427,OPTIMAL,40,32,0.0012556,271.79755913802023,OPTIMAL,12,0
kmedoids_cross_convex,10,Gurobi,0.1611097,2.5418899,10.3913366,0.002002,0.0292875,105.20299256614734,OPTIMAL,40,32,0.0016635,242.15435605367492,OPTIMAL,11,0
kmedoids_cross_convex,10,Gurobi,0.1542834,2.5597395,10.2417996,0.0025597,0.0250178,103.3365718754084,OPTIMAL,40,32,0.0011424,271.79755913802023,OPTIMAL,12,0
kmedoids_cross_convex,10,Gurobi,0.1705129,2.5011368,10.6412029,0.0020942,0.0245854,105.20273081729647,OPTIMAL,40,32,0.0012969,242.15435605367492,OPTIMAL,11,0
kmedoids_cross_convex,12,Gurobi,0.0845369,2.3703915,11.3582427,0.0025255,0.0286536,105.2029535915393,OPTIMAL,48,38,0.0011966,242.15435605367492,OPTIMAL,11,0
kmedoids_cross_convex,12,Gurobi,0.2542221,2.5612911,10.5498416,0.0022528,0.0285105,98.80282789994405,OPTIMAL,48,38,0.0013466,355.26452550095917,OPTIMAL,16,0
kmedoids_cross_convex,12,Gurobi,0.1992807,2.6730067,10.4713607,0.0024903,0.0299455,103.33714650331117,OPTIMAL,48,38,0.0013573,271.79755913802023,OPTIMAL,12,0
kmedoids_cross_convex,12,Gurobi,0.1610028,2.6163299,10.5608025,0.002411,0.031712,105.20219550071775,OPTIMAL,48,38,0.0012133,242.15435605367492,OPTIMAL,11,0
kmedoids_cross_convex,12,Gurobi,0.1672364,2.692086,11.1255833,0.0025566,0.0290711,105.20203080115559,OPTIMAL,48,38,0.0010789,242.15435605367492,OPTIMAL,11,0
kmedoids_cross_convex,12,Gurobi,0.1902179,2.6572154,11.2307161,0.0030493,0.0270386,105.20160773614985,OPTIMAL,48,38,0.0011804,242.15435605367492,OPTIMAL,11,0
kmedoids_cross_convex,12,Gurobi,0.1682637,2.7485429,11.6559483,0.0023978,0.0311438,103.3362004655414,OPTIMAL,48,38,0.0013305,271.79755913802023,OPTIMAL,12,0
kmedoids_cross_convex,12,Gurobi,0.1859875,2.76692,11.6048898,0.00292,0.0309138,105.20236408939692,OPTIMAL,48,38,0.0010904,242.15435605367492,OPTIMAL,11,0
kmedoids_cross_convex,12,Gurobi,0.1750893,2.6744443,11.5862687,0.0024233,0.0302803,105.20192092766352,OPTIMAL,48,38,0.0011086,242.15435605367492,OPTIMAL,11,0
kmedoids_cross_convex,12,Gurobi,0.1691734,2.9542493,11.4731509,0.002249,0.0324495,105.20213411609842,OPTIMAL,48,38,0.0012302,242.15435605367492,OPTIMAL,11,0
kmedoids_cross_convex,14,Gurobi,0.0874796,2.5140105,12.5827928,0.0029779,0.033391,115.5691603020397,OPTIMAL,56,44,0.0017281,148.05628224043727,OPTIMAL,4,0
kmedoids_cross_convex,14,Gurobi,0.2603909,2.7001655,11.3141183,0.0020924,0.031833,103.33659567267532,OPTIMAL,56,44,0.0018773,271.79755913802023,OPTIMAL,12,0
kmedoids_cross_convex,14,Gurobi,0.2289899,2.9894462,11.6086898,0.0034077,0.0328721,105.20294874217353,OPTIMAL,56,44,0.0011267,242.15435605367492,OPTIMAL,11,0
kmedoids_cross_convex,14,Gurobi,0.0807207,3.1952102,12.1254846,0.0025523,0.0304709,105.20262083908699,OPTIMAL,56,44,0.0011471,242.15435605367492,OPTIMAL,11,0
kmedoids_cross_convex,14,Gurobi,0.2806315,2.8769503,11.3551307,0.0021825,0.032031,115.56811207415527,OPTIMAL,56,44,0.0013472,148.05628224043727,OPTIMAL,4,0
kmedoids_cross_convex,14,Gurobi,0.213421,2.8767988,11.7064776,0.0027069,0.0323877,105.20166055762215,OPTIMAL,56,44,0.0014714,242.15435605367492,OPTIMAL,11,0
kmedoids_cross_convex,14,Gurobi,0.0778578,3.1280067,12.3437977,0.0025625,0.0321279,103.33638324856437,OPTIMAL,56,44,0.0013955,271.79755913802023,OPTIMAL,12,0
kmedoids_cross_convex,14,Gurobi,0.2756154,2.914756,12.0300578,0.0022981,0.0328142,105.20344433554696,OPTIMAL,56,44,0.0012959,242.15435605367492,OPTIMAL,11,0
kmedoids_cross_convex,14,Gurobi,0.1025762,3.2535826,12.4964951,0.0026219,0.0314401,115.56804120294696,OPTIMAL,56,44,0.0013376,148.05628224043727,OPTIMAL,4,0
kmedoids_cross_convex,14,Gurobi,0.2883328,2.7401998,11.9406247,0.0024365,0.030038,115.56838134778836,OPTIMAL,56,44,0.0011485,148.05628224043727,OPTIMAL,4,0
kmedoids_cross_convex,16,Gurobi,0.2150891,3.0183541,11.9561658,0.0027068,0.0323267,115.56860109030059,OPTIMAL,64,50,0.0013115,148.05628224043727,OPTIMAL,4,0
kmedoids_cross_convex,16,Gurobi,0.1708895,3.0838058,12.3635879,0.0027342,0.0322906,103.33661929834241,OPTIMAL,64,50,0.0014431,271.79755913802023,OPTIMAL,12,0
kmedoids_cross_convex,16,Gurobi,0.0939083,3.3336237,13.303207,0.0023363,0.032213,115.5690274225686,OPTIMAL,64,50,0.001275,148.05628224043727,OPTIMAL,4,0
kmedoids_cross_convex,16,Gurobi,0.271098,2.9082839,11.9123589,0.0022297,0.034419,105.20283178618762,OPTIMAL,64,50,0.001266,242.15435605367492,OPTIMAL,11,0
kmedoids_cross_convex,16,Gurobi,0.1937714,3.1851679,12.5239126,0.0024557,0.0349415,116.49894349438557,OPTIMAL,64,50,0.0013456,143.85740953862597,OPTIMAL,3,0
kmedoids_cross_convex,16,Gurobi,0.2021732,3.1766097,13.3571621,0.0027949,0.0350966,105.20129034553558,OPTIMAL,64,50,0.0021234,242.15435605367492,OPTIMAL,11,0
kmedoids_cross_convex,16,Gurobi,0.1653107,3.0846877,12.7841396,0.0031797,0.0328508,103.33660763382211,OPTIMAL,64,50,0.0019124,271.79755913802023,OPTIMAL,12,0
kmedoids_cross_convex,16,Gurobi,0.1652427,3.1061237,13.0524879,0.0031279,0.0350714,115.56903649519528,OPTIMAL,64,50,0.0018068,148.05628224043727,OPTIMAL,4,0
kmedoids_cross_convex,16,Gurobi,0.1570226,3.3695544,13.0927929,0.0026634,0.0349557,115.56798513409082,OPTIMAL,64,50,0.0014942,148.05628224043727,OPTIMAL,4,0
kmedoids_cross_convex,16,Gurobi,0.0730094,3.0291429,14.6075895,0.0028456,0.0380921,115.56781807864441,OPTIMAL,64,50,0.001451,148.05628224043727,OPTIMAL,4,0
kmedoids_cross_convex,18,Gurobi,0.2762589,3.2196896,13.3314433,0.0031776,0.0356688,115.56898944672216,OPTIMAL,72,56,0.001451,148.05628224043727,OPTIMAL,4,0
kmedoids_cross_convex,18,Gurobi,0.1855091,3.3085627,13.5463544,0.0026423,0.0400789,115.56830251773131,OPTIMAL,72,56,0.0013618,148.05628224043727,OPTIMAL,4,0
kmedoids_cross_convex,18,Gurobi,0.1709697,3.3351048,14.2551909,0.0027915,0.0449047,115.5687146581692,OPTIMAL,72,56,0.001768,148.05628224043727,OPTIMAL,4,0
kmedoids_cross_convex,18,Gurobi,0.1654728,3.338609,14.0505775,0.0028063,0.0375257,105.2025568106621,OPTIMAL,72,56,0.0018374,242.15435605367492,OPTIMAL,11,0
kmedoids_cross_convex,18,Gurobi,0.179352,3.3833881,14.0184732,0.0030884,0.0364963,116.49888273421692,OPTIMAL,72,56,0.0016843,143.85740953862597,OPTIMAL,3,0
kmedoids_cross_convex,18,Gurobi,0.2192129,3.2742306,14.0671688,0.0027323,0.039488,115.56763969682413,OPTIMAL,72,56,0.0015822,148.05628224043727,OPTIMAL,4,0
kmedoids_cross_convex,18,Gurobi,0.1731224,3.4428776,14.4042736,0.0028437,0.0379768,103.33677720450582,OPTIMAL,72,56,0.0019267,271.79755913802023,OPTIMAL,12,0
kmedoids_cross_convex,18,Gurobi,0.1713666,3.4973804,15.1700145,0.0027117,0.0403113,115.5690021935921,OPTIMAL,72,56,0.0018635,148.05628224043727,OPTIMAL,4,0
kmedoids_cross_convex,18,Gurobi,0.1799635,3.5022809,14.833119,0.0025833,0.0405274,115.5684788990202,OPTIMAL,72,56,0.0013963,148.05628224043727,OPTIMAL,4,0
kmedoids_cross_convex,18,Gurobi,0.1667208,3.5603428,15.0402406,0.0028495,0.0407193,115.56780482325408,OPTIMAL,72,56,0.0014738,148.05628224043727,OPTIMAL,4,0
kmedoids_cross_convex,20,Gurobi,0.1756173,3.4555827,15.1791246,0.0027236,0.0433095,115.5685801464103,OPTIMAL,80,62,0.0014058,148.05628224043727,OPTIMAL,4,0
kmedoids_cross_convex,20,Gurobi,0.1749358,3.6283353,15.3929874,0.0029675,0.0416125,116.49929999770181,OPTIMAL,80,62,0.0017998,143.85740953862597,OPTIMAL,3,0
kmedoids_cross_convex,20,Gurobi,0.2041134,3.7684318,15.6727326,0.0025648,0.0430625,115.56805852922051,OPTIMAL,80,62,0.0014921,148.05628224043727,OPTIMAL,4,0
kmedoids_cross_convex,20,Gurobi,0.1757834,3.6270305,15.8934648,0.0025927,0.0411264,115.56881020910244,OPTIMAL,80,62,0.0015069,148.05628224043727,OPTIMAL,4,0
kmedoids_cross_convex,20,Gurobi,0.2007315,3.7398228,15.6820248,0.0024587,0.0413099,116.4988858394632,OPTIMAL,80,62,0.001504,143.85740953862597,OPTIMAL,3,0
kmedoids_cross_convex,20,Gurobi,0.1940129,3.7607809,15.6676637,0.0030414,0.0423583,115.56769815091796,OPTIMAL,80,62,0.0016395,148.05628224043727,OPTIMAL,4,0
kmedoids_cross_convex,20,Gurobi,0.1814015,3.7612983,16.5462861,0.0027,0.0428762,103.33696542715941,OPTIMAL,80,62,0.0017774,271.79755913802023,OPTIMAL,12,0
kmedoids_cross_convex,20,Gurobi,0.1817711,3.9738677,16.3853186,0.002835,0.0413212,116.4996419152296,OPTIMAL,80,62,0.0016714,143.85740953862597,OPTIMAL,3,0
kmedoids_cross_convex,20,Gurobi,0.1807524,3.9494941,16.7397393,0.0030083,0.0483001,115.56862720925183,OPTIMAL,80,62,0.0016656,148.05628224043727,OPTIMAL,4,0
kmedoids_cross_convex,20,Gurobi,0.1890846,3.873811,16.5422827,0.0026949,0.041016,115.5676550499833,OPTIMAL,80,62,0.001551,148.05628224043727,OPTIMAL,4,0
kmedoids_per_convex,2,Gurobi,0.0384579,3.2461353,16.5774008,0.0024163,0.0343046,73.69857285291701,OPTIMAL,8,8,0.0019642,1417.4980372340422,OPTIMAL,50,0
kmedoids_per_convex,2,Gurobi,0.0435137,3.0126647,16.3561673,0.0023861,0.0321465,73.69857285291701,OPTIMAL,8,8,0.0014288,1417.4980372340422,OPTIMAL,50,0
kmedoids_per_convex,2,Gurobi,0.0393253,3.261841,16.8651428,0.002667,0.0312513,73.69857285291701,OPTIMAL,8,8,0.0016495,1417.4980372340422,OPTIMAL,50,0
kmedoids_per_convex,2,Gurobi,0.0394981,3.2025647,16.9283023,0.0023447,0.0345191,73.69857285291701,OPTIMAL,8,8,0.0015059,1417.4980372340422,OPTIMAL,50,0
kmedoids_per_convex,2,Gurobi,0.0392006,3.3895231,17.095611,0.0022592,0.028997,73.69857285291701,OPTIMAL,8,8,0.0016133,1417.4980372340422,OPTIMAL,50,0
kmedoids_per_convex,2,Gurobi,0.0419819,3.7036457,17.6641783,0.0025175,0.0302258,73.69857285291701,OPTIMAL,8,8,0.0014633,1417.4980372340422,OPTIMAL,50,0
kmedoids_per_convex,2,Gurobi,0.0403346,3.4194231,18.040209,0.002391,0.0337505,73.69857285291701,OPTIMAL,8,8,0.0015192,1417.4980372340422,OPTIMAL,50,0
kmedoids_per_convex,2,Gurobi,0.0467273,3.4785449,18.3563489,0.0023773,0.0336864,73.69857285291701,OPTIMAL,8,8,0.0018623,1417.4980372340422,OPTIMAL,50,0
kmedoids_per_convex,2,Gurobi,0.0426319,3.6167958,18.7665891,0.0021564,0.0341854,73.69857285291701,OPTIMAL,8,8,0.0016254,1417.4980372340422,OPTIMAL,50,0
kmedoids_per_convex,2,Gurobi,1.4390143,3.3336405,15.9325694,0.0024136,0.0351898,73.69857285291701,OPTIMAL,8,8,0.0014793,1417.4980372340422,OPTIMAL,50,0
kmedoids_per_convex,4,Gurobi,0.0785402,4.1432729,16.958273,0.0022912,0.0368249,86.17935868022272,OPTIMAL,16,14,0.0021345,727.182647501017,OPTIMAL,27,0
kmedoids_per_convex,4,Gurobi,0.0916602,4.334826,17.5089421,0.0030252,0.0409211,93.76015039364607,OPTIMAL,16,14,0.0016833,486.08644508065447,OPTIMAL,20,0
kmedoids_per_convex,4,Gurobi,0.0913809,4.3939019,18.0915757,0.0026839,0.0424952,91.17069490506807,OPTIMAL,16,14,0.0015138,561.8055335310564,OPTIMAL,21,0
kmedoids_per_convex,4,Gurobi,0.077183,4.4453583,18.1042685,0.0032041,0.0438111,84.41113865197644,OPTIMAL,16,14,0.0016887,800.8984682880243,OPTIMAL,29,0
kmedoids_per_convex,4,Gurobi,0.7470254,3.5299474,15.8861804,0.0025425,0.0401877,86.17973780807459,OPTIMAL,16,14,0.0017812,727.182647501017,OPTIMAL,27,0
kmedoids_per_convex,4,Gurobi,0.0691194,4.0783409,16.8447637,0.0027657,0.0375254,79.4421329530197,OPTIMAL,16,14,0.0017619,1041.435688069127,OPTIMAL,35,0
kmedoids_per_convex,4,Gurobi,0.0749067,4.3597436,17.6973177,0.002481,0.0464292,79.44337836141558,OPTIMAL,16,14,0.0014635,1041.435688069127,OPTIMAL,35,0
kmedoids_per_convex,4,Gurobi,0.0781506,4.5181714,18.0220409,0.0025473,0.0432779,79.44274147906333,OPTIMAL,16,14,0.0015902,1041.435688069127,OPTIMAL,35,0
kmedoids_per_convex,4,Gurobi,0.0715822,4.6287526,18.431864,0.0021728,0.0410799,84.40879060896324,OPTIMAL,16,14,0.0018833,800.8984682880243,OPTIMAL,29,0
kmedoids_per_convex,4,Gurobi,0.0879648,4.6552925,18.8709547,0.0026107,0.860033,91.17273802971398,OPTIMAL,16,14,0.0018922,561.8055335310564,OPTIMAL,21,0
kmedoids_per_convex,6,Gurobi,0.0875919,3.7072581,16.1391678,0.002699,0.0425165,97.88146148393372,OPTIMAL,24,20,0.001847,376.8008269957,OPTIMAL,17,0
kmedoids_per_convex,6,Gurobi,0.0915237,4.2479191,17.1745183,0.00241,0.0399428,98.80175257645801,OPTIMAL,24,20,0.0015849,355.26452550095917,OPTIMAL,16,0
kmedoids_per_convex,6,Gurobi,0.092838,4.4400609,17.4860866,0.0032048,0.0411869,97.88117740966,OPTIMAL,24,20,0.00173,376.8008269957,OPTIMAL,17,0
kmedoids_per_convex,6,Gurobi,0.5571917,3.5144757,16.0622514,0.0023422,0.0446829,87.56558340406848,OPTIMAL,24,20,0.0018728,675.1467229161412,OPTIMAL,23,0
kmedoids_per_convex,6,Gurobi,0.0910221,4.6942859,17.258833,0.0023638,0.0394129,98.80226632156145,OPTIMAL,24,20,0.0016665,355.26452550095917,OPTIMAL,16,0
kmedoids_per_convex,6,Gurobi,0.0904289,4.3927233,18.0495496,0.0026764,0.0451457,79.44020984031123,OPTIMAL,24,20,0.001854,1041.435688069127,OPTIMAL,35,0
kmedoids_per_convex,6,Gurobi,0.499524,3.5678227,15.7044429,0.00245,0.0393265,97.88179309424336,OPTIMAL,24,20,0.0018077,376.8008269957,OPTIMAL,17,0
kmedoids_per_convex,6,Gurobi,0.0940537,4.111092,16.7537264,0.0025159,0.0395983,83.95022492373884,OPTIMAL,24,20,0.001594,820.7764583124821,OPTIMAL,30,0
kmedoids_per_convex,6,Gurobi,0.0916255,4.4292997,17.8300528,0.0027144,0.0447209,83.95224352042978,OPTIMAL,24,20,0.0014165,820.7764583124821,OPTIMAL,30,0
kmedoids_per_convex,6,Gurobi,0.4803468,3.3787083,15.5725881,0.0026998,0.0398148,103.3374886231298,OPTIMAL,24,20,0.0017835,271.79755913802023,OPTIMAL,12,0
kmedoids_per_convex,8,Gurobi,0.0960358,4.2630593,16.8686039,0.0026312,0.0404637,105.20182283069876,OPTIMAL,32,26,0.001856,242.15435605367492,OPTIMAL,11,0
kmedoids_per_convex,8,Gurobi,0.0968019,4.4099998,17.8196933,0.0023512,0.0465415,105.20144163005243,OPTIMAL,32,26,0.0015311,242.15435605367492,OPTIMAL,11,0
kmedoids_per_convex,8,Gurobi,0.5121243,3.5742319,15.6921015,0.0025786,0.0393934,88.63256153456943,OPTIMAL,32,26,0.001947,640.2576685544719,OPTIMAL,22,0
kmedoids_per_convex,8,Gurobi,0.0936822,4.1854629,17.1293532,0.0026173,0.0396023,105.20233046611241,OPTIMAL,32,26,0.0015928,242.15435605367492,OPTIMAL,11,0
kmedoids_per_convex,8,Gurobi,0.368653,3.3860504,16.0600827,0.0026114,0.0433222,105.20249837693237,OPTIMAL,32,26,0.001609,242.15435605367492,OPTIMAL,11,0
kmedoids_per_convex,8,Gurobi,0.1079846,4.4508971,17.0754469,0.0023848,0.0396125,105.20197308422831,OPTIMAL,32,26,0.001715,242.15435605367492,OPTIMAL,11,0
kmedoids_per_convex,8,Gurobi,0.0927991,4.4843348,17.7855688,0.0024302,0.04553,103.3369665073299,OPTIMAL,32,26,0.0017532,271.79755913802023,OPTIMAL,12,0
kmedoids_per_convex,8,Gurobi,0.5029026,3.4750831,15.7249902,0.0028033,0.0398923,87.01424186328518,OPTIMAL,32,26,0.0017734,695.0824249803078,OPTIMAL,26,0
kmedoids_per_convex,8,Gurobi,0.0940382,4.114654,16.9204519,0.0025126,0.0418487,87.01534797165236,OPTIMAL,32,26,0.0018375,695.0824249803078,OPTIMAL,26,0
kmedoids_per_convex,8,Gurobi,0.3646008,3.4484642,15.621473,0.0023292,0.039706,103.3361942123449,OPTIMAL,32,26,0.0016872,271.79755913802023,OPTIMAL,12,0
kmedoids_per_convex,10,Gurobi,0.0880378,4.2715697,17.0474514,0.0025932,0.0422295,105.20308007174776,OPTIMAL,40,32,0.0020795,242.15435605367492,OPTIMAL,11,0
kmedoids_per_convex,10,Gurobi,0.3746943,3.501879,15.2449522,0.0023742,0.0387253,105.20301340729965,OPTIMAL,40,32,0.0013106,242.15435605367492,OPTIMAL,11,0
kmedoids_per_convex,10,Gurobi,0.0974113,4.4404992,16.9128953,0.0033017,0.0423136,105.20278671837356,OPTIMAL,40,32,0.0015817,242.15435605367492,OPTIMAL,11,0
kmedoids_per_convex,10,Gurobi,0.3763264,3.5771482,15.9415083,0.0027783,0.0409813,115.5686837403545,OPTIMAL,40,32,0.0013279,148.05628224043727,OPTIMAL,4,0
kmedoids_per_convex,10,Gurobi,0.0898883,4.2210178,16.7648611,0.0027816,0.0397427,105.20252911504474,OPTIMAL,40,32,0.0015432,242.15435605367492,OPTIMAL,11,0
kmedoids_per_convex,10,Gurobi,0.3791968,3.3183858,15.4120197,0.0024413,0.0384224,105.2018847631401,OPTIMAL,40,32,0.0012826,242.15435605367492,OPTIMAL,11,0
kmedoids_per_convex,10,Gurobi,0.0982524,4.0631706,16.7127272,0.0022884,0.0410164,109.88309827836929,OPTIMAL,40,32,0.0013453,184.46180242771106,OPTIMAL,6,0
kmedoids_per_convex,10,Gurobi,0.3709879,3.4973849,16.0250289,0.0028684,0.0418997,97.88015107769696,OPTIMAL,40,32,0.0021688,376.8008269957,OPTIMAL,17,0
kmedoids_per_convex,10,Gurobi,0.102575,4.4010305,17.5431821,0.0028328,0.0402413,103.33517433865177,OPTIMAL,40,32,0.0017618,271.79755913802023,OPTIMAL,12,0
kmedoids_per_convex,10,Gurobi,0.3676356,3.6003084,16.2279257,0.002422,0.040394,103.33661948252798,OPTIMAL,40,32,0.0016716,271.79755913802023,OPTIMAL,12,0
kmedoids_per_convex,12,Gurobi,0.0930136,4.4499529,17.0841699,0.0026954,0.0439095,105.20190875929346,OPTIMAL,48,38,0.0015133,242.15435605367492,OPTIMAL,11,0
kmedoids_per_convex,12,Gurobi,0.0918052,4.6549634,18.0677408,0.0024551,0.0473803,115.56695517492935,OPTIMAL,48,38,0.0018454,148.05628224043727,OPTIMAL,4,0
kmedoids_per_convex,12,Gurobi,0.479481,3.5727517,15.9510898,0.0025071,0.0417605,105.20083947260343,OPTIMAL,48,38,0.0015536,242.15435605367492,OPTIMAL,11,0
kmedoids_per_convex,12,Gurobi,0.2434143,3.7223225,16.2115772,0.0025145,0.0420243,115.56857882763589,OPTIMAL,48,38,0.0017887,148.05628224043727,OPTIMAL,4,0
kmedoids_per_convex,12,Gurobi,0.0833884,4.1902672,16.6703713,0.0025646,0.043216,115.56889804685397,OPTIMAL,48,38,0.0014198,148.05628224043727,OPTIMAL,4,0
kmedoids_per_convex,12,Gurobi,0.0841263,4.3820126,17.5936255,0.0028418,0.0477862,105.20230884238782,OPTIMAL,48,38,0.001817,242.15435605367492,OPTIMAL,11,0
kmedoids_per_convex,12,Gurobi,0.4540303,3.7447886,15.9329253,0.0031125,0.0420576,115.56849774969716,OPTIMAL,48,38,0.0017415,148.05628224043727,OPTIMAL,4,0
kmedoids_per_convex,12,Gurobi,0.2438806,3.951619,16.276679,0.0032358,0.0434534,105.20246316990402,OPTIMAL,48,38,0.0017112,242.15435605367492,OPTIMAL,11,0
kmedoids_per_convex,12,Gurobi,0.0913282,4.3450374,16.8559475,0.0025731,0.0444013,103.33505476255876,OPTIMAL,48,38,0.0017978,271.79755913802023,OPTIMAL,12,0
kmedoids_per_convex,12,Gurobi,0.3452549,3.6466239,16.0349714,0.0031239,0.0398654,105.20263241000217,OPTIMAL,48,38,0.0015777,242.15435605367492,OPTIMAL,11,0
kmedoids_per_convex,14,Gurobi,0.097427,4.465391,17.050517,0.002397,0.0479356,115.5687004063003,OPTIMAL,56,44,0.0020275,148.05628224043727,OPTIMAL,4,0
kmedoids_per_convex,14,Gurobi,0.3788429,3.8262999,16.1902745,0.0035689,0.0417453,115.5676825435968,OPTIMAL,56,44,0.0015415,148.05628224043727,OPTIMAL,4,0
kmedoids_per_convex,14,Gurobi,0.2343049,3.9985739,16.7122975,0.0024457,0.0410303,115.56814420113716,OPTIMAL,56,44,0.0013579,148.05628224043727,OPTIMAL,4,0
kmedoids_per_convex,14,Gurobi,0.0884276,4.3589135,18.315826,0.0024624,0.05933,115.56886116296933,OPTIMAL,56,44,0.0017116,148.05628224043727,OPTIMAL,4,0
kmedoids_per_convex,14,Gurobi,0.4340521,4.4864789,16.8997301,0.0026699,0.0415741,115.56927128961325,OPTIMAL,56,44,0.0014984,148.05628224043727,OPTIMAL,4,0
kmedoids_per_convex,14,Gurobi,0.0904823,4.5930013,17.353,0.0026403,0.046382,115.56853739581658,OPTIMAL,56,44,0.0014565,148.05628224043727,OPTIMAL,4,0
kmedoids_per_convex,14,Gurobi,0.3606825,4.0277274,16.3554207,0.0025435,0.039743,116.5000080803737,OPTIMAL,56,44,0.0015756,143.85740953862597,OPTIMAL,3,0
kmedoids_per_convex,14,Gurobi,0.2317735,4.1242161,16.7371471,0.0034448,0.0398103,103.33722830727272,OPTIMAL,56,44,0.0018433,271.79755913802023,OPTIMAL,12,0
kmedoids_per_convex,14,Gurobi,0.0899749,4.4298518,17.2775407,0.0025859,0.0484696,105.2021143583042,OPTIMAL,56,44,0.001868,242.15435605367492,OPTIMAL,11,0
kmedoids_per_convex,14,Gurobi,0.4110209,4.0195004,16.3499845,0.0033047,0.0421316,115.56894792104872,OPTIMAL,56,44,0.0016216,148.05628224043727,OPTIMAL,4,0
kmedoids_per_convex,16,Gurobi,0.0820856,4.6079579,17.578954,0.0025471,0.0532609,116.4990784024074,OPTIMAL,64,50,0.0015713,143.85740953862597,OPTIMAL,3,0
kmedoids_per_convex,16,Gurobi,0.3581836,3.9296801,16.6188694,0.0025413,0.0417714,115.56771659401755,OPTIMAL,64,50,0.001533,148.05628224043727,OPTIMAL,4,0
kmedoids_per_convex,16,Gurobi,0.2328624,3.9138834,17.1161828,0.0035948,0.0445899,115.56787113764238,OPTIMAL,64,50,0.0014077,148.05628224043727,OPTIMAL,4,0
kmedoids_per_convex,16,Gurobi,0.0886462,4.4785982,18.1057246,0.0026596,0.052296,115.56802494397355,OPTIMAL,64,50,0.0015386,148.05628224043727,OPTIMAL,4,0
kmedoids_per_convex,16,Gurobi,0.3465809,4.1092983,16.7662054,0.003689,0.0419575,115.56847108054922,OPTIMAL,64,50,0.0016984,148.05628224043727,OPTIMAL,4,0
kmedoids_per_convex,16,Gurobi,0.227965,3.9499062,17.043206,0.0026778,0.0445668,105.20183529964403,OPTIMAL,64,50,0.0018117,242.15435605367492,OPTIMAL,11,0
kmedoids_per_convex,16,Gurobi,0.0811928,4.7243344,17.6408891,0.0025458,0.0450621,116.49839607931227,OPTIMAL,64,50,0.0017894,143.85740953862597,OPTIMAL,3,0
kmedoids_per_convex,16,Gurobi,0.3243679,4.2065892,16.9421703,0.0026394,0.0450353,115.5687777805452,OPTIMAL,64,50,0.0016675,148.05628224043727,OPTIMAL,4,0
kmedoids_per_convex,16,Gurobi,0.087198,4.535773,17.9776547,0.0026628,0.0473751,115.56799911838904,OPTIMAL,64,50,0.0015138,148.05628224043727,OPTIMAL,4,0
kmedoids_per_convex,16,Gurobi,0.3457384,4.1034743,16.7881154,0.0026332,0.0423284,115.56885974981697,OPTIMAL,64,50,0.0015122,148.05628224043727,OPTIMAL,4,0
kmedoids_per_convex,18,Gurobi,0.2291531,4.0185255,17.0661744,0.0026913,0.0448829,116.49903473624123,OPTIMAL,72,56,0.0016139,143.85740953862597,OPTIMAL,3,0
kmedoids_per_convex,18,Gurobi,0.0826461,4.5871302,17.6554831,0.0029555,0.0500007,126.22453412237824,OPTIMAL,72,56,0.0018215,126.24281478190328,OPTIMAL,0,0
kmedoids_per_convex,18,Gurobi,0.3124383,4.0917015,16.6197465,0.0028262,0.0442468,115.56789466536074,OPTIMAL,72,56,0.0018933,148.05628224043727,OPTIMAL,4,0
kmedoids_per_convex,18,Gurobi,0.2140664,4.1171874,16.9605394,0.002641,0.044153,115.56863811742845,OPTIMAL,72,56,0.0015664,148.05628224043727,OPTIMAL,4,0
kmedoids_per_convex,18,Gurobi,0.0902606,4.5164681,17.5841891,0.0026991,0.0516251,126.23245529417558,OPTIMAL,72,56,0.0021026,126.24464817620499,OPTIMAL,0,0
kmedoids_per_convex,18,Gurobi,0.3268346,4.1112307,16.7818373,0.0026383,0.045044,105.20286818144184,OPTIMAL,72,56,0.0019904,242.15435605367492,OPTIMAL,11,0
kmedoids_per_convex,18,Gurobi,0.2235588,3.9344392,16.9327948,0.002514,0.0446932,116.49950199435195,OPTIMAL,72,56,0.0016439,143.85740953862597,OPTIMAL,3,0
kmedoids_per_convex,18,Gurobi,0.1992257,4.1219458,17.1302097,0.0025543,0.0458794,115.56802726266709,OPTIMAL,72,56,0.0015369,148.05628224043727,OPTIMAL,4,0
kmedoids_per_convex,18,Gurobi,0.0888175,4.6160185,18.3543305,0.0027177,0.0518528,115.5677668400781,OPTIMAL,72,56,0.0014543,148.05628224043727,OPTIMAL,4,0
kmedoids_per_convex,18,Gurobi,0.3193517,4.0697671,16.986597,0.0025475,0.0449042,115.56855349607198,OPTIMAL,72,56,0.0014004,148.05628224043727,OPTIMAL,4,0
kmedoids_per_convex,20,Gurobi,0.0805325,5.0910061,21.0679806,0.0028713,0.0620075,115.56790912977122,OPTIMAL,80,62,0.0014746,148.05628224043727,OPTIMAL,4,0
kmedoids_per_convex,20,Gurobi,0.4578125,4.6424541,19.4238823,0.0029696,0.047492,126.25233307956509,OPTIMAL,80,62,0.0019395,126.24470843191884,OPTIMAL,0,0
kmedoids_per_convex,20,Gurobi,0.2536528,4.7957076,19.3436776,0.0033596,0.0449914,115.56823895765329,OPTIMAL,80,62,0.0017,148.05628224043727,OPTIMAL,4,0
kmedoids_per_convex,20,Gurobi,0.0945839,4.5635146,18.4613058,0.003056,0.0524993,115.56820203272538,OPTIMAL,80,62,0.001269,148.05628224043727,OPTIMAL,4,0
kmedoids_per_convex,20,Gurobi,0.3218595,4.3947404,17.3359625,0.0030036,0.0456031,126.23588233899665,OPTIMAL,80,62,0.0018877,126.24291218545181,OPTIMAL,0,0
kmedoids_per_convex,20,Gurobi,0.2346461,4.5464784,17.5830987,0.0023924,0.0458673,115.56862355209438,OPTIMAL,80,62,0.0021792,148.05628224043727,OPTIMAL,4,0
kmedoids_per_convex,20,Gurobi,0.2011203,4.3468361,17.6013415,0.0032224,0.0528073,116.49880483942259,OPTIMAL,80,62,0.001655,143.85740953862597,OPTIMAL,3,0
kmedoids_per_convex,20,Gurobi,0.0866256,4.6726669,18.473098,0.0028768,0.0482582,115.56827554949702,OPTIMAL,80,62,0.0015209,148.05628224043727,OPTIMAL,4,0
kmedoids_per_convex,20,Gurobi,0.3310216,4.1621958,17.8256191,0.0029468,0.047242,115.56759116122892,OPTIMAL,80,62,0.0016215,148.05628224043727,OPTIMAL,4,0
kmedoids_per_convex,20,Gurobi,0.2258574,4.4679211,18.2918133,0.0028452,0.0474399,115.56891787599749,OPTIMAL,80,62,0.0016414,148.05628224043727,OPTIMAL,4,0
