base_name,rp,n_experiment,time_to_cluster_mean,time_to_read_mean,time_to_create_mean,time_to_solve_mean,time_to_save_mean,total_time_mean,rel_regret_mean,num_loss_of_load_e_demand_mean,loss_of_load_e_demand_mean
0_HourlyBenchmark,1,1,0.0,1.4667426,5.1857408,2.8850528,0.5428945,10.080430699999999,0.0,0.0,0.0
kmeans_cross_dirac,20,1,0.28954753999999994,0.7440673399999999,1.53639108,0.033797719999999996,0.03283322,2.6366369,177.16727913776836,940.0,65.7019144135606
kmeans_cross_dirac,40,1,0.16966905999999998,0.69251444,1.6087797000000001,0.0697243,0.0460772,2.5867647000000002,59.29875865763504,510.4,21.99562236669472
kmeans_cross_dirac,60,1,0.65446174,0.9763970799999999,2.70228898,0.1470684,0.05825925999999999,4.53847546,32.15974698729861,347.8,11.931548427408982
kmeans_cross_dirac,80,1,0.17699766,0.63865038,1.3211112,0.22062350000000003,0.06333617999999999,2.4207189199999997,27.966417519576716,299.8,10.376232808978028
kmeans_cross_dirac,100,1,0.5038957000000001,0.7062177000000001,1.6626809200000001,0.36626810000000004,0.07442718,3.3134895999999996,29.11822333838304,307.2,10.803421587021628
kmeans_cross_dirac,150,1,0.31700026000000003,0.75842852,1.87191148,0.41202744,0.10161644,3.4609841400000008,8.792227037401947,129.6,3.2647370122146127
kmeans_cross_dirac,300,1,1.02724054,0.9290174999999999,2.11122204,0.8857872200000001,0.28261616,5.235883459999999,1.1795025829388437,28.0,0.4399271713889762
kmeans_cross_dirac,450,1,1.46153282,1.2835298400000001,3.24937684,1.8753282800000002,0.35451266,8.22428044,0.5365801587973494,13.6,0.20059304715333467
kmeans_per_dirac,20,1,0.0672384,0.73023258,1.8833209400000004,0.03632888,0.02922792,2.7463487200000003,189.20005360936264,936.0,70.16257871397696
kmeans_per_dirac,40,1,0.0642684,0.44034639999999997,0.9495883199999999,0.07178183999999999,0.03358514,1.5595701,57.017196208902554,450.4,21.148992223662425
kmeans_per_dirac,60,1,0.12724184,0.66447726,1.49939018,0.13514172,0.05025488,2.47650588,31.322773931757062,338.4,11.62105375290857
kmeans_per_dirac,80,1,0.08975587999999998,0.8761084,1.8193273599999997,0.18535582,0.06118422,3.0317316800000005,30.45032328313683,308.4,11.297250448659316
kmeans_per_dirac,100,1,0.1644773,0.8442517200000001,1.70054726,0.25857136,0.07721167999999999,3.04505932,10.90931415234084,156.0,4.050099465807175
kmeans_per_dirac,150,1,0.24441185999999998,0.88547146,2.0512226,0.36881810000000004,0.10676071999999999,3.65668474,6.12900918842597,106.4,2.276921278870194
kmeans_per_dirac,300,1,0.48138954,1.3600214999999998,3.95518524,1.27582486,0.32283854,7.395259680000001,2.036542777117467,43.2,0.758107924383537
kmeans_per_dirac,450,1,0.8319410599999999,1.2522408,3.16331292,1.8898893600000002,0.35934404,7.496728180000001,0.6504296535720382,15.2,0.24300603098338364
kmedoids_cross_dirac,20,1,0.06731183999999998,0.55873364,1.31604298,0.029178440000000007,0.027377639999999998,1.9986445400000001,16.955189196062886,212.6,6.292567463479436
kmedoids_cross_dirac,40,1,0.11874856,0.6555139600000001,1.4177161999999999,0.060146960000000006,0.04042938,2.29255506,7.843334699381165,118.0,2.9126154842314107
kmedoids_cross_dirac,60,1,0.5693481200000001,0.6748459,1.5341133,0.08720222000000001,0.05065561999999999,2.9161651600000003,5.986946265953667,99.6,2.2240926778656274
kmedoids_cross_dirac,80,1,0.18924262,0.74299904,1.64531278,0.20012575999999999,0.06444012,2.8421203200000003,0.6373982287808121,17.0,0.2381607380971582
kmedoids_cross_dirac,100,1,0.19868726,0.71578602,1.6772304599999999,0.26292038,0.07617328,2.9307973999999994,0.3505719449607751,11.4,0.1315792785369351
kmedoids_cross_dirac,150,1,0.30364488,0.7457841399999999,1.89331492,0.39622754,0.10560496,3.44457644,0.31933754538282344,10.2,0.11995304249683643
kmedoids_cross_dirac,300,1,1.25614012,1.00996218,2.1056027999999998,1.0238279399999999,0.1958169,5.591349940000001,0.055748125166861395,3.0,0.021447915030881594
kmedoids_cross_dirac,450,1,1.32073026,1.1434638799999999,2.70699424,1.56882544,0.27824558,7.018259400000001,0.10195897490015815,4.0,0.038623203504000704
kmedoids_per_dirac,20,1,0.06651234,0.6923060600000001,1.6672654000000002,0.027032439999999998,0.02921518,2.4823314200000004,75.20236074333295,554.4,27.892638068532598
kmedoids_per_dirac,40,1,0.06417189999999999,0.4458787,0.96701166,0.062344580000000004,0.0329283,1.57233514,8.418796166443062,129.0,3.1264226471630225
kmedoids_per_dirac,60,1,0.11702545999999998,0.68211206,1.4511077000000001,0.10559403999999999,0.05029648,2.4061357400000003,4.196158412385324,65.6,1.5587976247455193
kmedoids_per_dirac,80,1,0.09788268,0.8220606799999999,1.90482084,0.17147716,0.0622359,3.05847726,2.2216412972918054,37.2,0.8258182731572464
kmedoids_per_dirac,100,1,0.14182920000000002,0.81256558,1.82123184,0.28119194,0.08991324,3.1467318,0.18736402572274785,6.8,0.07061670183467954
kmedoids_per_dirac,150,1,0.20938342,1.04039638,2.4190722599999996,0.39609646,0.13522604,4.20017456,0.07479068655569666,4.0,0.028658571153419167
kmedoids_per_dirac,300,1,0.3954529,1.05739266,2.42431484,1.0246303,0.24163794000000002,5.143428640000001,0.04500658551038463,2.4,0.017380189635158815
kmedoids_per_dirac,450,1,0.88190346,1.15991748,3.14111362,1.7916977600000004,0.3211307199999999,7.29576304,0.03892434636393567,2.0,0.014948129417002054
0_HourlyBenchmark,1,2,0.0,1.6396075,2.9835349,2.2508031,0.4452631,7.3192086,0.0,0.0,0.0
kmeans_cross_dirac,20,2,0.10040768,0.59349878,1.2849479799999997,0.03525098,0.030759380000000003,2.0448648000000005,144.26508588414185,833.4,51.683295454749896
kmeans_cross_dirac,40,2,0.16699446,0.6650313,1.3285235400000002,0.0760721,0.039352540000000005,2.27597394,89.95907201960748,627.2,32.23061628539104
kmeans_cross_dirac,60,2,0.1641619,0.65352148,1.4531604799999998,0.15375033999999999,0.04959148000000001,2.47418568,69.6536703093507,517.4,24.956735884475062
kmeans_cross_dirac,80,2,0.21859906,0.8596807600000002,2.1599473799999998,0.20479637999999997,0.06317621999999999,3.5061998,49.07983418721055,394.2,17.5875647347468
kmeans_cross_dirac,100,2,0.16810902,0.79006526,1.6314065800000002,0.28669979999999995,0.07735398,2.95363464,33.95907459230888,299.8,12.171144204954647
kmeans_cross_dirac,150,2,0.33695986,0.83351304,2.0435947800000003,0.53090204,0.10240452,3.8473742399999997,14.654259627989987,162.8,5.255034727533896
kmeans_cross_dirac,300,2,1.27006004,1.01180866,2.1176813,1.0620001000000001,0.22685896,5.68840906,0.7408582907921452,15.8,0.26720776121453926
kmeans_cross_dirac,450,2,1.3006444,1.18910482,2.77366988,1.4777118799999998,0.30230364,7.043434620000001,0.2879294840342483,7.8,0.10458902126324676
kmeans_per_dirac,20,2,0.06424848,0.67494908,2.0251127,0.07676337999999999,0.030710800000000003,2.87178444,187.86650612614943,945.6,67.30012766246261
kmeans_per_dirac,40,2,0.0637824,0.49066247999999996,1.3191241,0.0877363,0.036920760000000004,1.99822604,114.90954065694852,681.0,41.16871615323065
kmeans_per_dirac,60,2,0.11479238,0.77706254,1.6045999600000003,0.1270037,0.051968059999999996,2.67542664,70.40542951244377,486.0,25.226598034216142
kmeans_per_dirac,80,2,0.09252806,0.82508286,2.0453247199999995,0.22880782000000002,0.06275781999999999,3.2545012800000004,55.34709175703249,423.4,19.83262657884781
kmeans_per_dirac,100,2,0.15813939999999999,0.7906919,1.57690456,0.31016378,0.07849154,2.91439118,23.54785799375791,207.6,8.440851346876139
kmeans_per_dirac,150,2,0.50891408,0.8200875,1.5248569800000003,0.46479484,0.10440922000000001,3.4230626199999996,4.845423533298356,67.6,1.7397993414508062
kmeans_per_dirac,300,2,0.40798552,1.0665175000000002,2.69489484,1.07219038,0.21992401999999997,5.461512260000001,1.0171149398831034,17.4,0.3664452886551661
kmeans_per_dirac,450,2,0.4604678400000001,1.21477572,3.4019069,1.5106847600000002,0.36308660000000004,6.95092182,0.16996912351598464,6.0,0.06196018335995919
kmedoids_cross_dirac,20,2,0.07816994000000001,0.63866792,1.6397273,0.07857665999999999,0.029310720000000002,2.46445254,76.4525326666294,545.2,27.391729499014122
kmedoids_cross_dirac,40,2,0.10749586,0.5883850199999999,1.1997299,0.07042096,0.0365807,2.00261244,24.8987948054843,224.4,8.92420134993829
kmedoids_cross_dirac,60,2,0.14654209999999998,0.76469206,2.11455458,0.13485524,0.0512996,3.2119435800000007,14.32682723677967,150.8,5.136980923386512
kmedoids_cross_dirac,80,2,0.19851612,0.69323682,1.55249842,0.18444754,0.05874104,2.68743994,4.624323380097391,61.4,1.660609549508506
kmedoids_cross_dirac,100,2,0.49095338,0.75641042,1.5097811799999998,0.23697679999999996,0.07161066,3.06573244,6.122618781933365,68.4,2.197021935674255
kmedoids_cross_dirac,150,2,0.23840982,0.85389002,1.8866941000000002,0.42459043999999996,0.10466114,3.50824552,1.8689289789525092,28.6,0.6723744990326075
kmedoids_cross_dirac,300,2,0.6925374599999999,0.9818228400000001,2.17296402,0.9971260799999999,0.21400502000000002,5.0584554200000005,0.29254867170076015,5.8,0.10537799250311801
kmedoids_cross_dirac,450,2,1.55444394,1.14329378,2.64739552,1.69101162,0.3653273,7.40147216,0.12270861273693641,4.4,0.04454811388259401
kmedoids_per_dirac,20,2,0.12405364,0.7738857800000001,1.57895888,0.03058022,0.02694084,2.5344193599999993,93.69053681701402,612.8,33.567767293914976
kmedoids_per_dirac,40,2,0.0978783,0.80841024,2.2853174600000004,0.09038644,0.043329740000000005,3.3253221799999997,33.264232918188995,291.4,11.92223186054034
kmedoids_per_dirac,60,2,0.4858865,0.7067152800000001,1.9050365,0.1271696,0.05182106000000001,3.2766289399999997,12.123685043503626,106.8,4.34598206340681
kmedoids_per_dirac,80,2,0.1224218,0.77184436,1.7941836799999997,0.17171552,0.06519222,2.9253575799999996,5.019149343216935,66.4,1.8018648797347747
kmedoids_per_dirac,100,2,0.47578536,0.8875930200000001,2.22360614,0.27069026,0.07388190000000001,3.93155668,3.622834568957278,54.6,1.3016068721695386
kmedoids_per_dirac,150,2,0.16317330000000002,0.9663847000000001,2.2005157200000003,0.44745035999999994,0.10807445999999998,3.885598540000001,2.248815595638804,32.6,0.8083188454916874
kmedoids_per_dirac,300,2,0.32902361999999996,1.07940256,2.5615015,1.0232187400000001,0.21996814000000003,5.21311456,0.5483157957050443,9.4,0.1975572933857134
kmedoids_per_dirac,450,2,0.8052298599999999,1.4084766800000001,3.70864332,1.5524821599999998,0.31921459999999996,7.7940466200000005,0.24004838351573202,4.6,0.0868949813716526
0_HourlyBenchmark,1,3,0.0,1.4107114,3.5995691,2.3974028,0.4682059,7.8758892000000005,0.0,0.0,0.0
kmeans_cross_dirac,20,3,0.13327634,0.741521,1.58163908,0.03561204,0.03196508,2.52401354,85.4175788153396,635.4,32.21739075307069
kmeans_cross_dirac,40,3,0.15861962000000002,0.74083024,2.07788508,0.0661311,0.03911038,3.08257642,54.40321693563551,484.2,20.522637552289986
kmeans_cross_dirac,60,3,0.16504786,0.7985959800000001,1.95465358,0.08244588,0.05313118,3.05387448,31.838169408935222,323.0,12.013427327960947
kmeans_cross_dirac,80,3,0.51361894,0.8738750200000001,2.41009204,0.15381187999999998,0.06460503999999999,4.01600292,25.497131852638667,277.8,9.622148515577907
kmeans_cross_dirac,100,3,0.22745327999999998,0.90469626,2.1521850000000002,0.25129499999999994,0.07649216,3.6121217000000003,11.423914185198464,150.6,4.313980384873882
kmeans_cross_dirac,150,3,0.60247774,0.8361561,1.8724654399999998,0.36608352,0.11278486000000001,3.7899676599999994,5.7202593098473695,89.8,2.1625067632760784
kmeans_cross_dirac,300,3,0.93662236,1.1706384600000002,2.9729101,0.9949724,0.29699452,6.37213784,1.613834241232406,31.4,0.6121489569860288
kmeans_cross_dirac,450,3,1.62019636,1.1701699600000002,2.79543344,1.5845709000000001,0.33045902,7.50082968,0.6055002933415702,12.6,0.23074351260826326
kmeans_per_dirac,20,3,0.06814144000000001,0.79089268,1.8035195800000001,0.03688876,0.030461760000000004,2.72990422,133.336796706233,827.4,50.285974150156
kmeans_per_dirac,40,3,0.10024493999999999,0.8446471800000002,2.1205295,0.06755710000000001,0.04241884,3.1753975600000004,60.603288847873635,515.6,22.86052072260815
kmeans_per_dirac,60,3,0.09302898,0.9100215,2.58564754,0.09861892000000001,0.0525011,3.7398180399999994,37.21430245958185,361.2,14.040671406397951
kmeans_per_dirac,80,3,0.10836808,0.7785416599999999,1.61273162,0.17767902,0.06263888,2.73995926,26.326525666415385,272.8,9.934190299163904
kmeans_per_dirac,100,3,0.13969848,0.8229342199999999,2.2015034800000004,0.27040676,0.08959202,3.52413496,18.257326938248063,215.2,6.891214443234216
kmeans_per_dirac,150,3,0.50825856,0.8329108600000001,1.70625724,0.38804014000000003,0.10816308000000001,3.5436298799999997,10.103847429994381,140.0,3.8162959351973016
kmeans_per_dirac,300,3,0.63491658,1.13836186,2.2590247,0.96993048,0.26781678000000003,5.270050400000001,1.0841042025354832,23.6,0.41215034640968434
kmeans_per_dirac,450,3,0.7712023200000001,1.2876073200000002,3.3550678399999994,1.7053384,0.29670942000000006,7.4159253000000005,0.6536081886229267,14.0,0.2493942717004925
kmedoids_cross_dirac,20,3,0.19101328,0.6771488600000001,1.5658262600000001,0.027686139999999998,0.02829622,2.4899707600000003,65.61946031455606,489.0,24.751028260246127
kmedoids_cross_dirac,40,3,0.1537557,0.75037884,1.7116505199999998,0.05306748,0.04273406,2.7115866,10.66779737163203,136.4,4.0284809300298985
kmedoids_cross_dirac,60,3,0.18116108,0.71004572,2.06921328,0.09310191999999999,0.05362376,3.1071457600000003,1.505945262477859,34.8,0.5721371792361477
kmedoids_cross_dirac,80,3,0.20805534000000003,1.00144576,2.82630354,0.2028485,0.0716126,4.31026574,1.5793346879338368,36.6,0.5998558225023315
kmedoids_cross_dirac,100,3,0.20268004,0.8406084999999999,1.8089375799999998,0.26024436,0.07533726,3.18780774,1.285130976856906,29.6,0.4886813954800705
kmedoids_cross_dirac,150,3,0.32318194,0.92156786,2.2006987000000002,0.3380823,0.10582714,3.889357939999999,1.4560533233672708,30.0,0.5531924318038407
kmedoids_cross_dirac,300,3,0.78352978,1.04316256,2.21972746,0.8893618999999999,0.21104914,5.14683084,0.43945169361962655,8.2,0.16815953654546675
kmedoids_cross_dirac,450,3,1.73508748,1.25109004,2.9800743,1.4855808,0.29879789999999995,7.750630519999999,0.09984494528220651,2.4,0.03918029892698564
kmedoids_per_dirac,20,3,0.06322118,0.8170837000000001,1.8639377199999998,0.0256778,0.031501839999999996,2.80142224,19.22216073600684,218.2,7.2552018157345275
kmedoids_per_dirac,40,3,0.11040796,0.8383610000000001,2.14453218,0.04993498,0.04365864,3.18689476,4.977373411435525,88.2,1.8812976719523025
kmedoids_per_dirac,60,3,0.1838131,0.7528266,1.7056606600000002,0.10025164,0.05302001999999999,2.7955720200000003,3.3564505820430406,57.2,1.270488221952869
kmedoids_per_dirac,80,3,0.11115896,0.8954754399999999,2.0016517,0.14754193999999998,0.06670804,3.2225360800000002,1.3542508200256809,31.2,0.5146119233073654
kmedoids_per_dirac,100,3,0.14796528,0.86151298,2.0599899600000002,0.22209254,0.076354,3.3679147600000006,0.739168125399505,17.0,0.2814335603019047
kmedoids_per_dirac,150,3,0.5277273200000001,0.95267148,1.9575688400000004,0.31430388000000004,0.13580128,3.8880727999999998,0.3948009287888857,9.0,0.15095105495066682
kmedoids_per_dirac,300,3,0.62800034,1.01302768,2.10274854,0.8571553,0.22376609999999997,4.82469796,0.08486717533186026,1.6,0.03286994419941798
kmedoids_per_dirac,450,3,0.8391553400000001,1.30071272,3.47438626,1.5667346800000002,0.32271486000000005,7.50370386,0.08205239282279295,1.6,0.03237412446580139
0_HourlyBenchmark,1,4,0.0,1.4232608,3.374431,2.3578058,0.4475608,7.6030584,0.0,0.0,0.0
kmeans_cross_dirac,20,4,0.08255154,0.75891918,1.82686396,0.0374644,0.0345066,2.74030568,96.69072565392158,665.6,36.10179991687145
kmeans_cross_dirac,40,4,0.19912676,0.6314749799999999,1.684692,0.07395608000000001,0.036081039999999995,2.6253308600000005,62.67196511607053,506.2,23.40303679151318
kmeans_cross_dirac,60,4,0.1604685,0.844434,2.0312363,0.10397471999999999,0.051412139999999995,3.19152566,38.02386556611484,358.8,14.201389954342094
kmeans_cross_dirac,80,4,0.5216299600000001,0.74295186,1.9106525399999998,0.16625990000000002,0.05995492,3.4014491799999993,25.97592425388907,261.2,9.703202740466315
kmeans_cross_dirac,100,4,0.20694688,0.88051598,2.0482215399999997,0.30653258,0.09023158,3.53244856,13.532073342666715,164.6,5.057777324704988
kmeans_cross_dirac,150,4,0.28666428,0.8636925400000001,1.9132637200000004,0.40038473999999996,0.10450212,3.5685074,8.039037378676571,109.8,3.0064078788645565
kmeans_cross_dirac,300,4,0.7218941200000001,1.0319076200000001,2.2770515,1.06326084,0.22723592000000004,5.321350000000001,1.0723849739445683,21.0,0.4029159276556932
kmeans_cross_dirac,450,4,1.53006518,1.16079496,2.7045128800000002,1.75238466,0.30900726,7.456764940000001,0.12390062251192195,3.2,0.04703523659554709
kmeans_per_dirac,20,4,0.06167689999999999,0.6497632000000001,1.65265188,0.03366036,0.02922736,2.4269797,337.55104754360457,1480.2,126.00831075624392
kmeans_per_dirac,40,4,0.10122638000000002,0.7865079,1.8152892600000001,0.10345325999999999,0.04389518,2.85037198,109.49836591166084,739.8,40.882485579963976
kmeans_per_dirac,60,4,0.09127012,0.6033514400000001,1.4114406,0.11809212,0.053127259999999996,2.27728154,55.294506051799544,480.0,20.64906755226243
kmeans_per_dirac,80,4,0.15061744,0.73755698,1.4627929000000002,0.16760803999999996,0.06202216000000001,2.5805975200000004,30.527364170676957,303.0,11.402455847730938
kmeans_per_dirac,100,4,0.10775974000000002,0.7462814000000001,1.7040878,0.24557241999999996,0.07586018,2.87956154,12.80668371998091,151.4,4.785751076433106
kmeans_per_dirac,150,4,0.15029688,0.83512676,1.9187753800000003,0.37797230000000004,0.11080144,3.39297276,4.121182350080652,63.0,1.5422628301932653
kmeans_per_dirac,300,4,0.28662012,1.09470494,2.8629119000000003,1.01417416,0.21361917999999996,5.472030299999999,0.19665885060929938,4.2,0.07437675565489901
kmeans_per_dirac,450,4,0.52592372,1.2426712,3.43412734,1.67207792,0.2853315,7.160131679999999,0.033894583616709065,1.0,0.01305332080366206
kmedoids_cross_dirac,20,4,0.47619112,0.57759586,1.24555182,0.026959119999999996,0.0264478,2.3527457199999997,71.8580091278826,502.8,26.831225376047826
kmedoids_cross_dirac,40,4,0.14989434,0.6859548200000001,1.3904017400000002,0.05608668,0.03817848,2.32051606,11.575314061602626,140.2,4.326432572374393
kmedoids_cross_dirac,60,4,0.15921981999999998,0.8927675199999999,2.76397634,0.09630964,0.056418659999999995,3.9686919800000005,7.075152714240701,90.0,2.645466410573732
kmedoids_cross_dirac,80,4,0.5358119,0.7438098,1.33173734,0.17359284,0.06110886,2.84606074,5.920275125728361,79.2,2.2143610505687854
kmedoids_cross_dirac,100,4,0.48686280000000004,0.7465503800000001,1.6583981,0.20312808000000002,0.07258389999999999,3.16752326,2.4296500506018157,39.4,0.9105372308120134
kmedoids_cross_dirac,150,4,0.24651386,0.8482959600000001,1.91856564,0.36424662,0.10734288,3.48496496,1.924747044883239,33.2,0.7215288255450654
kmedoids_cross_dirac,300,4,1.11142304,1.05075278,2.2020181,1.00273192,0.20440893999999998,5.571334779999999,0.11793980928846412,3.4,0.044744209859327366
kmedoids_cross_dirac,450,4,1.30956902,1.20458198,2.83583256,1.6604412,0.31430326,7.32472802,0.07385011593961985,2.2,0.028101727724381798
kmedoids_per_dirac,20,4,0.0648718,0.65235428,1.78613274,0.03069022,0.029245499999999997,2.56329454,18.94705645111928,217.6,7.079204486850571
kmedoids_per_dirac,40,4,0.14560946000000002,0.55965088,1.16505436,0.05608567999999999,0.03631678000000001,1.96271716,6.581884198633747,87.8,2.4618338253564276
kmedoids_per_dirac,60,4,0.07333612,0.9392056199999999,1.8956321800000002,0.10875006000000001,0.053365300000000004,3.07028928,4.328214835241907,64.0,1.6196266483640813
kmedoids_per_dirac,80,4,0.46150916000000003,0.7717352999999999,2.00120246,0.17322444,0.06180542,3.4694767799999995,3.5522754332334303,55.6,1.3302521006661452
kmedoids_per_dirac,100,4,0.1275201,0.9013168799999999,2.17190966,0.19972820000000002,0.07814996,3.4786248,2.014689128791527,35.4,0.7553891290466213
kmedoids_per_dirac,150,4,0.14548234,0.78380586,1.5987304400000002,0.33089214,0.10422301999999999,2.9631338,0.7590875146359858,14.2,0.28537724762709044
kmedoids_per_dirac,300,4,0.31022358,1.0381258800000002,2.5782933400000005,0.9231981599999999,0.22407355999999998,5.073914520000001,0.2540666636214298,5.0,0.09593910516162962
kmedoids_per_dirac,450,4,0.9104868400000001,1.64901066,2.78993964,1.8330712200000001,0.34497404000000004,7.527482399999999,0.028804749050041944,0.8,0.011090464228504215
0_HourlyBenchmark,1,5,0.0,2.0914651,3.2184528,2.4558046,0.6187828,8.3845053,0.0,0.0,0.0
kmeans_cross_dirac,20,5,0.09010736,0.7464824,1.80441544,0.035505339999999996,0.0358411,2.71235164,154.2580311702595,778.2,57.14331843122492
kmeans_cross_dirac,40,5,0.18715724,0.61934346,1.3743962399999998,0.08683978,0.03645812,2.30419484,80.73736052427917,499.4,29.91357592733548
kmeans_cross_dirac,60,5,0.14201332,0.77066092,1.9692508,0.14108628,0.05450614,3.07751746,43.25163260683773,323.8,16.02896836272439
kmeans_cross_dirac,80,5,0.18590198000000002,0.74825494,1.89250924,0.17328475999999998,0.061449319999999995,3.0614002399999998,20.276945377572098,191.2,7.518758331739254
kmeans_cross_dirac,100,5,0.22971109999999997,0.7823663200000001,2.04155756,0.30845634,0.08474322000000001,3.446834539999999,19.856824098923145,189.4,7.363359734489907
kmeans_cross_dirac,150,5,0.31481996,0.9012389800000001,2.18439798,0.4687113,0.10412196,3.9732901800000002,8.354450616751091,95.4,3.100709631041802
kmeans_cross_dirac,300,5,1.12265548,1.05852722,2.30024208,1.1216864000000002,0.19602055999999998,5.79913174,0.5610986938497258,10.0,0.21113940649775004
kmeans_cross_dirac,450,5,1.4459293199999999,1.24143006,3.0204394,1.66041438,0.32790776,7.6961209199999985,0.4494158854763673,7.8,0.16904330921779787
kmeans_per_dirac,20,5,0.11944692000000001,0.9574622600000001,2.08584762,0.03618226,0.03252246,3.23146152,241.4093425439467,1084.2,89.42072575987677
kmeans_per_dirac,40,5,0.14601732,0.5910255600000001,1.24484526,0.08918854000000001,0.03651298,2.10758966,79.41588093192287,504.8,29.424158531394415
kmeans_per_dirac,60,5,0.07883386,0.9215473599999999,2.23720858,0.15757344,0.0510108,3.44617404,59.044880186541874,420.6,21.878840522732165
kmeans_per_dirac,80,5,0.5291721,0.9042078800000001,2.06873726,0.23481059999999995,0.0622814,3.7992092399999997,31.667167004622844,265.2,11.737641999850451
kmeans_per_dirac,100,5,0.15816458,1.00980528,2.4426205,0.31451832,0.09712796,4.02223664,16.931091812438773,170.6,6.278275104685834
kmeans_per_dirac,150,5,0.49401652000000007,0.9168196,1.88598214,0.48134858,0.10398065999999999,3.8821475,3.9102260600642054,60.8,1.4536177210984855
kmeans_per_dirac,300,5,0.9491891800000001,1.10406732,2.28455364,1.06833508,0.26169498,5.6678402000000006,1.157008658389993,19.0,0.4328142004296689
kmeans_per_dirac,450,5,0.98407842,1.37028272,3.41585804,2.07535416,0.30854702000000006,8.15412036,0.6220174481316079,10.6,0.23322168141423827
kmedoids_cross_dirac,20,5,0.19000696,0.69338862,1.59087308,0.02992378,0.029014,2.53320644,49.35787328668513,353.2,18.289571078372028
kmedoids_cross_dirac,40,5,0.11964045999999999,0.62412656,1.47832114,0.06476091999999999,0.03789028,2.32473936,7.124958685795119,86.4,2.644053997230339
kmedoids_cross_dirac,60,5,0.14233056,0.89894632,2.6620886599999998,0.12593508,0.053377339999999995,3.88267796,4.479626191086834,57.8,1.6639577964835073
kmedoids_cross_dirac,80,5,0.50935206,0.77706324,1.55962808,0.19406482,0.0622413,3.1023495,5.5365160540509555,67.4,2.055909859888701
kmedoids_cross_dirac,100,5,0.49125286,0.82107088,1.7841226200000002,0.24980926,0.07488921999999999,3.42114484,1.8702532368034401,28.4,0.6971415351148865
kmedoids_cross_dirac,150,5,0.5844076599999999,0.8698115,1.67404172,0.48588146,0.12964022,3.7437825599999996,0.8560728903563575,14.4,0.3193929550348285
kmedoids_cross_dirac,300,5,1.10358188,1.0445735800000002,2.31962204,0.92600578,0.19670727999999998,5.590490560000001,3.679535211043919e-6,0.0,0.0
kmedoids_cross_dirac,450,5,1.2786477,1.275515,3.0379572799999996,1.607866,0.27673380000000003,7.476719779999999,0.055412201658175606,0.8,0.021026836402844973
kmedoids_per_dirac,20,5,0.10165596000000002,0.6926998600000001,1.73030592,0.030554980000000002,0.028960860000000005,2.58417758,92.54586054715315,569.0,34.28628963905752
kmedoids_per_dirac,40,5,0.08195304,0.57459514,1.25570084,0.07333298,0.037365739999999995,2.02294774,18.95989694078545,176.4,7.0283130766558966
kmedoids_per_dirac,60,5,0.07743456,0.94581488,2.09306136,0.11949905999999999,0.05110768,3.28691754,3.628745788852983,48.6,1.3483939209727205
kmedoids_per_dirac,80,5,0.44426474000000005,0.7939811800000001,1.85288742,0.1863743,0.0617399,3.3392475399999997,1.049202397885722,16.8,0.3915043357117852
kmedoids_per_dirac,100,5,0.45223728,0.9341433800000001,2.2113441000000003,0.2580969,0.13156120000000002,3.9873828600000003,0.7278470915155342,12.6,0.2721724464335914
kmedoids_per_dirac,150,5,0.24363156,0.9880541399999998,2.2403160200000003,0.38759366,0.10672438000000002,3.9663197599999998,0.3548838214055806,6.6,0.1328177493064837
kmedoids_per_dirac,300,5,0.31616120000000003,1.19441808,2.81059866,0.9110325999999999,0.20033702,5.43254756,8.069154039988667e-6,0.0,0.0
kmedoids_per_dirac,450,5,1.1147499,1.34277332,3.27128742,1.61164384,0.28348752,7.6239419999999996,1.2320118943425973e-5,0.0,0.0
0_HourlyBenchmark,1,6,0.0,1.4366295,3.7043007,2.5852625,0.771938,8.498130699999999,0.0,0.0,0.0
kmeans_cross_dirac,20,6,0.1378647,0.6134300199999999,1.53381718,0.03397538,0.03175194,2.35083922,182.32871288019794,976.0,68.32212396812963
kmeans_cross_dirac,40,6,0.07610716000000001,0.5678335999999999,1.29696442,0.0836742,0.03567658,2.06025596,55.54610920125528,390.6,20.81976297905508
kmeans_cross_dirac,60,6,0.1538014,0.8528932000000001,2.24034762,0.12472684,0.051778460000000005,3.4235475200000005,26.012903740738988,245.6,9.753093529431888
kmeans_cross_dirac,80,6,0.54640616,0.7402573200000001,1.4021660400000002,0.20735885999999998,0.06366742,2.9598557999999997,21.66442383041564,209.4,8.123683045293152
kmeans_cross_dirac,100,6,0.22941974000000004,0.8037479599999999,1.9217370800000002,0.28263446000000003,0.10598014,3.34351938,17.678973673833404,184.4,6.629920275540252
kmeans_cross_dirac,150,6,0.24138292,0.92401646,2.06146412,0.49944972000000004,0.14526228,3.8715755,8.142505547700754,98.4,3.0553961412558706
kmeans_cross_dirac,300,6,1.08466946,1.0749627199999998,2.3110991,1.0028456399999999,0.21747223999999998,5.69104916,3.0913354090067044,46.8,1.161992532004362
kmeans_cross_dirac,450,6,1.28289762,1.2549066199999999,3.27081606,1.54966896,0.31162236,7.669911619999999,0.7050003378969247,15.4,0.2658042224244403
kmeans_per_dirac,20,6,0.06300038,0.7084080399999999,2.0497818600000004,0.03406688,0.03038684,2.885644,281.22525429163284,1280.0,105.37332296463606
kmeans_per_dirac,40,6,0.16442336000000002,0.6615871600000001,1.49907504,0.08628252,0.043279899999999996,2.45464798,117.07939465185291,694.4,43.8749838398121
kmeans_per_dirac,60,6,0.13710148,0.98074662,2.5506656199999997,0.13935662,0.05563165999999999,3.8635019999999995,50.01712064890688,366.4,18.748216602456292
kmeans_per_dirac,80,6,0.49268735999999996,0.8706770199999999,2.4356034400000004,0.2191259,0.06804262,4.08613634,53.1505314932658,400.2,19.92200902368993
kmeans_per_dirac,100,6,0.14262004,1.09800584,2.81130552,0.32300412,0.14156108,4.516496600000001,22.501308345777627,216.4,8.437253386051037
kmeans_per_dirac,150,6,0.47958772000000005,0.92076274,1.98375926,0.5299677600000001,0.10667697999999999,4.02075446,12.036915555873117,138.8,4.515317099983822
kmeans_per_dirac,300,6,0.8558468999999999,1.10424316,2.3785015,1.2045149,0.22256584,5.7656723,3.3755920790622334,47.6,1.2677783046594564
kmeans_per_dirac,450,6,0.66347104,1.29737604,3.09242594,1.5594279,0.34617014,6.958871060000002,1.0560409196185538,18.4,0.39764080518076267
kmedoids_cross_dirac,20,6,0.07496442,0.6284951999999999,1.62176364,0.03325572,0.02843346,2.38691244,89.42819133723708,548.2,33.51419823459602
kmedoids_cross_dirac,40,6,0.13002134,0.67441956,1.58258396,0.07015612,0.043206499999999995,2.50038748,22.257014622475236,194.4,8.34430283530268
kmedoids_cross_dirac,60,6,0.21669634,1.02258386,3.27759334,0.12578158,0.059562819999999995,4.70221794,7.557933816683104,89.8,2.835832982841224
kmedoids_cross_dirac,80,6,0.17236037999999998,0.9341601800000001,2.1331065799999998,0.21530806,0.06750171999999999,3.5224369199999996,1.6551003896600456,27.0,0.6224251750987151
kmedoids_cross_dirac,100,6,0.1789204,0.9182549599999998,2.18180406,0.24986768,0.11105124,3.6398983400000007,0.9756485497678706,16.8,0.36729424182688286
kmedoids_cross_dirac,150,6,0.2535096,0.9799139,2.27098438,0.38947571999999997,0.13045400000000001,4.0243376,0.4787587992644899,9.8,0.18077971277891075
kmedoids_cross_dirac,300,6,1.16468738,1.06670766,2.2538015000000002,0.9058926200000001,0.19773042000000002,5.588819580000001,0.3252488487853342,7.6,0.12304426907351314
kmedoids_cross_dirac,450,6,1.28184988,1.2941783999999998,2.9144896200000003,1.38040236,0.2955407,7.16646096,0.13196975407796915,3.8,0.05020058110158114
kmedoids_per_dirac,20,6,0.16318136,0.7522243399999999,1.5245901399999997,0.03149961999999999,0.02911748,2.5006129400000003,48.12462762934646,349.4,18.037890872454202
kmedoids_per_dirac,40,6,0.10378118,0.88232906,2.35216598,0.06813564000000001,0.043795780000000006,3.45020764,22.81449093385026,201.8,8.554195846258366
kmedoids_per_dirac,60,6,0.07374788000000002,1.2936107800000003,3.3197755399999997,0.14083415999999999,0.05798531999999999,4.885953679999999,6.877843300300539,84.0,2.581214074079619
kmedoids_per_dirac,80,6,0.12345424,0.6913528600000001,1.42041994,0.18428331999999997,0.05952742,2.4790377799999996,1.7541288646628357,29.4,0.6599928882060973
kmedoids_per_dirac,100,6,0.12520251999999998,0.82484024,2.0339079599999996,0.25917920000000005,0.07906568,3.3221955999999997,1.7471773156526935,29.2,0.6574686562128745
kmedoids_per_dirac,150,6,0.22964373999999999,0.9707793600000001,2.36722614,0.41283418000000005,0.12003623999999999,4.100519659999999,1.734021526373112,28.4,0.652382788743292
kmedoids_per_dirac,300,6,0.32835804,1.08909758,2.7481640599999997,0.85306086,0.1996445,5.21832504,0.1627238326316812,4.8,0.06158024739364167
kmedoids_per_dirac,450,6,1.1653902400000002,1.3859076799999999,3.26816832,1.5589002399999998,0.32410817999999997,7.70247466,0.10353502533090264,2.6,0.03930162356225786
0_HourlyBenchmark,1,7,0.0,1.7848609,3.1084457,3.9780109,0.6761895,9.547507,0.0,0.0,0.0
kmeans_cross_dirac,20,7,0.13734564,0.6710969,1.74539732,0.032895980000000005,0.02838986,2.6151257,148.18667808173217,770.8,54.54407043008896
kmeans_cross_dirac,40,7,0.10742505999999999,0.64051218,1.39005312,0.06401201999999999,0.0379226,2.23992498,44.11941090757663,360.0,16.24468017812984
kmeans_cross_dirac,60,7,0.14254055999999998,0.89901486,2.554988,0.12926784,0.05531174,3.781123,29.839781664141462,262.0,10.988405174036405
kmeans_cross_dirac,80,7,0.50053918,0.75979272,1.4671534000000002,0.19517826000000002,0.06251706,2.98518062,14.66211201759736,165.6,5.401666797612295
kmeans_cross_dirac,100,7,0.5067227,0.80513538,1.7364927599999997,0.2925674,0.12561614000000002,3.46653438,8.490826874273104,111.0,3.129386205640436
kmeans_cross_dirac,150,7,0.28640462,0.9384762600000001,2.42938894,0.47365646000000006,0.10872992000000001,4.2366562000000005,6.00297370725551,89.0,2.213413397586134
kmeans_cross_dirac,300,7,1.05381738,1.14121076,2.55521128,0.9429727400000001,0.22199558000000003,5.9152077400000005,1.1584902995304818,24.0,0.4287547253611496
kmeans_cross_dirac,450,7,1.2928056799999998,1.34700824,3.1286417,1.9517744800000003,0.29175372,8.011983820000001,0.13834948323634189,5.0,0.05168513583413699
kmeans_per_dirac,20,7,0.10975302,0.7411019000000001,1.80228104,0.35483364,0.02803698,3.03600658,250.91640319391757,1127.0,92.35013485110376
kmeans_per_dirac,40,7,0.08002150000000001,0.5846359,1.3240224,0.0764344,0.04150838,2.10662258,110.73504343563795,607.8,40.76077164439363
kmeans_per_dirac,60,7,0.0739737,0.96491472,2.4266213199999997,0.12668858,0.05445176,3.6466500799999997,46.16572118146463,338.6,16.996707301465268
kmeans_per_dirac,80,7,0.46193622,0.8018737399999999,1.97857314,0.18873738,0.06727049999999998,3.49839098,13.241032656530297,155.8,4.878437448712934
kmeans_per_dirac,100,7,0.45760768,0.9779771199999999,2.22968716,0.32080826,0.0808472,4.06692742,8.87334661315983,112.4,3.2702593492514267
kmeans_per_dirac,150,7,0.26433614,0.9467225600000001,2.34532062,0.4350117,0.13470069999999998,4.126091720000001,4.937176244516591,76.0,1.8207234569411903
kmeans_per_dirac,300,7,0.3659319,1.0479086199999998,2.5852933,1.1741602,0.24954352000000002,5.422837539999999,0.6183625730409824,13.6,0.22890745874084986
kmeans_per_dirac,450,7,1.4400569600000002,1.2417738200000001,3.1098755799999998,1.71170784,0.28287118,7.786285380000001,0.2097777070996798,7.0,0.07822233587101261
kmedoids_cross_dirac,20,7,0.0828392,0.7013344000000001,1.83888556,0.027344700000000007,0.03104726,2.6814511199999997,43.291976423207686,358.4,15.94029419243056
kmedoids_cross_dirac,40,7,0.10422704,0.81349564,2.00123474,0.06358068,0.04278274,3.02532084,13.772395872239272,145.8,5.073685964440815
kmedoids_cross_dirac,60,7,0.5562692,0.8616721,2.43147614,0.09953179999999999,0.05361024000000001,4.00255948,6.92231718408959,95.0,2.551984426640899
kmedoids_cross_dirac,80,7,0.16025314,0.9107088600000001,2.0637600199999997,0.17811950000000001,0.0737414,3.38658292,5.74530342639151,76.0,2.1178986347578075
kmedoids_cross_dirac,100,7,0.51781506,0.7984475,1.70005774,0.25186732,0.07557404000000001,3.3437616599999997,0.49261426648518514,12.2,0.18253635445849095
kmedoids_cross_dirac,150,7,0.29538908,0.8894966,1.9792067599999998,0.39063284,0.10480745999999999,3.6595327400000004,0.7937253075281507,19.0,0.2940438821010461
kmedoids_cross_dirac,300,7,1.1135591200000001,1.07634714,2.4225488,0.9893294000000001,0.22602802000000005,5.82781248,0.286061621217787,9.4,0.10649932392564421
kmedoids_cross_dirac,450,7,0.9202052000000001,1.3709566,3.2366186200000002,2.1161730400000005,0.300337,7.94429046,0.08444144460669153,3.6,0.03151948920143224
kmedoids_per_dirac,20,7,0.06520023999999999,0.92056136,2.2647311400000003,0.03166956,0.031544859999999994,3.31370716,93.99725982047389,538.0,34.59984550647565
kmedoids_per_dirac,40,7,0.10121446,0.8715816000000001,2.11009964,0.06632546,0.04783724,3.1970584000000004,25.950798624287863,217.8,9.55594040542599
kmedoids_per_dirac,60,7,0.07237772,1.2061357400000001,3.17033412,0.12274702000000001,0.056924459999999996,4.62851906,7.156101803398725,75.8,2.6365808725808
kmedoids_per_dirac,80,7,0.10375700000000002,0.83857654,1.7578462600000002,0.1844986,0.062056160000000006,2.9467345600000003,1.6873420472210001,35.0,0.6239054947085625
kmedoids_per_dirac,100,7,0.13239965999999997,0.9018982400000001,2.2566752,0.26528628000000004,0.07774164,3.6340010200000004,1.1457937109027994,24.0,0.4239558375040923
kmedoids_per_dirac,150,7,0.17761504,1.0506297,2.18058672,0.40022512,0.17453684,3.9835934199999996,1.1522218264398396,25.6,0.42642872553215605
kmedoids_per_dirac,300,7,0.5471484400000001,1.09061488,2.40074034,1.11554762,0.26193239999999995,5.41598368,0.18840092423937885,6.0,0.07035260525176432
kmedoids_per_dirac,450,7,0.7962794000000001,1.32456538,3.51644642,1.8968001600000002,0.32912860000000005,7.8632199599999995,0.04721406912292049,2.4,0.017746718136140104
0_HourlyBenchmark,1,8,0.0,1.6028715,3.5612549,2.5599771,0.4608793,8.1849828,0.0,0.0,0.0
kmeans_cross_dirac,20,8,0.0719776,0.71866524,2.01103996,0.03401906,0.03045542,2.86615728,83.61087807956571,538.6,32.25072134138507
kmeans_cross_dirac,40,8,0.09525877999999999,0.6470749400000001,1.39254532,0.08639038000000002,0.04001876,2.26128818,31.848433252439,288.4,12.289226843688986
kmeans_cross_dirac,60,8,0.15112862,0.9633948999999999,2.7011903800000003,0.09156834,0.05299668,3.9602789200000004,13.545980840740532,168.6,5.230350517562663
kmeans_cross_dirac,80,8,0.50080236,0.8800632199999999,1.72869928,0.20631984,0.06331254,3.37919724,9.91734279979395,129.6,3.830919419222364
kmeans_cross_dirac,100,8,0.16638731999999998,0.9371056,2.30719178,0.23909566,0.08036624,3.7301466,7.69030157917134,111.2,2.9719290097801396
kmeans_cross_dirac,150,8,0.28119985999999997,0.9343458800000001,2.0605752199999996,0.6807933600000001,0.10496088,4.061875199999999,6.47567934030797,100.8,2.503247540952994
kmeans_cross_dirac,300,8,1.08199224,1.0680299999999998,2.4083753999999997,0.9928357200000001,0.19649322,5.74772658,1.2398008576465605,22.8,0.4810408063517153
kmeans_cross_dirac,450,8,1.3117277399999998,1.2110463,3.01466178,1.68489504,0.2809369199999999,7.50326778,0.22476408483692864,4.2,0.08797475381655673
kmeans_per_dirac,20,8,0.0667904,0.8044906600000001,1.9733380599999997,0.03348866,0.02979278,2.90790056,141.68455777294216,740.8,54.6431659770436
kmeans_per_dirac,40,8,0.07454981999999999,0.4900149000000001,1.02398576,0.06925334000000001,0.038412100000000005,1.6962159199999998,53.739847871834016,382.2,20.73178568953771
kmeans_per_dirac,60,8,0.07068632,0.87876548,1.94104472,0.11578746,0.05137846,3.0576624400000005,27.669443042280356,261.6,10.677918475056417
kmeans_per_dirac,80,8,0.16406988,0.79859108,2.01604244,0.19708072,0.06356242,3.2393465400000006,9.3321103003279,104.6,3.6054582996252504
kmeans_per_dirac,100,8,0.15649401999999998,1.02000162,2.45843234,0.25919766,0.0794004,3.9735260400000003,12.859594889625578,138.8,4.964873365377011
kmeans_per_dirac,150,8,0.16654118,0.83849924,1.8570119200000001,0.35776034,0.10385688,3.32366956,7.094189879466464,101.2,2.7415947807836774
kmeans_per_dirac,300,8,0.87212964,1.03356722,2.18042284,0.9676167,0.23965498,5.29339138,1.5639143603828058,30.8,0.607484711960776
kmeans_per_dirac,450,8,0.64658808,1.3172715,3.1386565400000004,1.78918506,0.31489861999999996,7.206599799999999,0.47775988940655234,7.8,0.18691459420667528
kmedoids_cross_dirac,20,8,0.13250372000000002,0.62566186,1.38686076,0.02627024,0.02775576,2.19905234,15.349629264001399,189.4,5.9265117915073
kmedoids_cross_dirac,40,8,0.16450524000000002,0.8259839,1.8838147800000002,0.06227184,0.046291399999999996,2.9828671600000005,9.183472671171526,120.6,3.5482730966053238
kmedoids_cross_dirac,60,8,0.21029174000000003,1.0179996599999999,3.1719911400000003,0.09423508,0.05374374,4.548261360000001,1.4617379635773573,25.0,0.5681203529574622
kmedoids_cross_dirac,80,8,0.1725215,0.8299766999999999,1.8420132200000001,0.21054195999999997,0.06334352000000001,3.1183968999999996,3.584035093873407,55.2,1.3871035461182775
kmedoids_cross_dirac,100,8,0.17421593999999999,0.8704422199999999,1.9581424000000003,0.24804972000000003,0.07622401999999999,3.3270742999999996,2.1033147102509284,36.4,0.8157092261678169
kmedoids_cross_dirac,150,8,0.30007068000000003,0.9639287800000002,2.1641961800000002,0.35065663999999996,0.10956049999999999,3.8884127799999995,1.270839138312808,20.0,0.4944334089183379
kmedoids_cross_dirac,300,8,1.10065064,1.1589115799999998,2.5966670400000003,1.01034068,0.21513694,6.0817068800000005,0.698590597302743,11.0,0.27246297223582516
kmedoids_cross_dirac,450,8,1.46493164,1.35319468,3.13582528,1.8295691,0.30467550000000004,8.088196199999999,0.21520066105181784,3.8,0.08474109583516856
kmedoids_per_dirac,20,8,0.12211442000000002,0.91965746,2.09322754,0.029823159999999998,0.03128404,3.1961066199999997,43.74502132597123,371.8,16.876783668227855
kmedoids_per_dirac,40,8,0.08284245999999999,0.5862185799999999,1.1952358799999998,0.05561982,0.0359152,1.95583194,8.397958943008842,116.4,3.2447199860267966
kmedoids_per_dirac,60,8,0.08907570000000001,0.9332298000000001,1.9701994400000005,0.09269872,0.05299252,3.13819618,13.29531786750906,172.2,5.13339566016292
kmedoids_per_dirac,80,8,0.16183876,0.76766392,1.9699170799999997,0.17147404,0.06771756,3.13861136,7.814302779676472,107.6,3.019511884552043
kmedoids_per_dirac,100,8,0.15418317999999998,0.96797804,2.17351736,0.27607168000000004,0.14363242,3.71538268,3.677615909521287,54.2,1.4228494080223848
kmedoids_per_dirac,150,8,0.5826720999999999,0.86688136,1.87998806,0.29993366,0.10509852,3.7345737,1.2949201832174164,24.8,0.5034062175288275
kmedoids_per_dirac,300,8,0.41477116,1.18660122,2.77612442,0.9003113199999999,0.18995876,5.46776688,0.22567428714403232,3.8,0.08843986302732806
kmedoids_per_dirac,450,8,0.7342215200000002,1.2911656,3.2537612200000003,1.5232357799999998,0.32075786,7.12314198,0.1863873076790607,3.0,0.07314004710540503
0_HourlyBenchmark,1,9,0.0,1.7927141,5.7168807,2.1261569,0.4621569,10.0979086,0.0,0.0,0.0
kmeans_cross_dirac,20,9,0.17210472000000002,0.49402653999999996,1.0750189200000002,0.03333038000000001,0.024631160000000003,1.7991117200000002,112.54250748552423,713.8,41.87379145532471
kmeans_cross_dirac,40,9,0.39781866,0.6792546400000001,1.4188470199999998,0.06843503999999999,0.03949250000000001,2.6038478599999997,86.0038790826799,601.0,32.002201519808054
kmeans_cross_dirac,60,9,0.19322208,0.6752068600000001,1.5402264600000002,0.13960699999999998,0.05159477999999999,2.59985718,52.6999622616348,435.0,19.613452108862255
kmeans_cross_dirac,80,9,0.1477228,1.08207912,2.62163186,0.20986142000000002,0.06843002000000001,4.12972522,38.5527956349471,346.0,14.35080383279975
kmeans_cross_dirac,100,9,0.22572615999999995,0.9192726199999999,2.0560828399999997,0.33225964,0.07961598,3.61295724,26.723249404232767,266.4,9.949611162906411
kmeans_cross_dirac,150,9,0.29265532,0.8688256400000001,2.1151595199999997,0.50817582,0.12212559999999999,3.9069418999999996,9.642180694594861,107.4,3.5937456536534294
kmeans_cross_dirac,300,9,0.8247034799999999,1.0747570000000002,2.4790237399999997,1.3039849399999999,0.19951892,5.88198808,0.19156246823836715,3.6,0.07266897089965299
kmeans_cross_dirac,450,9,1.67783814,1.1630143,2.78124362,1.95361916,0.31994378,7.895659,0.06345731485109422,1.2,0.024079864296285124
kmeans_per_dirac,20,9,0.11838768,0.7534824999999999,1.67832434,0.033377819999999996,0.02894644,2.61251878,256.00190789480905,1219.0,95.23497039441881
kmeans_per_dirac,40,9,0.11759805999999999,0.91438588,2.47683522,0.08848324,0.0430638,3.6403662,84.85610958636332,620.2,31.574662647474515
kmeans_per_dirac,60,9,0.16137816,0.7326543799999999,1.79834324,0.12964188000000001,0.05070692,2.87272458,69.05583205557508,564.2,25.697529202211022
kmeans_per_dirac,80,9,0.14912925999999999,0.75791246,1.5341907799999999,0.21621038,0.06403125999999999,2.7214741399999998,42.16654547440835,388.2,15.694063175006557
kmeans_per_dirac,100,9,0.47658274,0.95797574,2.27576364,0.34692172,0.15805334,4.215297179999999,17.81157932432408,179.6,6.632492567866097
kmeans_per_dirac,150,9,0.21595574,1.1643575199999998,2.9368109399999995,0.5489000199999999,0.15243694000000002,5.018461159999999,7.246052804179044,80.2,2.700910133391567
kmeans_per_dirac,300,9,0.38345774,1.12002914,3.09457338,1.4335673,0.22704678,6.258674340000001,0.46148171987263603,8.4,0.1734121599289792
kmeans_per_dirac,450,9,0.50591776,1.2632119999999998,3.41721318,1.8770919400000001,0.29596616,7.35940104,0.05688227308371169,1.0,0.021630925441556183
kmedoids_cross_dirac,20,9,0.47830564,0.58382316,1.2238389600000001,0.029324480000000003,0.02672572,2.34201796,27.887428548417926,272.2,10.382041156484686
kmedoids_cross_dirac,40,9,0.1314748,0.60300268,1.2763999,0.06372606,0.041312919999999996,2.11591636,7.806442249196034,93.2,2.9097317627653334
kmedoids_cross_dirac,60,9,0.45147492,0.81246674,2.1073897199999996,0.10367782,0.051884240000000005,3.52689344,4.477571347646311,62.0,1.6708916049774305
kmedoids_cross_dirac,80,9,0.16376775999999998,0.75040978,1.57938454,0.18902228000000001,0.06422908000000001,2.7468134399999995,5.129556892750616,67.8,1.9134183203149129
kmedoids_cross_dirac,100,9,0.2579417,0.8633590800000001,1.9617084200000001,0.28785244,0.07459422,3.4454558600000005,3.2263847817094247,49.2,1.2054393038025633
kmedoids_cross_dirac,150,9,0.31642714,0.96092288,2.2907192800000002,0.43006244000000005,0.10702441999999998,4.105156160000001,0.4746079710396284,8.6,0.1783874277758343
kmedoids_cross_dirac,300,9,1.09912536,1.1161076399999998,2.39402228,0.9213647,0.22082591999999995,5.7514459,1.1637765064100307e-5,0.0,0.0
kmedoids_cross_dirac,450,9,1.31783448,1.1903942,2.8137961000000002,1.68566756,0.30092971999999996,7.30862206,2.8120521303265155e-6,0.0,0.0
kmedoids_per_dirac,20,9,0.09967995999999998,0.7227701400000001,1.93603194,0.09703806000000001,0.33748126,3.19300136,20.914876290453357,212.0,7.787468414275527
kmedoids_per_dirac,40,9,0.07945086,0.56951476,1.3447288800000001,0.05796174,0.03838414,2.09004038,5.816760630558503,70.8,2.1694082643807064
kmedoids_per_dirac,60,9,0.07030542,0.86528472,2.17911554,0.15191714,0.05522012,3.32184294,2.7017371881866525,40.0,1.0093778110869185
kmedoids_per_dirac,80,9,0.43439314000000007,0.7335022,1.58729454,0.1749142,0.06318776000000001,2.9932918400000004,3.052894596660829,41.8,1.1398144754594166
kmedoids_per_dirac,100,9,0.47785589999999994,0.89719862,1.8082562600000003,0.27914336,0.07906722000000001,3.54152136,1.705436766856403,24.0,0.6373880671307665
kmedoids_per_dirac,150,9,0.25440988,0.87800318,2.33191672,0.41992056,0.13123742,4.01548776,0.0353113054009944,0.6,0.013477602799299016
kmedoids_per_dirac,300,9,0.30758293999999997,1.1482561199999999,2.64534318,0.993773,0.19236906,5.2873243,9.99844350055816e-6,0.0,0.0
kmedoids_per_dirac,450,9,0.8601560599999999,1.2269651000000001,2.92302986,1.62014582,0.36630178,6.99659862,6.228564019575839e-6,0.0,0.0
0_HourlyBenchmark,1,10,0.0,1.3741705,3.0733884,2.5370194,0.4352231,7.4198014,0.0,0.0,0.0
kmeans_cross_dirac,20,10,0.08354054000000001,0.7270811,1.9148673000000003,0.03337638,0.051685760000000004,2.8105510799999998,145.0688415167411,835.6,54.263828076681456
kmeans_cross_dirac,40,10,0.08859174,0.63777526,1.48263768,0.08362776,0.037914180000000006,2.3305466200000002,56.8592331970432,431.4,21.274760852754078
kmeans_cross_dirac,60,10,0.15219526,0.84295766,2.02989012,0.13782832,0.05297711999999999,3.2158484799999996,45.64096975093137,376.8,17.078913969562578
kmeans_cross_dirac,80,10,0.5347040799999999,0.8060211799999999,1.9890543800000002,0.25938858,0.06104176,3.6502099799999996,31.32700941772784,284.6,11.724074838935977
kmeans_cross_dirac,100,10,0.18263455999999997,0.8971088,1.83002544,0.28996108,0.07480656,3.27453644,20.138146078363427,198.6,7.5390320689531
kmeans_cross_dirac,150,10,0.24171014,0.91696522,2.07310722,0.5101061,0.10451991999999999,3.8464085999999993,6.513781774435074,81.2,2.441088393911535
kmeans_cross_dirac,300,10,0.7355752799999999,1.0251989600000002,2.1653790600000002,1.1400651400000001,0.21878691999999997,5.285005360000001,0.49194383185942525,8.6,0.18549936618923085
kmeans_cross_dirac,450,10,1.56058574,1.19119204,2.6942186799999996,1.88168508,0.33226244,7.6599439799999995,2.1214930032818865e-5,0.0,0.0
kmeans_per_dirac,20,10,0.062283279999999996,0.7385223200000002,1.74514122,0.03420282,0.030248439999999998,2.6103980799999995,268.19341283887286,1229.8,100.30797356102141
kmeans_per_dirac,40,10,0.10593632,0.8249319400000001,1.91668624,0.08258192,0.04207856,2.9722149799999995,80.25561187592749,578.0,30.02445447857939
kmeans_per_dirac,60,10,0.14687116,0.8015903200000001,1.8947005799999999,0.12860098,0.05260878,3.02437182,61.24889065340269,479.2,22.916260646711056
kmeans_per_dirac,80,10,0.15494658,0.84121672,1.7421442800000002,0.22126234,0.07045886,3.03002878,45.89294279888837,394.2,17.1721054861486
kmeans_per_dirac,100,10,0.21069627999999999,0.9744485199999999,2.27137252,0.29955027999999995,0.07685439999999999,3.832922,17.409236972580835,175.6,6.518696877349465
kmeans_per_dirac,150,10,0.17916088,0.96468928,1.9598219200000002,0.49081076,0.10493514,3.6994179799999998,6.929928712020964,86.2,2.5974911984854145
kmeans_per_dirac,300,10,0.32760158,1.1169124,2.73286958,1.02819492,0.1963804,5.4019588800000005,0.7071351606304401,12.8,0.26683989192086255
kmeans_per_dirac,450,10,0.5180825800000001,1.27886164,3.2990616000000004,1.7654306599999998,0.34192764000000003,7.203364120000001,0.0748601157968938,1.4,0.02850135556470392
kmedoids_cross_dirac,20,10,0.1415845,0.63675496,1.4262309,0.028737560000000002,0.026911200000000003,2.26021912,58.19894853413611,447.4,21.774209032913014
kmedoids_cross_dirac,40,10,0.11098824,0.61727668,1.3484828200000003,0.08799014,0.040944259999999996,2.20568214,10.622774917229487,113.2,3.9780452163482933
kmedoids_cross_dirac,60,10,0.17523934,0.8389756399999999,2.44990314,0.1674566,0.05573022000000001,3.6873049399999998,3.0381642287166724,42.8,1.1405327479970242
kmedoids_cross_dirac,80,10,0.5071159,0.7310136,1.3410507600000001,0.18392665999999996,0.06130082,2.8244077400000003,1.975966075102321,30.8,0.7426322326384194
kmedoids_cross_dirac,100,10,0.50182488,0.7805314000000001,1.6593467599999996,0.28297406,0.07501906,3.29969616,0.5087025768460507,9.8,0.19212621354425155
kmedoids_cross_dirac,150,10,0.25237558,0.8998461000000001,2.0744219800000003,0.47037598,0.10766667999999999,3.8046863199999996,0.19275131878536098,4.0,0.07295231359998544
kmedoids_cross_dirac,300,10,1.06875654,1.0606421000000001,2.1655159399999997,1.0029136600000002,0.25008792,5.547916160000001,0.008423703351556917,0.2,0.00323903496668172
kmedoids_cross_dirac,450,10,1.32923312,1.2654415200000002,2.89895196,1.5616073,0.29739950000000004,7.3526334,7.893105771081662e-6,0.0,0.0
kmedoids_per_dirac,20,10,0.06518074,0.70916592,1.8308181599999998,0.03270376,0.03169052,2.6695591,59.588230208238336,381.2,22.292947002660057
kmedoids_per_dirac,40,10,0.206805,0.61836338,1.30031024,0.062468619999999996,0.03781938,2.2257666200000004,9.109868467881544,103.4,3.4126290348011827
kmedoids_per_dirac,60,10,0.07358926,0.93050874,2.2134851600000003,0.11631326,0.05501306,3.38890948,3.253544681515785,50.2,1.2216587686517806
kmedoids_per_dirac,80,10,0.49705759999999993,0.8526897,2.05213998,0.18927126,0.06744904,3.6586075800000004,3.104231867945707,46.2,1.1650976438018774
kmedoids_per_dirac,100,10,0.14822916,1.02438628,2.55639548,0.27941406,0.08048545999999998,4.08891044,1.807346599402892,29.2,0.6790803637073244
kmedoids_per_dirac,150,10,0.5070549200000001,0.8274356600000001,1.64315496,0.43773969999999995,0.13330772,3.5486929599999995,0.024576323399113455,1.2,0.009428560367310901
kmedoids_per_dirac,300,10,0.70963118,1.1562809,2.55305904,1.02636,0.23630044,5.68163156,2.373337515344968e-5,0.0,0.0
kmedoids_per_dirac,450,10,1.0345932999999998,1.2907949,2.8921915,1.67360714,0.32522736,7.2164142,1.5661059083245646e-6,0.0,0.0
