id,from_asset,to_asset,year,rep_period,capacity_coefficient,conversion_coefficient,time_block_start,time_block_end,solution
1,ens,e_demand,2030,1,1.0,1.0,1,1,0.0
2,ens,e_demand,2030,1,1.0,1.0,2,2,0.0
3,ens,e_demand,2030,1,1.0,1.0,3,3,0.0
4,ens,e_demand,2030,1,1.0,1.0,4,4,0.0
5,ens,e_demand,2030,1,1.0,1.0,5,5,0.0
6,ens,e_demand,2030,1,1.0,1.0,6,6,0.0
7,ens,e_demand,2030,1,1.0,1.0,7,7,0.0
8,ens,e_demand,2030,1,1.0,1.0,8,8,0.0
9,ens,e_demand,2030,1,1.0,1.0,9,9,0.0
10,ens,e_demand,2030,1,1.0,1.0,10,10,0.0
11,ens,e_demand,2030,1,1.0,1.0,11,11,0.0
12,ens,e_demand,2030,1,1.0,1.0,12,12,0.0
13,ens,e_demand,2030,1,1.0,1.0,13,13,0.0
14,ens,e_demand,2030,1,1.0,1.0,14,14,0.0
15,ens,e_demand,2030,1,1.0,1.0,15,15,0.0
16,ens,e_demand,2030,1,1.0,1.0,16,16,0.0
17,ens,e_demand,2030,1,1.0,1.0,17,17,0.0
18,ens,e_demand,2030,1,1.0,1.0,18,18,0.0
19,ens,e_demand,2030,1,1.0,1.0,19,19,0.0
20,ens,e_demand,2030,1,1.0,1.0,20,20,0.0
21,ens,e_demand,2030,1,1.0,1.0,21,21,0.0
22,ens,e_demand,2030,1,1.0,1.0,22,22,0.0
23,ens,e_demand,2030,1,1.0,1.0,23,23,0.0
24,ens,e_demand,2030,1,1.0,1.0,24,24,0.0
25,wind,e_demand,2030,1,1.0,1.0,1,1,0.0
26,wind,e_demand,2030,1,1.0,1.0,2,2,0.0
27,wind,e_demand,2030,1,1.0,1.0,3,3,0.0
28,wind,e_demand,2030,1,1.0,1.0,4,4,0.0
29,wind,e_demand,2030,1,1.0,1.0,5,5,0.0
30,wind,e_demand,2030,1,1.0,1.0,6,6,0.0
31,wind,e_demand,2030,1,1.0,1.0,7,7,0.0
32,wind,e_demand,2030,1,1.0,1.0,8,8,0.0
33,wind,e_demand,2030,1,1.0,1.0,9,9,0.0
34,wind,e_demand,2030,1,1.0,1.0,10,10,0.0
35,wind,e_demand,2030,1,1.0,1.0,11,11,0.0
36,wind,e_demand,2030,1,1.0,1.0,12,12,0.0
37,wind,e_demand,2030,1,1.0,1.0,13,13,0.0
38,wind,e_demand,2030,1,1.0,1.0,14,14,0.0
39,wind,e_demand,2030,1,1.0,1.0,15,15,0.0
40,wind,e_demand,2030,1,1.0,1.0,16,16,0.0
41,wind,e_demand,2030,1,1.0,1.0,17,17,0.0
42,wind,e_demand,2030,1,1.0,1.0,18,18,0.0
43,wind,e_demand,2030,1,1.0,1.0,19,19,0.0
44,wind,e_demand,2030,1,1.0,1.0,20,20,0.0
45,wind,e_demand,2030,1,1.0,1.0,21,21,0.0
46,wind,e_demand,2030,1,1.0,1.0,22,22,0.0
47,wind,e_demand,2030,1,1.0,1.0,23,23,0.0
48,wind,e_demand,2030,1,1.0,1.0,24,24,0.0
49,wind_offshore,e_demand,2030,1,1.0,1.0,1,1,0.0
50,wind_offshore,e_demand,2030,1,1.0,1.0,2,2,0.0
51,wind_offshore,e_demand,2030,1,1.0,1.0,3,3,0.0
52,wind_offshore,e_demand,2030,1,1.0,1.0,4,4,0.0
53,wind_offshore,e_demand,2030,1,1.0,1.0,5,5,0.0
54,wind_offshore,e_demand,2030,1,1.0,1.0,6,6,0.0
55,wind_offshore,e_demand,2030,1,1.0,1.0,7,7,0.0
56,wind_offshore,e_demand,2030,1,1.0,1.0,8,8,0.0
57,wind_offshore,e_demand,2030,1,1.0,1.0,9,9,0.0
58,wind_offshore,e_demand,2030,1,1.0,1.0,10,10,0.0
59,wind_offshore,e_demand,2030,1,1.0,1.0,11,11,0.0
60,wind_offshore,e_demand,2030,1,1.0,1.0,12,12,0.0
61,wind_offshore,e_demand,2030,1,1.0,1.0,13,13,0.0
62,wind_offshore,e_demand,2030,1,1.0,1.0,14,14,0.0
63,wind_offshore,e_demand,2030,1,1.0,1.0,15,15,0.0
64,wind_offshore,e_demand,2030,1,1.0,1.0,16,16,0.0
65,wind_offshore,e_demand,2030,1,1.0,1.0,17,17,0.0
66,wind_offshore,e_demand,2030,1,1.0,1.0,18,18,0.0
67,wind_offshore,e_demand,2030,1,1.0,1.0,19,19,0.0
68,wind_offshore,e_demand,2030,1,1.0,1.0,20,20,0.0
69,wind_offshore,e_demand,2030,1,1.0,1.0,21,21,0.0
70,wind_offshore,e_demand,2030,1,1.0,1.0,22,22,0.0
71,wind_offshore,e_demand,2030,1,1.0,1.0,23,23,0.0
72,wind_offshore,e_demand,2030,1,1.0,1.0,24,24,0.0
73,ocgt,e_demand,2030,1,1.0,1.0,1,1,0.0
74,ocgt,e_demand,2030,1,1.0,1.0,2,2,0.0
75,ocgt,e_demand,2030,1,1.0,1.0,3,3,0.0
76,ocgt,e_demand,2030,1,1.0,1.0,4,4,0.0
77,ocgt,e_demand,2030,1,1.0,1.0,5,5,0.0
78,ocgt,e_demand,2030,1,1.0,1.0,6,6,0.0
79,ocgt,e_demand,2030,1,1.0,1.0,7,7,0.0
80,ocgt,e_demand,2030,1,1.0,1.0,8,8,0.0
81,ocgt,e_demand,2030,1,1.0,1.0,9,9,0.0
82,ocgt,e_demand,2030,1,1.0,1.0,10,10,0.0
83,ocgt,e_demand,2030,1,1.0,1.0,11,11,0.0
84,ocgt,e_demand,2030,1,1.0,1.0,12,12,0.0
85,ocgt,e_demand,2030,1,1.0,1.0,13,13,0.0
86,ocgt,e_demand,2030,1,1.0,1.0,14,14,0.0
87,ocgt,e_demand,2030,1,1.0,1.0,15,15,0.0
88,ocgt,e_demand,2030,1,1.0,1.0,16,16,0.0
89,ocgt,e_demand,2030,1,1.0,1.0,17,17,0.0
90,ocgt,e_demand,2030,1,1.0,1.0,18,18,0.0
91,ocgt,e_demand,2030,1,1.0,1.0,19,19,0.0
92,ocgt,e_demand,2030,1,1.0,1.0,20,20,0.0
93,ocgt,e_demand,2030,1,1.0,1.0,21,21,0.0
94,ocgt,e_demand,2030,1,1.0,1.0,22,22,0.0
95,ocgt,e_demand,2030,1,1.0,1.0,23,23,0.0
96,ocgt,e_demand,2030,1,1.0,1.0,24,24,0.0
97,ccgt,e_demand,2030,1,1.0,1.0,1,1,0.832138327587602
98,ccgt,e_demand,2030,1,1.0,1.0,2,2,0.822755208924278
99,ccgt,e_demand,2030,1,1.0,1.0,3,3,0.813851991401711
100,ccgt,e_demand,2030,1,1.0,1.0,4,4,0.8118860951482723
101,ccgt,e_demand,2030,1,1.0,1.0,5,5,0.8330011292003138
102,ccgt,e_demand,2030,1,1.0,1.0,6,6,0.8809520755738094
103,ccgt,e_demand,2030,1,1.0,1.0,7,7,0.8353179664288406
104,ccgt,e_demand,2030,1,1.0,1.0,8,8,0.7361948380605645
105,ccgt,e_demand,2030,1,1.0,1.0,9,9,0.6146656025564322
106,ccgt,e_demand,2030,1,1.0,1.0,10,10,0.5234630560510081
107,ccgt,e_demand,2030,1,1.0,1.0,11,11,0.5137405319063875
108,ccgt,e_demand,2030,1,1.0,1.0,12,12,0.5005938307857597
109,ccgt,e_demand,2030,1,1.0,1.0,13,13,0.46285444328676695
110,ccgt,e_demand,2030,1,1.0,1.0,14,14,0.4587356161252062
111,ccgt,e_demand,2030,1,1.0,1.0,15,15,0.4910981298832958
112,ccgt,e_demand,2030,1,1.0,1.0,16,16,0.5703152962367091
113,ccgt,e_demand,2030,1,1.0,1.0,17,17,0.7086307197852791
114,ccgt,e_demand,2030,1,1.0,1.0,18,18,0.852775465219046
115,ccgt,e_demand,2030,1,1.0,1.0,19,19,1.0365498496083674
116,ccgt,e_demand,2030,1,1.0,1.0,20,20,1.1311169686668618
117,ccgt,e_demand,2030,1,1.0,1.0,21,21,1.1187542776194828
118,ccgt,e_demand,2030,1,1.0,1.0,22,22,1.0446738905631496
119,ccgt,e_demand,2030,1,1.0,1.0,23,23,0.971970679406482
120,ccgt,e_demand,2030,1,1.0,1.0,24,24,0.9563144704503281
121,solar,e_demand,2030,1,1.0,1.0,1,1,0.0
122,solar,e_demand,2030,1,1.0,1.0,2,2,0.0
123,solar,e_demand,2030,1,1.0,1.0,3,3,0.0
124,solar,e_demand,2030,1,1.0,1.0,4,4,0.0
125,solar,e_demand,2030,1,1.0,1.0,5,5,0.0
126,solar,e_demand,2030,1,1.0,1.0,6,6,0.0007312423371596563
127,solar,e_demand,2030,1,1.0,1.0,7,7,0.045055542590407026
128,solar,e_demand,2030,1,1.0,1.0,8,8,0.2192648675213334
129,solar,e_demand,2030,1,1.0,1.0,9,9,0.4137273833065763
130,solar,e_demand,2030,1,1.0,1.0,10,10,0.5794248722079716
131,solar,e_demand,2030,1,1.0,1.0,11,11,0.6616149764201531
132,solar,e_demand,2030,1,1.0,1.0,12,12,0.7260221811822952
133,solar,e_demand,2030,1,1.0,1.0,13,13,0.7624934760336388
134,solar,e_demand,2030,1,1.0,1.0,14,14,0.7469238155901855
135,solar,e_demand,2030,1,1.0,1.0,15,15,0.7170203338247908
136,solar,e_demand,2030,1,1.0,1.0,16,16,0.6267042697155498
137,solar,e_demand,2030,1,1.0,1.0,17,17,0.48397506502832066
138,solar,e_demand,2030,1,1.0,1.0,18,18,0.3060189942670741
139,solar,e_demand,2030,1,1.0,1.0,19,19,0.11795532346290398
140,solar,e_demand,2030,1,1.0,1.0,20,20,0.009891428846982804
141,solar,e_demand,2030,1,1.0,1.0,21,21,0.0
142,solar,e_demand,2030,1,1.0,1.0,22,22,0.0
143,solar,e_demand,2030,1,1.0,1.0,23,23,0.0
144,solar,e_demand,2030,1,1.0,1.0,24,24,0.0
145,wind_offshore,e_demand,2030,2,1.0,1.0,1,1,0.0
146,wind_offshore,e_demand,2030,2,1.0,1.0,2,2,0.0
147,wind_offshore,e_demand,2030,2,1.0,1.0,3,3,0.0
148,wind_offshore,e_demand,2030,2,1.0,1.0,4,4,0.0
149,wind_offshore,e_demand,2030,2,1.0,1.0,5,5,0.0
150,wind_offshore,e_demand,2030,2,1.0,1.0,6,6,0.0
151,wind_offshore,e_demand,2030,2,1.0,1.0,7,7,0.0
152,wind_offshore,e_demand,2030,2,1.0,1.0,8,8,0.0
153,wind_offshore,e_demand,2030,2,1.0,1.0,9,9,0.0
154,wind_offshore,e_demand,2030,2,1.0,1.0,10,10,0.0
155,wind_offshore,e_demand,2030,2,1.0,1.0,11,11,0.0
156,wind_offshore,e_demand,2030,2,1.0,1.0,12,12,0.0
157,wind_offshore,e_demand,2030,2,1.0,1.0,13,13,0.0
158,wind_offshore,e_demand,2030,2,1.0,1.0,14,14,0.0
159,wind_offshore,e_demand,2030,2,1.0,1.0,15,15,0.0
160,wind_offshore,e_demand,2030,2,1.0,1.0,16,16,0.0
161,wind_offshore,e_demand,2030,2,1.0,1.0,17,17,0.0
162,wind_offshore,e_demand,2030,2,1.0,1.0,18,18,0.0
163,wind_offshore,e_demand,2030,2,1.0,1.0,19,19,0.0
164,wind_offshore,e_demand,2030,2,1.0,1.0,20,20,0.0
165,wind_offshore,e_demand,2030,2,1.0,1.0,21,21,0.0
166,wind_offshore,e_demand,2030,2,1.0,1.0,22,22,0.0
167,wind_offshore,e_demand,2030,2,1.0,1.0,23,23,0.0
168,wind_offshore,e_demand,2030,2,1.0,1.0,24,24,0.0
169,ocgt,e_demand,2030,2,1.0,1.0,1,1,0.0
170,ocgt,e_demand,2030,2,1.0,1.0,2,2,0.0
171,ocgt,e_demand,2030,2,1.0,1.0,3,3,0.0
172,ocgt,e_demand,2030,2,1.0,1.0,4,4,0.0
173,ocgt,e_demand,2030,2,1.0,1.0,5,5,0.0
174,ocgt,e_demand,2030,2,1.0,1.0,6,6,0.0
175,ocgt,e_demand,2030,2,1.0,1.0,7,7,0.0
176,ocgt,e_demand,2030,2,1.0,1.0,8,8,0.0
177,ocgt,e_demand,2030,2,1.0,1.0,9,9,0.0
178,ocgt,e_demand,2030,2,1.0,1.0,10,10,0.0
179,ocgt,e_demand,2030,2,1.0,1.0,11,11,0.0
180,ocgt,e_demand,2030,2,1.0,1.0,12,12,0.0
181,ocgt,e_demand,2030,2,1.0,1.0,13,13,0.0
182,ocgt,e_demand,2030,2,1.0,1.0,14,14,0.0
183,ocgt,e_demand,2030,2,1.0,1.0,15,15,0.0
184,ocgt,e_demand,2030,2,1.0,1.0,16,16,0.0
185,ocgt,e_demand,2030,2,1.0,1.0,17,17,0.0
186,ocgt,e_demand,2030,2,1.0,1.0,18,18,0.0
187,ocgt,e_demand,2030,2,1.0,1.0,19,19,0.0
188,ocgt,e_demand,2030,2,1.0,1.0,20,20,0.027628259331987204
189,ocgt,e_demand,2030,2,1.0,1.0,21,21,0.0
190,ocgt,e_demand,2030,2,1.0,1.0,22,22,0.0
191,ocgt,e_demand,2030,2,1.0,1.0,23,23,0.0
192,ocgt,e_demand,2030,2,1.0,1.0,24,24,0.0
193,ens,e_demand,2030,2,1.0,1.0,1,1,0.0
194,ens,e_demand,2030,2,1.0,1.0,2,2,0.0
195,ens,e_demand,2030,2,1.0,1.0,3,3,0.0
196,ens,e_demand,2030,2,1.0,1.0,4,4,0.0
197,ens,e_demand,2030,2,1.0,1.0,5,5,0.0
198,ens,e_demand,2030,2,1.0,1.0,6,6,0.0
199,ens,e_demand,2030,2,1.0,1.0,7,7,0.0
200,ens,e_demand,2030,2,1.0,1.0,8,8,0.0
201,ens,e_demand,2030,2,1.0,1.0,9,9,0.0
202,ens,e_demand,2030,2,1.0,1.0,10,10,0.0
203,ens,e_demand,2030,2,1.0,1.0,11,11,0.0
204,ens,e_demand,2030,2,1.0,1.0,12,12,0.0
205,ens,e_demand,2030,2,1.0,1.0,13,13,0.0
206,ens,e_demand,2030,2,1.0,1.0,14,14,0.0
207,ens,e_demand,2030,2,1.0,1.0,15,15,0.0
208,ens,e_demand,2030,2,1.0,1.0,16,16,0.0
209,ens,e_demand,2030,2,1.0,1.0,17,17,0.0
210,ens,e_demand,2030,2,1.0,1.0,18,18,0.0
211,ens,e_demand,2030,2,1.0,1.0,19,19,0.0
212,ens,e_demand,2030,2,1.0,1.0,20,20,0.0
213,ens,e_demand,2030,2,1.0,1.0,21,21,0.0
214,ens,e_demand,2030,2,1.0,1.0,22,22,0.0
215,ens,e_demand,2030,2,1.0,1.0,23,23,0.0
216,ens,e_demand,2030,2,1.0,1.0,24,24,0.0
217,solar,e_demand,2030,2,1.0,1.0,1,1,0.0
218,solar,e_demand,2030,2,1.0,1.0,2,2,0.0
219,solar,e_demand,2030,2,1.0,1.0,3,3,0.0
220,solar,e_demand,2030,2,1.0,1.0,4,4,0.0
221,solar,e_demand,2030,2,1.0,1.0,5,5,0.0
222,solar,e_demand,2030,2,1.0,1.0,6,6,0.0
223,solar,e_demand,2030,2,1.0,1.0,7,7,0.01587533229994015
224,solar,e_demand,2030,2,1.0,1.0,8,8,0.16027926330691047
225,solar,e_demand,2030,2,1.0,1.0,9,9,0.3530557513598943
226,solar,e_demand,2030,2,1.0,1.0,10,10,0.5273277685229777
227,solar,e_demand,2030,2,1.0,1.0,11,11,0.6518249996752914
228,solar,e_demand,2030,2,1.0,1.0,12,12,0.7281932846155121
229,solar,e_demand,2030,2,1.0,1.0,13,13,0.7465493968727327
230,solar,e_demand,2030,2,1.0,1.0,14,14,0.7287286733236134
231,solar,e_demand,2030,2,1.0,1.0,15,15,0.6689894302268876
232,solar,e_demand,2030,2,1.0,1.0,16,16,0.567848907899704
233,solar,e_demand,2030,2,1.0,1.0,17,17,0.43440339884208695
234,solar,e_demand,2030,2,1.0,1.0,18,18,0.26860418569439437
235,solar,e_demand,2030,2,1.0,1.0,19,19,0.09525366704839715
236,solar,e_demand,2030,2,1.0,1.0,20,20,0.0016091914799542491
237,solar,e_demand,2030,2,1.0,1.0,21,21,0.0
238,solar,e_demand,2030,2,1.0,1.0,22,22,0.0
239,solar,e_demand,2030,2,1.0,1.0,23,23,0.0
240,solar,e_demand,2030,2,1.0,1.0,24,24,0.0
241,ccgt,e_demand,2030,2,1.0,1.0,1,1,0.8821577627005432
242,ccgt,e_demand,2030,2,1.0,1.0,2,2,0.8707395498045181
243,ccgt,e_demand,2030,2,1.0,1.0,3,3,0.8350891190007557
244,ccgt,e_demand,2030,2,1.0,1.0,4,4,0.8268650539648443
245,ccgt,e_demand,2030,2,1.0,1.0,5,5,0.8701988234478744
246,ccgt,e_demand,2030,2,1.0,1.0,6,6,0.9097256183126614
247,ccgt,e_demand,2030,2,1.0,1.0,7,7,0.9221415173721875
248,ccgt,e_demand,2030,2,1.0,1.0,8,8,0.8537431151122529
249,ccgt,e_demand,2030,2,1.0,1.0,9,9,0.7486342418143764
250,ccgt,e_demand,2030,2,1.0,1.0,10,10,0.6712688934856491
251,ccgt,e_demand,2030,2,1.0,1.0,11,11,0.6291853252480242
252,ccgt,e_demand,2030,2,1.0,1.0,12,12,0.6017524717441536
253,ccgt,e_demand,2030,2,1.0,1.0,13,13,0.5766809081967746
254,ccgt,e_demand,2030,2,1.0,1.0,14,14,0.5886552955529505
255,ccgt,e_demand,2030,2,1.0,1.0,15,15,0.6083045182118391
256,ccgt,e_demand,2030,2,1.0,1.0,16,16,0.7167738706046658
257,ccgt,e_demand,2030,2,1.0,1.0,17,17,0.834894715928866
258,ccgt,e_demand,2030,2,1.0,1.0,18,18,1.0026366053969
259,ccgt,e_demand,2030,2,1.0,1.0,19,19,1.117746874883182
260,ccgt,e_demand,2030,2,1.0,1.0,20,20,1.1602051817031158
261,ccgt,e_demand,2030,2,1.0,1.0,21,21,1.1602051817031158
262,ccgt,e_demand,2030,2,1.0,1.0,22,22,1.1038746994986242
263,ccgt,e_demand,2030,2,1.0,1.0,23,23,1.029905286941468
264,ccgt,e_demand,2030,2,1.0,1.0,24,24,0.9818673916937246
265,wind,e_demand,2030,2,1.0,1.0,1,1,0.0
266,wind,e_demand,2030,2,1.0,1.0,2,2,0.0
267,wind,e_demand,2030,2,1.0,1.0,3,3,0.0
268,wind,e_demand,2030,2,1.0,1.0,4,4,0.0
269,wind,e_demand,2030,2,1.0,1.0,5,5,0.0
270,wind,e_demand,2030,2,1.0,1.0,6,6,0.0
271,wind,e_demand,2030,2,1.0,1.0,7,7,0.0
272,wind,e_demand,2030,2,1.0,1.0,8,8,0.0
273,wind,e_demand,2030,2,1.0,1.0,9,9,0.0
274,wind,e_demand,2030,2,1.0,1.0,10,10,0.0
275,wind,e_demand,2030,2,1.0,1.0,11,11,0.0
276,wind,e_demand,2030,2,1.0,1.0,12,12,0.0
277,wind,e_demand,2030,2,1.0,1.0,13,13,0.0
278,wind,e_demand,2030,2,1.0,1.0,14,14,0.0
279,wind,e_demand,2030,2,1.0,1.0,15,15,0.0
280,wind,e_demand,2030,2,1.0,1.0,16,16,0.0
281,wind,e_demand,2030,2,1.0,1.0,17,17,0.0
282,wind,e_demand,2030,2,1.0,1.0,18,18,0.0
283,wind,e_demand,2030,2,1.0,1.0,19,19,0.0
284,wind,e_demand,2030,2,1.0,1.0,20,20,0.0
285,wind,e_demand,2030,2,1.0,1.0,21,21,0.0
286,wind,e_demand,2030,2,1.0,1.0,22,22,0.0
287,wind,e_demand,2030,2,1.0,1.0,23,23,0.0
288,wind,e_demand,2030,2,1.0,1.0,24,24,0.0
289,ens,e_demand,2030,3,1.0,1.0,1,1,0.0
290,ens,e_demand,2030,3,1.0,1.0,2,2,0.0
291,ens,e_demand,2030,3,1.0,1.0,3,3,0.0
292,ens,e_demand,2030,3,1.0,1.0,4,4,0.0
293,ens,e_demand,2030,3,1.0,1.0,5,5,0.0
294,ens,e_demand,2030,3,1.0,1.0,6,6,0.0
295,ens,e_demand,2030,3,1.0,1.0,7,7,0.0
296,ens,e_demand,2030,3,1.0,1.0,8,8,0.0
297,ens,e_demand,2030,3,1.0,1.0,9,9,0.0
298,ens,e_demand,2030,3,1.0,1.0,10,10,0.0
299,ens,e_demand,2030,3,1.0,1.0,11,11,0.0
300,ens,e_demand,2030,3,1.0,1.0,12,12,0.0
301,ens,e_demand,2030,3,1.0,1.0,13,13,0.0
302,ens,e_demand,2030,3,1.0,1.0,14,14,0.0
303,ens,e_demand,2030,3,1.0,1.0,15,15,0.0
304,ens,e_demand,2030,3,1.0,1.0,16,16,0.0
305,ens,e_demand,2030,3,1.0,1.0,17,17,0.0
306,ens,e_demand,2030,3,1.0,1.0,18,18,0.0
307,ens,e_demand,2030,3,1.0,1.0,19,19,0.0
308,ens,e_demand,2030,3,1.0,1.0,20,20,0.0
309,ens,e_demand,2030,3,1.0,1.0,21,21,0.0
310,ens,e_demand,2030,3,1.0,1.0,22,22,0.0
311,ens,e_demand,2030,3,1.0,1.0,23,23,0.0
312,ens,e_demand,2030,3,1.0,1.0,24,24,0.0
313,wind_offshore,e_demand,2030,3,1.0,1.0,1,1,0.0
314,wind_offshore,e_demand,2030,3,1.0,1.0,2,2,0.0
315,wind_offshore,e_demand,2030,3,1.0,1.0,3,3,0.0
316,wind_offshore,e_demand,2030,3,1.0,1.0,4,4,0.0
317,wind_offshore,e_demand,2030,3,1.0,1.0,5,5,0.0
318,wind_offshore,e_demand,2030,3,1.0,1.0,6,6,0.0
319,wind_offshore,e_demand,2030,3,1.0,1.0,7,7,0.0
320,wind_offshore,e_demand,2030,3,1.0,1.0,8,8,0.0
321,wind_offshore,e_demand,2030,3,1.0,1.0,9,9,0.0
322,wind_offshore,e_demand,2030,3,1.0,1.0,10,10,0.0
323,wind_offshore,e_demand,2030,3,1.0,1.0,11,11,0.0
324,wind_offshore,e_demand,2030,3,1.0,1.0,12,12,0.0
325,wind_offshore,e_demand,2030,3,1.0,1.0,13,13,0.0
326,wind_offshore,e_demand,2030,3,1.0,1.0,14,14,0.0
327,wind_offshore,e_demand,2030,3,1.0,1.0,15,15,0.0
328,wind_offshore,e_demand,2030,3,1.0,1.0,16,16,0.0
329,wind_offshore,e_demand,2030,3,1.0,1.0,17,17,0.0
330,wind_offshore,e_demand,2030,3,1.0,1.0,18,18,0.0
331,wind_offshore,e_demand,2030,3,1.0,1.0,19,19,0.0
332,wind_offshore,e_demand,2030,3,1.0,1.0,20,20,0.0
333,wind_offshore,e_demand,2030,3,1.0,1.0,21,21,0.0
334,wind_offshore,e_demand,2030,3,1.0,1.0,22,22,0.0
335,wind_offshore,e_demand,2030,3,1.0,1.0,23,23,0.0
336,wind_offshore,e_demand,2030,3,1.0,1.0,24,24,0.0
337,ocgt,e_demand,2030,3,1.0,1.0,1,1,0.0
338,ocgt,e_demand,2030,3,1.0,1.0,2,2,0.0
339,ocgt,e_demand,2030,3,1.0,1.0,3,3,0.0
340,ocgt,e_demand,2030,3,1.0,1.0,4,4,0.0
341,ocgt,e_demand,2030,3,1.0,1.0,5,5,0.0
342,ocgt,e_demand,2030,3,1.0,1.0,6,6,0.0
343,ocgt,e_demand,2030,3,1.0,1.0,7,7,0.0
344,ocgt,e_demand,2030,3,1.0,1.0,8,8,0.0
345,ocgt,e_demand,2030,3,1.0,1.0,9,9,0.0
346,ocgt,e_demand,2030,3,1.0,1.0,10,10,0.0
347,ocgt,e_demand,2030,3,1.0,1.0,11,11,0.0
348,ocgt,e_demand,2030,3,1.0,1.0,12,12,0.0
349,ocgt,e_demand,2030,3,1.0,1.0,13,13,0.0
350,ocgt,e_demand,2030,3,1.0,1.0,14,14,0.0
351,ocgt,e_demand,2030,3,1.0,1.0,15,15,0.0
352,ocgt,e_demand,2030,3,1.0,1.0,16,16,0.0
353,ocgt,e_demand,2030,3,1.0,1.0,17,17,0.0
354,ocgt,e_demand,2030,3,1.0,1.0,18,18,0.0
355,ocgt,e_demand,2030,3,1.0,1.0,19,19,0.0
356,ocgt,e_demand,2030,3,1.0,1.0,20,20,0.0
357,ocgt,e_demand,2030,3,1.0,1.0,21,21,0.0
358,ocgt,e_demand,2030,3,1.0,1.0,22,22,0.0
359,ocgt,e_demand,2030,3,1.0,1.0,23,23,0.0
360,ocgt,e_demand,2030,3,1.0,1.0,24,24,0.0
361,solar,e_demand,2030,3,1.0,1.0,1,1,0.0
362,solar,e_demand,2030,3,1.0,1.0,2,2,0.0
363,solar,e_demand,2030,3,1.0,1.0,3,3,0.0
364,solar,e_demand,2030,3,1.0,1.0,4,4,0.0
365,solar,e_demand,2030,3,1.0,1.0,5,5,0.0
366,solar,e_demand,2030,3,1.0,1.0,6,6,0.0
367,solar,e_demand,2030,3,1.0,1.0,7,7,0.0
368,solar,e_demand,2030,3,1.0,1.0,8,8,0.0
369,solar,e_demand,2030,3,1.0,1.0,9,9,0.011804006443907819
370,solar,e_demand,2030,3,1.0,1.0,10,10,0.05567406987766163
371,solar,e_demand,2030,3,1.0,1.0,11,11,0.10401016398635689
372,solar,e_demand,2030,3,1.0,1.0,12,12,0.13972801092770665
373,solar,e_demand,2030,3,1.0,1.0,13,13,0.14965979078242247
374,solar,e_demand,2030,3,1.0,1.0,14,14,0.1427806232075725
375,solar,e_demand,2030,3,1.0,1.0,15,15,0.12078766695370034
376,solar,e_demand,2030,3,1.0,1.0,16,16,0.07986423858977883
377,solar,e_demand,2030,3,1.0,1.0,17,17,0.03277600681839483
378,solar,e_demand,2030,3,1.0,1.0,18,18,0.0
379,solar,e_demand,2030,3,1.0,1.0,19,19,0.0
380,solar,e_demand,2030,3,1.0,1.0,20,20,0.0
381,solar,e_demand,2030,3,1.0,1.0,21,21,0.0
382,solar,e_demand,2030,3,1.0,1.0,22,22,0.0
383,solar,e_demand,2030,3,1.0,1.0,23,23,0.0
384,solar,e_demand,2030,3,1.0,1.0,24,24,0.0
385,ccgt,e_demand,2030,3,1.0,1.0,1,1,0.8392973671971637
386,ccgt,e_demand,2030,3,1.0,1.0,2,2,0.8266891965664395
387,ccgt,e_demand,2030,3,1.0,1.0,3,3,0.7944398728708146
388,ccgt,e_demand,2030,3,1.0,1.0,4,4,0.7826862492430291
389,ccgt,e_demand,2030,3,1.0,1.0,5,5,0.8012268859809182
390,ccgt,e_demand,2030,3,1.0,1.0,6,6,0.8468909229777157
391,ccgt,e_demand,2030,3,1.0,1.0,7,7,0.9071092290320395
392,ccgt,e_demand,2030,3,1.0,1.0,8,8,0.9855054864622003
393,ccgt,e_demand,2030,3,1.0,1.0,9,9,1.0332257156942763
394,ccgt,e_demand,2030,3,1.0,1.0,10,10,1.003231871249686
395,ccgt,e_demand,2030,3,1.0,1.0,11,11,0.9598524612827688
396,ccgt,e_demand,2030,3,1.0,1.0,12,12,0.9028540512502796
397,ccgt,e_demand,2030,3,1.0,1.0,13,13,0.8857535838602346
398,ccgt,e_demand,2030,3,1.0,1.0,14,14,0.8763968504657602
399,ccgt,e_demand,2030,3,1.0,1.0,15,15,0.8734398847282523
400,ccgt,e_demand,2030,3,1.0,1.0,16,16,0.9157763759494356
401,ccgt,e_demand,2030,3,1.0,1.0,17,17,0.9673874108463827
402,ccgt,e_demand,2030,3,1.0,1.0,18,18,1.0332613610260366
403,ccgt,e_demand,2030,3,1.0,1.0,19,19,1.077091980635347
404,ccgt,e_demand,2030,3,1.0,1.0,20,20,1.1077971314930546
405,ccgt,e_demand,2030,3,1.0,1.0,21,21,1.0973432357722486
406,ccgt,e_demand,2030,3,1.0,1.0,22,22,1.0230163612644183
407,ccgt,e_demand,2030,3,1.0,1.0,23,23,0.9368163449921222
408,ccgt,e_demand,2030,3,1.0,1.0,24,24,0.8869499553664457
409,wind,e_demand,2030,3,1.0,1.0,1,1,0.0
410,wind,e_demand,2030,3,1.0,1.0,2,2,0.0
411,wind,e_demand,2030,3,1.0,1.0,3,3,0.0
412,wind,e_demand,2030,3,1.0,1.0,4,4,0.0
413,wind,e_demand,2030,3,1.0,1.0,5,5,0.0
414,wind,e_demand,2030,3,1.0,1.0,6,6,0.0
415,wind,e_demand,2030,3,1.0,1.0,7,7,0.0
416,wind,e_demand,2030,3,1.0,1.0,8,8,0.0
417,wind,e_demand,2030,3,1.0,1.0,9,9,0.0
418,wind,e_demand,2030,3,1.0,1.0,10,10,0.0
419,wind,e_demand,2030,3,1.0,1.0,11,11,0.0
420,wind,e_demand,2030,3,1.0,1.0,12,12,0.0
421,wind,e_demand,2030,3,1.0,1.0,13,13,0.0
422,wind,e_demand,2030,3,1.0,1.0,14,14,0.0
423,wind,e_demand,2030,3,1.0,1.0,15,15,0.0
424,wind,e_demand,2030,3,1.0,1.0,16,16,0.0
425,wind,e_demand,2030,3,1.0,1.0,17,17,0.0
426,wind,e_demand,2030,3,1.0,1.0,18,18,0.0
427,wind,e_demand,2030,3,1.0,1.0,19,19,0.0
428,wind,e_demand,2030,3,1.0,1.0,20,20,0.0
429,wind,e_demand,2030,3,1.0,1.0,21,21,0.0
430,wind,e_demand,2030,3,1.0,1.0,22,22,0.0
431,wind,e_demand,2030,3,1.0,1.0,23,23,0.0
432,wind,e_demand,2030,3,1.0,1.0,24,24,0.0
433,ens,e_demand,2030,4,1.0,1.0,1,1,0.0
434,ens,e_demand,2030,4,1.0,1.0,2,2,0.0
435,ens,e_demand,2030,4,1.0,1.0,3,3,0.0
436,ens,e_demand,2030,4,1.0,1.0,4,4,0.0
437,ens,e_demand,2030,4,1.0,1.0,5,5,0.0
438,ens,e_demand,2030,4,1.0,1.0,6,6,0.0
439,ens,e_demand,2030,4,1.0,1.0,7,7,0.0
440,ens,e_demand,2030,4,1.0,1.0,8,8,0.0
441,ens,e_demand,2030,4,1.0,1.0,9,9,0.0
442,ens,e_demand,2030,4,1.0,1.0,10,10,0.0
443,ens,e_demand,2030,4,1.0,1.0,11,11,0.0
444,ens,e_demand,2030,4,1.0,1.0,12,12,0.0
445,ens,e_demand,2030,4,1.0,1.0,13,13,0.0
446,ens,e_demand,2030,4,1.0,1.0,14,14,0.0
447,ens,e_demand,2030,4,1.0,1.0,15,15,0.0
448,ens,e_demand,2030,4,1.0,1.0,16,16,0.0
449,ens,e_demand,2030,4,1.0,1.0,17,17,0.0
450,ens,e_demand,2030,4,1.0,1.0,18,18,0.0
451,ens,e_demand,2030,4,1.0,1.0,19,19,0.017985674600565993
452,ens,e_demand,2030,4,1.0,1.0,20,20,0.08331378708136006
453,ens,e_demand,2030,4,1.0,1.0,21,21,0.08843550171445824
454,ens,e_demand,2030,4,1.0,1.0,22,22,0.0038485518941744346
455,ens,e_demand,2030,4,1.0,1.0,23,23,0.0
456,ens,e_demand,2030,4,1.0,1.0,24,24,0.0
457,wind_offshore,e_demand,2030,4,1.0,1.0,1,1,0.0
458,wind_offshore,e_demand,2030,4,1.0,1.0,2,2,0.0
459,wind_offshore,e_demand,2030,4,1.0,1.0,3,3,0.0
460,wind_offshore,e_demand,2030,4,1.0,1.0,4,4,0.0
461,wind_offshore,e_demand,2030,4,1.0,1.0,5,5,0.0
462,wind_offshore,e_demand,2030,4,1.0,1.0,6,6,0.0
463,wind_offshore,e_demand,2030,4,1.0,1.0,7,7,0.0
464,wind_offshore,e_demand,2030,4,1.0,1.0,8,8,0.0
465,wind_offshore,e_demand,2030,4,1.0,1.0,9,9,0.0
466,wind_offshore,e_demand,2030,4,1.0,1.0,10,10,0.0
467,wind_offshore,e_demand,2030,4,1.0,1.0,11,11,0.0
468,wind_offshore,e_demand,2030,4,1.0,1.0,12,12,0.0
469,wind_offshore,e_demand,2030,4,1.0,1.0,13,13,0.0
470,wind_offshore,e_demand,2030,4,1.0,1.0,14,14,0.0
471,wind_offshore,e_demand,2030,4,1.0,1.0,15,15,0.0
472,wind_offshore,e_demand,2030,4,1.0,1.0,16,16,0.0
473,wind_offshore,e_demand,2030,4,1.0,1.0,17,17,0.0
474,wind_offshore,e_demand,2030,4,1.0,1.0,18,18,0.0
475,wind_offshore,e_demand,2030,4,1.0,1.0,19,19,0.0
476,wind_offshore,e_demand,2030,4,1.0,1.0,20,20,0.0
477,wind_offshore,e_demand,2030,4,1.0,1.0,21,21,0.0
478,wind_offshore,e_demand,2030,4,1.0,1.0,22,22,0.0
479,wind_offshore,e_demand,2030,4,1.0,1.0,23,23,0.0
480,wind_offshore,e_demand,2030,4,1.0,1.0,24,24,0.0
481,ocgt,e_demand,2030,4,1.0,1.0,1,1,0.0
482,ocgt,e_demand,2030,4,1.0,1.0,2,2,0.0
483,ocgt,e_demand,2030,4,1.0,1.0,3,3,0.0
484,ocgt,e_demand,2030,4,1.0,1.0,4,4,0.0
485,ocgt,e_demand,2030,4,1.0,1.0,5,5,0.0
486,ocgt,e_demand,2030,4,1.0,1.0,6,6,0.0
487,ocgt,e_demand,2030,4,1.0,1.0,7,7,0.0
488,ocgt,e_demand,2030,4,1.0,1.0,8,8,0.0
489,ocgt,e_demand,2030,4,1.0,1.0,9,9,0.0
490,ocgt,e_demand,2030,4,1.0,1.0,10,10,0.0
491,ocgt,e_demand,2030,4,1.0,1.0,11,11,0.0
492,ocgt,e_demand,2030,4,1.0,1.0,12,12,0.0
493,ocgt,e_demand,2030,4,1.0,1.0,13,13,0.0
494,ocgt,e_demand,2030,4,1.0,1.0,14,14,0.0
495,ocgt,e_demand,2030,4,1.0,1.0,15,15,0.0
496,ocgt,e_demand,2030,4,1.0,1.0,16,16,0.0
497,ocgt,e_demand,2030,4,1.0,1.0,17,17,0.0
498,ocgt,e_demand,2030,4,1.0,1.0,18,18,0.02462114562189366
499,ocgt,e_demand,2030,4,1.0,1.0,19,19,0.12779557447519108
500,ocgt,e_demand,2030,4,1.0,1.0,20,20,0.12779557447519108
501,ocgt,e_demand,2030,4,1.0,1.0,21,21,0.12779557447519108
502,ocgt,e_demand,2030,4,1.0,1.0,22,22,0.12779557447519108
503,ocgt,e_demand,2030,4,1.0,1.0,23,23,0.0
504,ocgt,e_demand,2030,4,1.0,1.0,24,24,0.0
505,solar,e_demand,2030,4,1.0,1.0,1,1,0.0
506,solar,e_demand,2030,4,1.0,1.0,2,2,0.0
507,solar,e_demand,2030,4,1.0,1.0,3,3,0.0
508,solar,e_demand,2030,4,1.0,1.0,4,4,0.0
509,solar,e_demand,2030,4,1.0,1.0,5,5,0.0
510,solar,e_demand,2030,4,1.0,1.0,6,6,0.00011432164732893418
511,solar,e_demand,2030,4,1.0,1.0,7,7,0.02278622345937917
512,solar,e_demand,2030,4,1.0,1.0,8,8,0.18124717520368921
513,solar,e_demand,2030,4,1.0,1.0,9,9,0.3885828440042755
514,solar,e_demand,2030,4,1.0,1.0,10,10,0.5562824868235248
515,solar,e_demand,2030,4,1.0,1.0,11,11,0.6599023539566995
516,solar,e_demand,2030,4,1.0,1.0,12,12,0.7278896359893915
517,solar,e_demand,2030,4,1.0,1.0,13,13,0.7502343901316026
518,solar,e_demand,2030,4,1.0,1.0,14,14,0.7401617949948878
519,solar,e_demand,2030,4,1.0,1.0,15,15,0.6969218916550592
520,solar,e_demand,2030,4,1.0,1.0,16,16,0.5944429823520405
521,solar,e_demand,2030,4,1.0,1.0,17,17,0.4545329385171322
522,solar,e_demand,2030,4,1.0,1.0,18,18,0.2864146383411871
523,solar,e_demand,2030,4,1.0,1.0,19,19,0.10887994036405715
524,solar,e_demand,2030,4,1.0,1.0,20,20,0.001949416527731226
525,solar,e_demand,2030,4,1.0,1.0,21,21,0.0
526,solar,e_demand,2030,4,1.0,1.0,22,22,0.0
527,solar,e_demand,2030,4,1.0,1.0,23,23,0.0
528,solar,e_demand,2030,4,1.0,1.0,24,24,0.0
529,ccgt,e_demand,2030,4,1.0,1.0,1,1,1.0263597873095678
530,ccgt,e_demand,2030,4,1.0,1.0,2,2,0.9878616837386557
531,ccgt,e_demand,2030,4,1.0,1.0,3,3,0.9633097932977176
532,ccgt,e_demand,2030,4,1.0,1.0,4,4,0.9273513988905726
533,ccgt,e_demand,2030,4,1.0,1.0,5,5,0.9327776918717702
534,ccgt,e_demand,2030,4,1.0,1.0,6,6,0.9511679901587533
535,ccgt,e_demand,2030,4,1.0,1.0,7,7,0.9681099204166992
536,ccgt,e_demand,2030,4,1.0,1.0,8,8,0.8897132907368919
537,ccgt,e_demand,2030,4,1.0,1.0,9,9,0.8064074650222575
538,ccgt,e_demand,2030,4,1.0,1.0,10,10,0.7396815479009609
539,ccgt,e_demand,2030,4,1.0,1.0,11,11,0.7331038942723469
540,ccgt,e_demand,2030,4,1.0,1.0,12,12,0.7789069719863636
541,ccgt,e_demand,2030,4,1.0,1.0,13,13,0.7753182022579133
542,ccgt,e_demand,2030,4,1.0,1.0,14,14,0.78065328542601
543,ccgt,e_demand,2030,4,1.0,1.0,15,15,0.8117820363320098
544,ccgt,e_demand,2030,4,1.0,1.0,16,16,0.9201065919505329
545,ccgt,e_demand,2030,4,1.0,1.0,17,17,1.0693116997760572
546,ccgt,e_demand,2030,4,1.0,1.0,18,18,1.1602051817031158
547,ccgt,e_demand,2030,4,1.0,1.0,19,19,1.1602051817031158
548,ccgt,e_demand,2030,4,1.0,1.0,20,20,1.1602051817031158
549,ccgt,e_demand,2030,4,1.0,1.0,21,21,1.1602051817031158
550,ccgt,e_demand,2030,4,1.0,1.0,22,22,1.1602051817031158
551,ccgt,e_demand,2030,4,1.0,1.0,23,23,1.1530956940175492
552,ccgt,e_demand,2030,4,1.0,1.0,24,24,1.104173640685381
553,wind,e_demand,2030,4,1.0,1.0,1,1,0.0
554,wind,e_demand,2030,4,1.0,1.0,2,2,0.0
555,wind,e_demand,2030,4,1.0,1.0,3,3,0.0
556,wind,e_demand,2030,4,1.0,1.0,4,4,0.0
557,wind,e_demand,2030,4,1.0,1.0,5,5,0.0
558,wind,e_demand,2030,4,1.0,1.0,6,6,0.0
559,wind,e_demand,2030,4,1.0,1.0,7,7,0.0
560,wind,e_demand,2030,4,1.0,1.0,8,8,0.0
561,wind,e_demand,2030,4,1.0,1.0,9,9,0.0
562,wind,e_demand,2030,4,1.0,1.0,10,10,0.0
563,wind,e_demand,2030,4,1.0,1.0,11,11,0.0
564,wind,e_demand,2030,4,1.0,1.0,12,12,0.0
565,wind,e_demand,2030,4,1.0,1.0,13,13,0.0
566,wind,e_demand,2030,4,1.0,1.0,14,14,0.0
567,wind,e_demand,2030,4,1.0,1.0,15,15,0.0
568,wind,e_demand,2030,4,1.0,1.0,16,16,0.0
569,wind,e_demand,2030,4,1.0,1.0,17,17,0.0
570,wind,e_demand,2030,4,1.0,1.0,18,18,0.0
571,wind,e_demand,2030,4,1.0,1.0,19,19,0.0
572,wind,e_demand,2030,4,1.0,1.0,20,20,0.0
573,wind,e_demand,2030,4,1.0,1.0,21,21,0.0
574,wind,e_demand,2030,4,1.0,1.0,22,22,0.0
575,wind,e_demand,2030,4,1.0,1.0,23,23,0.0
576,wind,e_demand,2030,4,1.0,1.0,24,24,0.0
577,ocgt,e_demand,2030,5,1.0,1.0,1,1,0.0
578,ocgt,e_demand,2030,5,1.0,1.0,2,2,0.0
579,ocgt,e_demand,2030,5,1.0,1.0,3,3,0.0
580,ocgt,e_demand,2030,5,1.0,1.0,4,4,0.0
581,ocgt,e_demand,2030,5,1.0,1.0,5,5,0.0
582,ocgt,e_demand,2030,5,1.0,1.0,6,6,0.0
583,ocgt,e_demand,2030,5,1.0,1.0,7,7,0.0
584,ocgt,e_demand,2030,5,1.0,1.0,8,8,0.0
585,ocgt,e_demand,2030,5,1.0,1.0,9,9,0.0
586,ocgt,e_demand,2030,5,1.0,1.0,10,10,0.0
587,ocgt,e_demand,2030,5,1.0,1.0,11,11,0.0
588,ocgt,e_demand,2030,5,1.0,1.0,12,12,0.0
589,ocgt,e_demand,2030,5,1.0,1.0,13,13,0.0
590,ocgt,e_demand,2030,5,1.0,1.0,14,14,0.0
591,ocgt,e_demand,2030,5,1.0,1.0,15,15,0.0
592,ocgt,e_demand,2030,5,1.0,1.0,16,16,0.0
593,ocgt,e_demand,2030,5,1.0,1.0,17,17,0.0
594,ocgt,e_demand,2030,5,1.0,1.0,18,18,0.0
595,ocgt,e_demand,2030,5,1.0,1.0,19,19,0.0
596,ocgt,e_demand,2030,5,1.0,1.0,20,20,0.11292595497606506
597,ocgt,e_demand,2030,5,1.0,1.0,21,21,0.12779557447519108
598,ocgt,e_demand,2030,5,1.0,1.0,22,22,0.05901057274250232
599,ocgt,e_demand,2030,5,1.0,1.0,23,23,0.0
600,ocgt,e_demand,2030,5,1.0,1.0,24,24,0.0
601,wind,e_demand,2030,5,1.0,1.0,1,1,0.0
602,wind,e_demand,2030,5,1.0,1.0,2,2,0.0
603,wind,e_demand,2030,5,1.0,1.0,3,3,0.0
604,wind,e_demand,2030,5,1.0,1.0,4,4,0.0
605,wind,e_demand,2030,5,1.0,1.0,5,5,0.0
606,wind,e_demand,2030,5,1.0,1.0,6,6,0.0
607,wind,e_demand,2030,5,1.0,1.0,7,7,0.0
608,wind,e_demand,2030,5,1.0,1.0,8,8,0.0
609,wind,e_demand,2030,5,1.0,1.0,9,9,0.0
610,wind,e_demand,2030,5,1.0,1.0,10,10,0.0
611,wind,e_demand,2030,5,1.0,1.0,11,11,0.0
612,wind,e_demand,2030,5,1.0,1.0,12,12,0.0
613,wind,e_demand,2030,5,1.0,1.0,13,13,0.0
614,wind,e_demand,2030,5,1.0,1.0,14,14,0.0
615,wind,e_demand,2030,5,1.0,1.0,15,15,0.0
616,wind,e_demand,2030,5,1.0,1.0,16,16,0.0
617,wind,e_demand,2030,5,1.0,1.0,17,17,0.0
618,wind,e_demand,2030,5,1.0,1.0,18,18,0.0
619,wind,e_demand,2030,5,1.0,1.0,19,19,0.0
620,wind,e_demand,2030,5,1.0,1.0,20,20,0.0
621,wind,e_demand,2030,5,1.0,1.0,21,21,0.0
622,wind,e_demand,2030,5,1.0,1.0,22,22,0.0
623,wind,e_demand,2030,5,1.0,1.0,23,23,0.0
624,wind,e_demand,2030,5,1.0,1.0,24,24,0.0
625,ccgt,e_demand,2030,5,1.0,1.0,1,1,0.9939175544574366
626,ccgt,e_demand,2030,5,1.0,1.0,2,2,0.9751547363943326
627,ccgt,e_demand,2030,5,1.0,1.0,3,3,0.9306741548713745
628,ccgt,e_demand,2030,5,1.0,1.0,4,4,0.9127583721835766
629,ccgt,e_demand,2030,5,1.0,1.0,5,5,0.9392095276447872
630,ccgt,e_demand,2030,5,1.0,1.0,6,6,0.970850106340189
631,ccgt,e_demand,2030,5,1.0,1.0,7,7,0.9550125821698237
632,ccgt,e_demand,2030,5,1.0,1.0,8,8,0.7154055563526316
633,ccgt,e_demand,2030,5,1.0,1.0,9,9,0.450774520180687
634,ccgt,e_demand,2030,5,1.0,1.0,10,10,0.23564234487055158
635,ccgt,e_demand,2030,5,1.0,1.0,11,11,0.09627567763763989
636,ccgt,e_demand,2030,5,1.0,1.0,12,12,0.054190973469895765
637,ccgt,e_demand,2030,5,1.0,1.0,13,13,0.0
638,ccgt,e_demand,2030,5,1.0,1.0,14,14,0.0
639,ccgt,e_demand,2030,5,1.0,1.0,15,15,0.06733798547719116
640,ccgt,e_demand,2030,5,1.0,1.0,16,16,0.24479623159408037
641,ccgt,e_demand,2030,5,1.0,1.0,17,17,0.5219276617168729
642,ccgt,e_demand,2030,5,1.0,1.0,18,18,0.8078020459638288
643,ccgt,e_demand,2030,5,1.0,1.0,19,19,1.08846363698748
644,ccgt,e_demand,2030,5,1.0,1.0,20,20,1.1602051817031158
645,ccgt,e_demand,2030,5,1.0,1.0,21,21,1.1602051817031158
646,ccgt,e_demand,2030,5,1.0,1.0,22,22,1.1602051817031158
647,ccgt,e_demand,2030,5,1.0,1.0,23,23,1.100474923884419
648,ccgt,e_demand,2030,5,1.0,1.0,24,24,1.0514967951854972
649,solar,e_demand,2030,5,1.0,1.0,1,1,0.0
650,solar,e_demand,2030,5,1.0,1.0,2,2,0.0
651,solar,e_demand,2030,5,1.0,1.0,3,3,0.0
652,solar,e_demand,2030,5,1.0,1.0,4,4,0.0
653,solar,e_demand,2030,5,1.0,1.0,5,5,0.0
654,solar,e_demand,2030,5,1.0,1.0,6,6,0.00021384191323552468
655,solar,e_demand,2030,5,1.0,1.0,7,7,0.043036500551370184
656,solar,e_demand,2030,5,1.0,1.0,8,8,0.33535265579145196
657,solar,e_demand,2030,5,1.0,1.0,9,9,0.7000352965726648
658,solar,e_demand,2030,5,1.0,1.0,10,10,1.0265743395244191
659,solar,e_demand,2030,5,1.0,1.0,11,11,1.2375086969088465
660,solar,e_demand,2030,5,1.0,1.0,12,12,1.3778949212517022
661,solar,e_demand,2030,5,1.0,1.0,13,13,1.4501974988540631
662,solar,e_demand,2030,5,1.0,1.0,14,14,1.4402995980564965
663,solar,e_demand,2030,5,1.0,1.0,15,15,1.3475071182004048
664,solar,e_demand,2030,5,1.0,1.0,16,16,1.159511381256296
665,solar,e_demand,2030,5,1.0,1.0,17,17,0.8770161226513864
666,solar,e_demand,2030,5,1.0,1.0,18,18,0.5476843659165557
667,solar,e_demand,2030,5,1.0,1.0,19,19,0.2073358065754709
668,solar,e_demand,2030,5,1.0,1.0,20,20,0.0036987767055627744
669,solar,e_demand,2030,5,1.0,1.0,21,21,0.0
670,solar,e_demand,2030,5,1.0,1.0,22,22,0.0
671,solar,e_demand,2030,5,1.0,1.0,23,23,0.0
672,solar,e_demand,2030,5,1.0,1.0,24,24,0.0
673,ens,e_demand,2030,5,1.0,1.0,1,1,0.0
674,ens,e_demand,2030,5,1.0,1.0,2,2,0.0
675,ens,e_demand,2030,5,1.0,1.0,3,3,0.0
676,ens,e_demand,2030,5,1.0,1.0,4,4,0.0
677,ens,e_demand,2030,5,1.0,1.0,5,5,0.0
678,ens,e_demand,2030,5,1.0,1.0,6,6,0.0
679,ens,e_demand,2030,5,1.0,1.0,7,7,0.0
680,ens,e_demand,2030,5,1.0,1.0,8,8,0.0
681,ens,e_demand,2030,5,1.0,1.0,9,9,0.0
682,ens,e_demand,2030,5,1.0,1.0,10,10,0.0
683,ens,e_demand,2030,5,1.0,1.0,11,11,0.0
684,ens,e_demand,2030,5,1.0,1.0,12,12,0.0
685,ens,e_demand,2030,5,1.0,1.0,13,13,0.0
686,ens,e_demand,2030,5,1.0,1.0,14,14,0.0
687,ens,e_demand,2030,5,1.0,1.0,15,15,0.0
688,ens,e_demand,2030,5,1.0,1.0,16,16,0.0
689,ens,e_demand,2030,5,1.0,1.0,17,17,0.0
690,ens,e_demand,2030,5,1.0,1.0,18,18,0.0
691,ens,e_demand,2030,5,1.0,1.0,19,19,0.0
692,ens,e_demand,2030,5,1.0,1.0,20,20,0.0
693,ens,e_demand,2030,5,1.0,1.0,21,21,0.0
694,ens,e_demand,2030,5,1.0,1.0,22,22,0.0
695,ens,e_demand,2030,5,1.0,1.0,23,23,0.0
696,ens,e_demand,2030,5,1.0,1.0,24,24,0.0
697,wind_offshore,e_demand,2030,5,1.0,1.0,1,1,0.0
698,wind_offshore,e_demand,2030,5,1.0,1.0,2,2,0.0
699,wind_offshore,e_demand,2030,5,1.0,1.0,3,3,0.0
700,wind_offshore,e_demand,2030,5,1.0,1.0,4,4,0.0
701,wind_offshore,e_demand,2030,5,1.0,1.0,5,5,0.0
702,wind_offshore,e_demand,2030,5,1.0,1.0,6,6,0.0
703,wind_offshore,e_demand,2030,5,1.0,1.0,7,7,0.0
704,wind_offshore,e_demand,2030,5,1.0,1.0,8,8,0.0
705,wind_offshore,e_demand,2030,5,1.0,1.0,9,9,0.0
706,wind_offshore,e_demand,2030,5,1.0,1.0,10,10,0.0
707,wind_offshore,e_demand,2030,5,1.0,1.0,11,11,0.0
708,wind_offshore,e_demand,2030,5,1.0,1.0,12,12,0.0
709,wind_offshore,e_demand,2030,5,1.0,1.0,13,13,0.0
710,wind_offshore,e_demand,2030,5,1.0,1.0,14,14,0.0
711,wind_offshore,e_demand,2030,5,1.0,1.0,15,15,0.0
712,wind_offshore,e_demand,2030,5,1.0,1.0,16,16,0.0
713,wind_offshore,e_demand,2030,5,1.0,1.0,17,17,0.0
714,wind_offshore,e_demand,2030,5,1.0,1.0,18,18,0.0
715,wind_offshore,e_demand,2030,5,1.0,1.0,19,19,0.0
716,wind_offshore,e_demand,2030,5,1.0,1.0,20,20,0.0
717,wind_offshore,e_demand,2030,5,1.0,1.0,21,21,0.0
718,wind_offshore,e_demand,2030,5,1.0,1.0,22,22,0.0
719,wind_offshore,e_demand,2030,5,1.0,1.0,23,23,0.0
720,wind_offshore,e_demand,2030,5,1.0,1.0,24,24,0.0
721,ens,e_demand,2030,6,1.0,1.0,1,1,0.0
722,ens,e_demand,2030,6,1.0,1.0,2,2,0.0
723,ens,e_demand,2030,6,1.0,1.0,3,3,0.0
724,ens,e_demand,2030,6,1.0,1.0,4,4,0.0
725,ens,e_demand,2030,6,1.0,1.0,5,5,0.0
726,ens,e_demand,2030,6,1.0,1.0,6,6,0.0
727,ens,e_demand,2030,6,1.0,1.0,7,7,0.0
728,ens,e_demand,2030,6,1.0,1.0,8,8,0.0
729,ens,e_demand,2030,6,1.0,1.0,9,9,0.0
730,ens,e_demand,2030,6,1.0,1.0,10,10,0.0
731,ens,e_demand,2030,6,1.0,1.0,11,11,0.0
732,ens,e_demand,2030,6,1.0,1.0,12,12,0.0
733,ens,e_demand,2030,6,1.0,1.0,13,13,0.0
734,ens,e_demand,2030,6,1.0,1.0,14,14,0.0
735,ens,e_demand,2030,6,1.0,1.0,15,15,0.0
736,ens,e_demand,2030,6,1.0,1.0,16,16,0.0
737,ens,e_demand,2030,6,1.0,1.0,17,17,0.0
738,ens,e_demand,2030,6,1.0,1.0,18,18,0.0
739,ens,e_demand,2030,6,1.0,1.0,19,19,0.0
740,ens,e_demand,2030,6,1.0,1.0,20,20,0.0
741,ens,e_demand,2030,6,1.0,1.0,21,21,0.0
742,ens,e_demand,2030,6,1.0,1.0,22,22,0.0
743,ens,e_demand,2030,6,1.0,1.0,23,23,0.0
744,ens,e_demand,2030,6,1.0,1.0,24,24,0.0
745,wind,e_demand,2030,6,1.0,1.0,1,1,0.0
746,wind,e_demand,2030,6,1.0,1.0,2,2,0.0
747,wind,e_demand,2030,6,1.0,1.0,3,3,0.0
748,wind,e_demand,2030,6,1.0,1.0,4,4,0.0
749,wind,e_demand,2030,6,1.0,1.0,5,5,0.0
750,wind,e_demand,2030,6,1.0,1.0,6,6,0.0
751,wind,e_demand,2030,6,1.0,1.0,7,7,0.0
752,wind,e_demand,2030,6,1.0,1.0,8,8,0.0
753,wind,e_demand,2030,6,1.0,1.0,9,9,0.0
754,wind,e_demand,2030,6,1.0,1.0,10,10,0.0
755,wind,e_demand,2030,6,1.0,1.0,11,11,0.0
756,wind,e_demand,2030,6,1.0,1.0,12,12,0.0
757,wind,e_demand,2030,6,1.0,1.0,13,13,0.0
758,wind,e_demand,2030,6,1.0,1.0,14,14,0.0
759,wind,e_demand,2030,6,1.0,1.0,15,15,0.0
760,wind,e_demand,2030,6,1.0,1.0,16,16,0.0
761,wind,e_demand,2030,6,1.0,1.0,17,17,0.0
762,wind,e_demand,2030,6,1.0,1.0,18,18,0.0
763,wind,e_demand,2030,6,1.0,1.0,19,19,0.0
764,wind,e_demand,2030,6,1.0,1.0,20,20,0.0
765,wind,e_demand,2030,6,1.0,1.0,21,21,0.0
766,wind,e_demand,2030,6,1.0,1.0,22,22,0.0
767,wind,e_demand,2030,6,1.0,1.0,23,23,0.0
768,wind,e_demand,2030,6,1.0,1.0,24,24,0.0
769,ccgt,e_demand,2030,6,1.0,1.0,1,1,0.890623062341982
770,ccgt,e_demand,2030,6,1.0,1.0,2,2,0.8794454483792591
771,ccgt,e_demand,2030,6,1.0,1.0,3,3,0.8535887156281927
772,ccgt,e_demand,2030,6,1.0,1.0,4,4,0.8477440371254098
773,ccgt,e_demand,2030,6,1.0,1.0,5,5,0.8600612696539426
774,ccgt,e_demand,2030,6,1.0,1.0,6,6,0.8989944721071492
775,ccgt,e_demand,2030,6,1.0,1.0,7,7,0.8682443030264315
776,ccgt,e_demand,2030,6,1.0,1.0,8,8,0.6696771781899384
777,ccgt,e_demand,2030,6,1.0,1.0,9,9,0.4218941335440507
778,ccgt,e_demand,2030,6,1.0,1.0,10,10,0.19719222833611816
779,ccgt,e_demand,2030,6,1.0,1.0,11,11,0.04964184189520693
780,ccgt,e_demand,2030,6,1.0,1.0,12,12,0.0
781,ccgt,e_demand,2030,6,1.0,1.0,13,13,0.0
782,ccgt,e_demand,2030,6,1.0,1.0,14,14,0.0
783,ccgt,e_demand,2030,6,1.0,1.0,15,15,0.0
784,ccgt,e_demand,2030,6,1.0,1.0,16,16,0.1066559426598035
785,ccgt,e_demand,2030,6,1.0,1.0,17,17,0.34115001954589963
786,ccgt,e_demand,2030,6,1.0,1.0,18,18,0.6378632519598295
787,ccgt,e_demand,2030,6,1.0,1.0,19,19,0.9426983811802664
788,ccgt,e_demand,2030,6,1.0,1.0,20,20,1.1363149840642452
789,ccgt,e_demand,2030,6,1.0,1.0,21,21,1.128035649894926
790,ccgt,e_demand,2030,6,1.0,1.0,22,22,1.08820423079159
791,ccgt,e_demand,2030,6,1.0,1.0,23,23,0.9874167767002833
792,ccgt,e_demand,2030,6,1.0,1.0,24,24,0.9738062547289068
793,ocgt,e_demand,2030,6,1.0,1.0,1,1,0.0
794,ocgt,e_demand,2030,6,1.0,1.0,2,2,0.0
795,ocgt,e_demand,2030,6,1.0,1.0,3,3,0.0
796,ocgt,e_demand,2030,6,1.0,1.0,4,4,0.0
797,ocgt,e_demand,2030,6,1.0,1.0,5,5,0.0
798,ocgt,e_demand,2030,6,1.0,1.0,6,6,0.0
799,ocgt,e_demand,2030,6,1.0,1.0,7,7,0.0
800,ocgt,e_demand,2030,6,1.0,1.0,8,8,0.0
801,ocgt,e_demand,2030,6,1.0,1.0,9,9,0.0
802,ocgt,e_demand,2030,6,1.0,1.0,10,10,0.0
803,ocgt,e_demand,2030,6,1.0,1.0,11,11,0.0
804,ocgt,e_demand,2030,6,1.0,1.0,12,12,0.0
805,ocgt,e_demand,2030,6,1.0,1.0,13,13,0.0
806,ocgt,e_demand,2030,6,1.0,1.0,14,14,0.0
807,ocgt,e_demand,2030,6,1.0,1.0,15,15,0.0
808,ocgt,e_demand,2030,6,1.0,1.0,16,16,0.0
809,ocgt,e_demand,2030,6,1.0,1.0,17,17,0.0
810,ocgt,e_demand,2030,6,1.0,1.0,18,18,0.0
811,ocgt,e_demand,2030,6,1.0,1.0,19,19,0.0
812,ocgt,e_demand,2030,6,1.0,1.0,20,20,0.0
813,ocgt,e_demand,2030,6,1.0,1.0,21,21,0.0
814,ocgt,e_demand,2030,6,1.0,1.0,22,22,0.0
815,ocgt,e_demand,2030,6,1.0,1.0,23,23,0.0
816,ocgt,e_demand,2030,6,1.0,1.0,24,24,0.0
817,wind_offshore,e_demand,2030,6,1.0,1.0,1,1,0.0
818,wind_offshore,e_demand,2030,6,1.0,1.0,2,2,0.0
819,wind_offshore,e_demand,2030,6,1.0,1.0,3,3,0.0
820,wind_offshore,e_demand,2030,6,1.0,1.0,4,4,0.0
821,wind_offshore,e_demand,2030,6,1.0,1.0,5,5,0.0
822,wind_offshore,e_demand,2030,6,1.0,1.0,6,6,0.0
823,wind_offshore,e_demand,2030,6,1.0,1.0,7,7,0.0
824,wind_offshore,e_demand,2030,6,1.0,1.0,8,8,0.0
825,wind_offshore,e_demand,2030,6,1.0,1.0,9,9,0.0
826,wind_offshore,e_demand,2030,6,1.0,1.0,10,10,0.0
827,wind_offshore,e_demand,2030,6,1.0,1.0,11,11,0.0
828,wind_offshore,e_demand,2030,6,1.0,1.0,12,12,0.0
829,wind_offshore,e_demand,2030,6,1.0,1.0,13,13,0.0
830,wind_offshore,e_demand,2030,6,1.0,1.0,14,14,0.0
831,wind_offshore,e_demand,2030,6,1.0,1.0,15,15,0.0
832,wind_offshore,e_demand,2030,6,1.0,1.0,16,16,0.0
833,wind_offshore,e_demand,2030,6,1.0,1.0,17,17,0.0
834,wind_offshore,e_demand,2030,6,1.0,1.0,18,18,0.0
835,wind_offshore,e_demand,2030,6,1.0,1.0,19,19,0.0
836,wind_offshore,e_demand,2030,6,1.0,1.0,20,20,0.0
837,wind_offshore,e_demand,2030,6,1.0,1.0,21,21,0.0
838,wind_offshore,e_demand,2030,6,1.0,1.0,22,22,0.0
839,wind_offshore,e_demand,2030,6,1.0,1.0,23,23,0.0
840,wind_offshore,e_demand,2030,6,1.0,1.0,24,24,0.0
841,solar,e_demand,2030,6,1.0,1.0,1,1,0.0
842,solar,e_demand,2030,6,1.0,1.0,2,2,0.0
843,solar,e_demand,2030,6,1.0,1.0,3,3,0.0
844,solar,e_demand,2030,6,1.0,1.0,4,4,0.0
845,solar,e_demand,2030,6,1.0,1.0,5,5,0.0
846,solar,e_demand,2030,6,1.0,1.0,6,6,0.000278546366501456
847,solar,e_demand,2030,6,1.0,1.0,7,7,0.047205466547205026
848,solar,e_demand,2030,6,1.0,1.0,8,8,0.3223057792971431
849,solar,e_demand,2030,6,1.0,1.0,9,9,0.6652301961180447
850,solar,e_demand,2030,6,1.0,1.0,10,10,0.9628141094389447
851,solar,e_demand,2030,6,1.0,1.0,11,11,1.1694715605786745
852,solar,e_demand,2030,6,1.0,1.0,12,12,1.2915710054655491
853,solar,e_demand,2030,6,1.0,1.0,13,13,1.3074814882869727
854,solar,e_demand,2030,6,1.0,1.0,14,14,1.2860006136631454
855,solar,e_demand,2030,6,1.0,1.0,15,15,1.2696051747261545
856,solar,e_demand,2030,6,1.0,1.0,16,16,1.1469623103972688
857,solar,e_demand,2030,6,1.0,1.0,17,17,0.8776050496556376
858,solar,e_demand,2030,6,1.0,1.0,18,18,0.5540079761421888
859,solar,e_demand,2030,6,1.0,1.0,19,19,0.2066827475569187
860,solar,e_demand,2030,6,1.0,1.0,20,20,0.006059865436731437
861,solar,e_demand,2030,6,1.0,1.0,21,21,0.0
862,solar,e_demand,2030,6,1.0,1.0,22,22,0.0
863,solar,e_demand,2030,6,1.0,1.0,23,23,0.0
864,solar,e_demand,2030,6,1.0,1.0,24,24,0.0
865,ccgt,e_demand,2030,7,1.0,1.0,1,1,0.9020094101621037
866,ccgt,e_demand,2030,7,1.0,1.0,2,2,0.8795587739130499
867,ccgt,e_demand,2030,7,1.0,1.0,3,3,0.8680459282499249
868,ccgt,e_demand,2030,7,1.0,1.0,4,4,0.850347779865552
869,ccgt,e_demand,2030,7,1.0,1.0,5,5,0.8652358887391611
870,ccgt,e_demand,2030,7,1.0,1.0,6,6,0.9115608011735901
871,ccgt,e_demand,2030,7,1.0,1.0,7,7,0.9383269609484602
872,ccgt,e_demand,2030,7,1.0,1.0,8,8,0.7231626560201236
873,ccgt,e_demand,2030,7,1.0,1.0,9,9,0.3998329824713497
874,ccgt,e_demand,2030,7,1.0,1.0,10,10,0.09526022877767759
875,ccgt,e_demand,2030,7,1.0,1.0,11,11,0.0
876,ccgt,e_demand,2030,7,1.0,1.0,12,12,0.0
877,ccgt,e_demand,2030,7,1.0,1.0,13,13,0.0
878,ccgt,e_demand,2030,7,1.0,1.0,14,14,0.0
879,ccgt,e_demand,2030,7,1.0,1.0,15,15,0.0
880,ccgt,e_demand,2030,7,1.0,1.0,16,16,0.14304549565108493
881,ccgt,e_demand,2030,7,1.0,1.0,17,17,0.45077722849226776
882,ccgt,e_demand,2030,7,1.0,1.0,18,18,0.8154198811415205
883,ccgt,e_demand,2030,7,1.0,1.0,19,19,1.1602051817031158
884,ccgt,e_demand,2030,7,1.0,1.0,20,20,1.1602051817031158
885,ccgt,e_demand,2030,7,1.0,1.0,21,21,1.1602051817031158
886,ccgt,e_demand,2030,7,1.0,1.0,22,22,1.1602051817031158
887,ccgt,e_demand,2030,7,1.0,1.0,23,23,1.109508552751346
888,ccgt,e_demand,2030,7,1.0,1.0,24,24,1.069229706335411
889,wind,e_demand,2030,7,1.0,1.0,1,1,0.0
890,wind,e_demand,2030,7,1.0,1.0,2,2,0.0
891,wind,e_demand,2030,7,1.0,1.0,3,3,0.0
892,wind,e_demand,2030,7,1.0,1.0,4,4,0.0
893,wind,e_demand,2030,7,1.0,1.0,5,5,0.0
894,wind,e_demand,2030,7,1.0,1.0,6,6,0.0
895,wind,e_demand,2030,7,1.0,1.0,7,7,0.0
896,wind,e_demand,2030,7,1.0,1.0,8,8,0.0
897,wind,e_demand,2030,7,1.0,1.0,9,9,0.0
898,wind,e_demand,2030,7,1.0,1.0,10,10,0.0
899,wind,e_demand,2030,7,1.0,1.0,11,11,0.0
900,wind,e_demand,2030,7,1.0,1.0,12,12,0.0
901,wind,e_demand,2030,7,1.0,1.0,13,13,0.0
902,wind,e_demand,2030,7,1.0,1.0,14,14,0.0
903,wind,e_demand,2030,7,1.0,1.0,15,15,0.0
904,wind,e_demand,2030,7,1.0,1.0,16,16,0.0
905,wind,e_demand,2030,7,1.0,1.0,17,17,0.0
906,wind,e_demand,2030,7,1.0,1.0,18,18,0.0
907,wind,e_demand,2030,7,1.0,1.0,19,19,0.0
908,wind,e_demand,2030,7,1.0,1.0,20,20,0.0
909,wind,e_demand,2030,7,1.0,1.0,21,21,0.0
910,wind,e_demand,2030,7,1.0,1.0,22,22,0.0
911,wind,e_demand,2030,7,1.0,1.0,23,23,0.0
912,wind,e_demand,2030,7,1.0,1.0,24,24,0.0
913,ocgt,e_demand,2030,7,1.0,1.0,1,1,0.0
914,ocgt,e_demand,2030,7,1.0,1.0,2,2,0.0
915,ocgt,e_demand,2030,7,1.0,1.0,3,3,0.0
916,ocgt,e_demand,2030,7,1.0,1.0,4,4,0.0
917,ocgt,e_demand,2030,7,1.0,1.0,5,5,0.0
918,ocgt,e_demand,2030,7,1.0,1.0,6,6,0.0
919,ocgt,e_demand,2030,7,1.0,1.0,7,7,0.0
920,ocgt,e_demand,2030,7,1.0,1.0,8,8,0.0
921,ocgt,e_demand,2030,7,1.0,1.0,9,9,0.0
922,ocgt,e_demand,2030,7,1.0,1.0,10,10,0.0
923,ocgt,e_demand,2030,7,1.0,1.0,11,11,0.0
924,ocgt,e_demand,2030,7,1.0,1.0,12,12,0.0
925,ocgt,e_demand,2030,7,1.0,1.0,13,13,0.0
926,ocgt,e_demand,2030,7,1.0,1.0,14,14,0.0
927,ocgt,e_demand,2030,7,1.0,1.0,15,15,0.0
928,ocgt,e_demand,2030,7,1.0,1.0,16,16,0.0
929,ocgt,e_demand,2030,7,1.0,1.0,17,17,0.0
930,ocgt,e_demand,2030,7,1.0,1.0,18,18,0.0
931,ocgt,e_demand,2030,7,1.0,1.0,19,19,0.0012952444970435462
932,ocgt,e_demand,2030,7,1.0,1.0,20,20,0.12000193307765783
933,ocgt,e_demand,2030,7,1.0,1.0,21,21,0.10673871241304944
934,ocgt,e_demand,2030,7,1.0,1.0,22,22,0.041642227016898126
935,ocgt,e_demand,2030,7,1.0,1.0,23,23,0.0
936,ocgt,e_demand,2030,7,1.0,1.0,24,24,0.0
937,solar,e_demand,2030,7,1.0,1.0,1,1,0.0
938,solar,e_demand,2030,7,1.0,1.0,2,2,0.0
939,solar,e_demand,2030,7,1.0,1.0,3,3,0.0
940,solar,e_demand,2030,7,1.0,1.0,4,4,0.0
941,solar,e_demand,2030,7,1.0,1.0,5,5,0.0
942,solar,e_demand,2030,7,1.0,1.0,6,6,0.0
943,solar,e_demand,2030,7,1.0,1.0,7,7,0.011478463417567862
944,solar,e_demand,2030,7,1.0,1.0,8,8,0.29638475128336195
945,solar,e_demand,2030,7,1.0,1.0,9,9,0.7185181765592551
946,solar,e_demand,2030,7,1.0,1.0,10,10,1.0896961206959879
947,solar,e_demand,2030,7,1.0,1.0,11,11,1.254213708608678
948,solar,e_demand,2030,7,1.0,1.0,12,12,1.3121295029865208
949,solar,e_demand,2030,7,1.0,1.0,13,13,1.3317008363754073
950,solar,e_demand,2030,7,1.0,1.0,14,14,1.325936705043691
951,solar,e_demand,2030,7,1.0,1.0,15,15,1.3174273231725582
952,solar,e_demand,2030,7,1.0,1.0,16,16,1.1981321520290185
953,solar,e_demand,2030,7,1.0,1.0,17,17,0.900433222585169
954,solar,e_demand,2030,7,1.0,1.0,18,18,0.5172518987805779
955,solar,e_demand,2030,7,1.0,1.0,19,19,0.13051380848771474
956,solar,e_demand,2030,7,1.0,1.0,20,20,0.0008563062403941853
957,solar,e_demand,2030,7,1.0,1.0,21,21,0.0
958,solar,e_demand,2030,7,1.0,1.0,22,22,0.0
959,solar,e_demand,2030,7,1.0,1.0,23,23,0.0
960,solar,e_demand,2030,7,1.0,1.0,24,24,0.0
961,ens,e_demand,2030,7,1.0,1.0,1,1,0.0
962,ens,e_demand,2030,7,1.0,1.0,2,2,0.0
963,ens,e_demand,2030,7,1.0,1.0,3,3,0.0
964,ens,e_demand,2030,7,1.0,1.0,4,4,0.0
965,ens,e_demand,2030,7,1.0,1.0,5,5,0.0
966,ens,e_demand,2030,7,1.0,1.0,6,6,0.0
967,ens,e_demand,2030,7,1.0,1.0,7,7,0.0
968,ens,e_demand,2030,7,1.0,1.0,8,8,0.0
969,ens,e_demand,2030,7,1.0,1.0,9,9,0.0
970,ens,e_demand,2030,7,1.0,1.0,10,10,0.0
971,ens,e_demand,2030,7,1.0,1.0,11,11,0.0
972,ens,e_demand,2030,7,1.0,1.0,12,12,0.0
973,ens,e_demand,2030,7,1.0,1.0,13,13,0.0
974,ens,e_demand,2030,7,1.0,1.0,14,14,0.0
975,ens,e_demand,2030,7,1.0,1.0,15,15,0.0
976,ens,e_demand,2030,7,1.0,1.0,16,16,0.0
977,ens,e_demand,2030,7,1.0,1.0,17,17,0.0
978,ens,e_demand,2030,7,1.0,1.0,18,18,0.0
979,ens,e_demand,2030,7,1.0,1.0,19,19,0.0
980,ens,e_demand,2030,7,1.0,1.0,20,20,0.0
981,ens,e_demand,2030,7,1.0,1.0,21,21,0.0
982,ens,e_demand,2030,7,1.0,1.0,22,22,0.0
983,ens,e_demand,2030,7,1.0,1.0,23,23,0.0
984,ens,e_demand,2030,7,1.0,1.0,24,24,0.0
985,wind_offshore,e_demand,2030,7,1.0,1.0,1,1,0.0
986,wind_offshore,e_demand,2030,7,1.0,1.0,2,2,0.0
987,wind_offshore,e_demand,2030,7,1.0,1.0,3,3,0.0
988,wind_offshore,e_demand,2030,7,1.0,1.0,4,4,0.0
989,wind_offshore,e_demand,2030,7,1.0,1.0,5,5,0.0
990,wind_offshore,e_demand,2030,7,1.0,1.0,6,6,0.0
991,wind_offshore,e_demand,2030,7,1.0,1.0,7,7,0.0
992,wind_offshore,e_demand,2030,7,1.0,1.0,8,8,0.0
993,wind_offshore,e_demand,2030,7,1.0,1.0,9,9,0.0
994,wind_offshore,e_demand,2030,7,1.0,1.0,10,10,0.0
995,wind_offshore,e_demand,2030,7,1.0,1.0,11,11,0.0
996,wind_offshore,e_demand,2030,7,1.0,1.0,12,12,0.0
997,wind_offshore,e_demand,2030,7,1.0,1.0,13,13,0.0
998,wind_offshore,e_demand,2030,7,1.0,1.0,14,14,0.0
999,wind_offshore,e_demand,2030,7,1.0,1.0,15,15,0.0
1000,wind_offshore,e_demand,2030,7,1.0,1.0,16,16,0.0
1001,wind_offshore,e_demand,2030,7,1.0,1.0,17,17,0.0
1002,wind_offshore,e_demand,2030,7,1.0,1.0,18,18,0.0
1003,wind_offshore,e_demand,2030,7,1.0,1.0,19,19,0.0
1004,wind_offshore,e_demand,2030,7,1.0,1.0,20,20,0.0
1005,wind_offshore,e_demand,2030,7,1.0,1.0,21,21,0.0
1006,wind_offshore,e_demand,2030,7,1.0,1.0,22,22,0.0
1007,wind_offshore,e_demand,2030,7,1.0,1.0,23,23,0.0
1008,wind_offshore,e_demand,2030,7,1.0,1.0,24,24,0.0
1009,ccgt,e_demand,2030,8,1.0,1.0,1,1,0.8287030306364891
1010,ccgt,e_demand,2030,8,1.0,1.0,2,2,0.8135077180766545
1011,ccgt,e_demand,2030,8,1.0,1.0,3,3,0.8026464406815396
1012,ccgt,e_demand,2030,8,1.0,1.0,4,4,0.7882023324313405
1013,ccgt,e_demand,2030,8,1.0,1.0,5,5,0.800874321016192
1014,ccgt,e_demand,2030,8,1.0,1.0,6,6,0.8396588252614228
1015,ccgt,e_demand,2030,8,1.0,1.0,7,7,0.8584328820675751
1016,ccgt,e_demand,2030,8,1.0,1.0,8,8,0.6739968636483267
1017,ccgt,e_demand,2030,8,1.0,1.0,9,9,0.4027467616369931
1018,ccgt,e_demand,2030,8,1.0,1.0,10,10,0.15875274958304653
1019,ccgt,e_demand,2030,8,1.0,1.0,11,11,0.0
1020,ccgt,e_demand,2030,8,1.0,1.0,12,12,0.0
1021,ccgt,e_demand,2030,8,1.0,1.0,13,13,0.0
1022,ccgt,e_demand,2030,8,1.0,1.0,14,14,0.0
1023,ccgt,e_demand,2030,8,1.0,1.0,15,15,0.021804867890672153
1024,ccgt,e_demand,2030,8,1.0,1.0,16,16,0.2285332603293334
1025,ccgt,e_demand,2030,8,1.0,1.0,17,17,0.48508719257108546
1026,ccgt,e_demand,2030,8,1.0,1.0,18,18,0.7571590316303025
1027,ccgt,e_demand,2030,8,1.0,1.0,19,19,0.976615868862755
1028,ccgt,e_demand,2030,8,1.0,1.0,20,20,1.0445001754395653
1029,ccgt,e_demand,2030,8,1.0,1.0,21,21,1.017919777873879
1030,ccgt,e_demand,2030,8,1.0,1.0,22,22,0.9566887736972107
1031,ccgt,e_demand,2030,8,1.0,1.0,23,23,0.8856634531229686
1032,ccgt,e_demand,2030,8,1.0,1.0,24,24,0.8694737316100405
1033,wind,e_demand,2030,8,1.0,1.0,1,1,0.0
1034,wind,e_demand,2030,8,1.0,1.0,2,2,0.0
1035,wind,e_demand,2030,8,1.0,1.0,3,3,0.0
1036,wind,e_demand,2030,8,1.0,1.0,4,4,0.0
1037,wind,e_demand,2030,8,1.0,1.0,5,5,0.0
1038,wind,e_demand,2030,8,1.0,1.0,6,6,0.0
1039,wind,e_demand,2030,8,1.0,1.0,7,7,0.0
1040,wind,e_demand,2030,8,1.0,1.0,8,8,0.0
1041,wind,e_demand,2030,8,1.0,1.0,9,9,0.0
1042,wind,e_demand,2030,8,1.0,1.0,10,10,0.0
1043,wind,e_demand,2030,8,1.0,1.0,11,11,0.0
1044,wind,e_demand,2030,8,1.0,1.0,12,12,0.0
1045,wind,e_demand,2030,8,1.0,1.0,13,13,0.0
1046,wind,e_demand,2030,8,1.0,1.0,14,14,0.0
1047,wind,e_demand,2030,8,1.0,1.0,15,15,0.0
1048,wind,e_demand,2030,8,1.0,1.0,16,16,0.0
1049,wind,e_demand,2030,8,1.0,1.0,17,17,0.0
1050,wind,e_demand,2030,8,1.0,1.0,18,18,0.0
1051,wind,e_demand,2030,8,1.0,1.0,19,19,0.0
1052,wind,e_demand,2030,8,1.0,1.0,20,20,0.0
1053,wind,e_demand,2030,8,1.0,1.0,21,21,0.0
1054,wind,e_demand,2030,8,1.0,1.0,22,22,0.0
1055,wind,e_demand,2030,8,1.0,1.0,23,23,0.0
1056,wind,e_demand,2030,8,1.0,1.0,24,24,0.0
1057,ocgt,e_demand,2030,8,1.0,1.0,1,1,0.0
1058,ocgt,e_demand,2030,8,1.0,1.0,2,2,0.0
1059,ocgt,e_demand,2030,8,1.0,1.0,3,3,0.0
1060,ocgt,e_demand,2030,8,1.0,1.0,4,4,0.0
1061,ocgt,e_demand,2030,8,1.0,1.0,5,5,0.0
1062,ocgt,e_demand,2030,8,1.0,1.0,6,6,0.0
1063,ocgt,e_demand,2030,8,1.0,1.0,7,7,0.0
1064,ocgt,e_demand,2030,8,1.0,1.0,8,8,0.0
1065,ocgt,e_demand,2030,8,1.0,1.0,9,9,0.0
1066,ocgt,e_demand,2030,8,1.0,1.0,10,10,0.0
1067,ocgt,e_demand,2030,8,1.0,1.0,11,11,0.0
1068,ocgt,e_demand,2030,8,1.0,1.0,12,12,0.0
1069,ocgt,e_demand,2030,8,1.0,1.0,13,13,0.0
1070,ocgt,e_demand,2030,8,1.0,1.0,14,14,0.0
1071,ocgt,e_demand,2030,8,1.0,1.0,15,15,0.0
1072,ocgt,e_demand,2030,8,1.0,1.0,16,16,0.0
1073,ocgt,e_demand,2030,8,1.0,1.0,17,17,0.0
1074,ocgt,e_demand,2030,8,1.0,1.0,18,18,0.0
1075,ocgt,e_demand,2030,8,1.0,1.0,19,19,0.0
1076,ocgt,e_demand,2030,8,1.0,1.0,20,20,0.0
1077,ocgt,e_demand,2030,8,1.0,1.0,21,21,0.0
1078,ocgt,e_demand,2030,8,1.0,1.0,22,22,0.0
1079,ocgt,e_demand,2030,8,1.0,1.0,23,23,0.0
1080,ocgt,e_demand,2030,8,1.0,1.0,24,24,0.0
1081,wind_offshore,e_demand,2030,8,1.0,1.0,1,1,0.0
1082,wind_offshore,e_demand,2030,8,1.0,1.0,2,2,0.0
1083,wind_offshore,e_demand,2030,8,1.0,1.0,3,3,0.0
1084,wind_offshore,e_demand,2030,8,1.0,1.0,4,4,0.0
1085,wind_offshore,e_demand,2030,8,1.0,1.0,5,5,0.0
1086,wind_offshore,e_demand,2030,8,1.0,1.0,6,6,0.0
1087,wind_offshore,e_demand,2030,8,1.0,1.0,7,7,0.0
1088,wind_offshore,e_demand,2030,8,1.0,1.0,8,8,0.0
1089,wind_offshore,e_demand,2030,8,1.0,1.0,9,9,0.0
1090,wind_offshore,e_demand,2030,8,1.0,1.0,10,10,0.0
1091,wind_offshore,e_demand,2030,8,1.0,1.0,11,11,0.0
1092,wind_offshore,e_demand,2030,8,1.0,1.0,12,12,0.0
1093,wind_offshore,e_demand,2030,8,1.0,1.0,13,13,0.0
1094,wind_offshore,e_demand,2030,8,1.0,1.0,14,14,0.0
1095,wind_offshore,e_demand,2030,8,1.0,1.0,15,15,0.0
1096,wind_offshore,e_demand,2030,8,1.0,1.0,16,16,0.0
1097,wind_offshore,e_demand,2030,8,1.0,1.0,17,17,0.0
1098,wind_offshore,e_demand,2030,8,1.0,1.0,18,18,0.0
1099,wind_offshore,e_demand,2030,8,1.0,1.0,19,19,0.0
1100,wind_offshore,e_demand,2030,8,1.0,1.0,20,20,0.0
1101,wind_offshore,e_demand,2030,8,1.0,1.0,21,21,0.0
1102,wind_offshore,e_demand,2030,8,1.0,1.0,22,22,0.0
1103,wind_offshore,e_demand,2030,8,1.0,1.0,23,23,0.0
1104,wind_offshore,e_demand,2030,8,1.0,1.0,24,24,0.0
1105,solar,e_demand,2030,8,1.0,1.0,1,1,0.0
1106,solar,e_demand,2030,8,1.0,1.0,2,2,0.0
1107,solar,e_demand,2030,8,1.0,1.0,3,3,0.0
1108,solar,e_demand,2030,8,1.0,1.0,4,4,0.0
1109,solar,e_demand,2030,8,1.0,1.0,5,5,0.0
1110,solar,e_demand,2030,8,1.0,1.0,6,6,0.0
1111,solar,e_demand,2030,8,1.0,1.0,7,7,0.012352758373707147
1112,solar,e_demand,2030,8,1.0,1.0,8,8,0.23902328969823167
1113,solar,e_demand,2030,8,1.0,1.0,9,9,0.5843661328167564
1114,solar,e_demand,2030,8,1.0,1.0,10,10,0.8917895561525375
1115,solar,e_demand,2030,8,1.0,1.0,11,11,1.0863567100942668
1116,solar,e_demand,2030,8,1.0,1.0,12,12,1.1384912931354931
1117,solar,e_demand,2030,8,1.0,1.0,13,13,1.1564560294893524
1118,solar,e_demand,2030,8,1.0,1.0,14,14,1.1301603209712576
1119,solar,e_demand,2030,8,1.0,1.0,15,15,1.1168025295329007
1120,solar,e_demand,2030,8,1.0,1.0,16,16,0.931030491140122
1121,solar,e_demand,2030,8,1.0,1.0,17,17,0.658661261442704
1122,solar,e_demand,2030,8,1.0,1.0,18,18,0.37130534449249547
1123,solar,e_demand,2030,8,1.0,1.0,19,19,0.10504351258277787
1124,solar,e_demand,2030,8,1.0,1.0,20,20,0.00015207825582183197
1125,solar,e_demand,2030,8,1.0,1.0,21,21,0.0
1126,solar,e_demand,2030,8,1.0,1.0,22,22,0.0
1127,solar,e_demand,2030,8,1.0,1.0,23,23,0.0
1128,solar,e_demand,2030,8,1.0,1.0,24,24,0.0
1129,ens,e_demand,2030,8,1.0,1.0,1,1,0.0
1130,ens,e_demand,2030,8,1.0,1.0,2,2,0.0
1131,ens,e_demand,2030,8,1.0,1.0,3,3,0.0
1132,ens,e_demand,2030,8,1.0,1.0,4,4,0.0
1133,ens,e_demand,2030,8,1.0,1.0,5,5,0.0
1134,ens,e_demand,2030,8,1.0,1.0,6,6,0.0
1135,ens,e_demand,2030,8,1.0,1.0,7,7,0.0
1136,ens,e_demand,2030,8,1.0,1.0,8,8,0.0
1137,ens,e_demand,2030,8,1.0,1.0,9,9,0.0
1138,ens,e_demand,2030,8,1.0,1.0,10,10,0.0
1139,ens,e_demand,2030,8,1.0,1.0,11,11,0.0
1140,ens,e_demand,2030,8,1.0,1.0,12,12,0.0
1141,ens,e_demand,2030,8,1.0,1.0,13,13,0.0
1142,ens,e_demand,2030,8,1.0,1.0,14,14,0.0
1143,ens,e_demand,2030,8,1.0,1.0,15,15,0.0
1144,ens,e_demand,2030,8,1.0,1.0,16,16,0.0
1145,ens,e_demand,2030,8,1.0,1.0,17,17,0.0
1146,ens,e_demand,2030,8,1.0,1.0,18,18,0.0
1147,ens,e_demand,2030,8,1.0,1.0,19,19,0.0
1148,ens,e_demand,2030,8,1.0,1.0,20,20,0.0
1149,ens,e_demand,2030,8,1.0,1.0,21,21,0.0
1150,ens,e_demand,2030,8,1.0,1.0,22,22,0.0
1151,ens,e_demand,2030,8,1.0,1.0,23,23,0.0
1152,ens,e_demand,2030,8,1.0,1.0,24,24,0.0
