base_name,rp,n_experiment,solver,time_to_cluster,time_to_read,time_to_create,time_to_solve,time_to_save,objective_value,termination_status,reduced_num_lol,reduced_lol,num_constraints,num_variables,time_to_resolve_benchmark,objective_value_resolve_benchmark,termination_status_resolve_benchmark,num_loss_of_load_e_demand,loss_of_load_e_demand
0_HourlyBenchmark,1,1,Gurobi,0.0,4.4837646,11.7736845,3.9965815,1.6437966,556.1522837549234,OPTIMAL,0,0.0,122640,105125,0.0,0.0,,0,0.0
convex_cross,20,1,Gurobi,8.6970769,0.2325776,0.5694119,0.031788,0.0191551,552.1038181428743,OPTIMAL,0,0.0,3360,2885,0.0549697,2716.3659245521153,OPTIMAL,83,1.4442160555216297
convex_cross,40,1,Gurobi,7.7099509,0.2665884,0.6498493,0.0535758,0.0322776,549.3573477315163,OPTIMAL,0,0.0,6720,5765,0.0695038,2758.0054174504694,OPTIMAL,83,1.4719849338921152
convex_cross,60,1,Gurobi,12.176253,0.2872939,0.6556118,0.0885602,0.051617,551.2029752142168,OPTIMAL,0,0.0,10080,8645,0.0411928,2779.8100987613398,OPTIMAL,84,1.486512414791406
convex_cross,80,1,Gurobi,17.3481619,0.3153033,0.8106267,0.2179377,0.0616549,551.4826727023758,OPTIMAL,0,0.0,13440,11525,0.0358356,1802.9043601495728,OPTIMAL,50,0.8346086743039365
convex_cross,100,1,Gurobi,20.6122511,0.3549899,0.7698475,0.3210527,0.076303,548.71207847333,OPTIMAL,0,0.0,16800,14405,0.035845,1563.3999060859858,OPTIMAL,34,0.6744933951696419
convex_cross,150,1,Gurobi,38.888929,0.5823358,1.3058824,0.484922,0.1974226,554.5617127311385,OPTIMAL,0,0.0,25200,21605,0.0456426,556.1754387551917,OPTIMAL,0,0.0
convex_cross,300,1,Gurobi,98.526137,0.8847438,2.1797353,1.2945863,0.3666917,555.8032804910395,OPTIMAL,0,0.0,50400,43205,0.0343684,556.1932810753514,OPTIMAL,0,0.0
convex_cross,450,1,Gurobi,172.4752636,1.2470169,3.005816,2.8344817,0.6038688,555.8160614446675,OPTIMAL,0,0.0,75600,64805,0.0402547,556.1690153482763,OPTIMAL,0,0.0
convex_per,20,1,Gurobi,4.7093031,0.4121576,1.0801347,0.0387084,0.034185,540.3249969489945,OPTIMAL,0,0.0,3360,2885,0.0394418,6574.20288250569,OPTIMAL,159,4.017650451643288
convex_per,40,1,Gurobi,7.0468294,0.4858913,1.2452096,0.0631234,0.0609852,549.1816217376823,OPTIMAL,0,0.0,6720,5765,0.0441571,2713.9666078548835,OPTIMAL,83,1.4426181426214788
convex_per,60,1,Gurobi,10.755741,0.5024876,1.2364582,0.1535007,0.0805124,551.8075780327093,OPTIMAL,0,0.0,10080,8645,0.035189,2382.8608861373577,OPTIMAL,70,1.2217085381620822
convex_per,80,1,Gurobi,13.0325317,0.5197722,1.3183951,0.2421216,0.0711726,549.1338813991717,OPTIMAL,0,0.0,13440,11525,0.0328085,2404.0358859033568,OPTIMAL,70,1.2358265925613037
convex_per,100,1,Gurobi,16.6319559,0.5576853,1.3551171,0.3509333,0.1249923,549.1945706575622,OPTIMAL,0,0.0,16800,14405,0.0384458,1791.697653886672,OPTIMAL,48,0.8271552332884624
convex_per,150,1,Gurobi,25.4714512,0.6356504,1.5371554,0.4958218,0.1764323,552.4006724769225,OPTIMAL,0,0.0,25200,21605,0.0388374,1121.2096633655954,OPTIMAL,21,0.3792278959240343
convex_per,300,1,Gurobi,57.8752153,0.8672293,2.3768676,1.1737788,0.3988214,550.7598770773104,OPTIMAL,0,0.0,50400,43205,0.0438739,1116.6082665333818,OPTIMAL,21,0.3761669096471223
convex_per,450,1,Gurobi,81.6554058,0.8235002,1.9909066,2.0566155,0.3094348,555.0314264509329,OPTIMAL,0,0.0,75600,64805,0.0307104,556.1557812542582,OPTIMAL,0,0.0
conicalb_cross,20,1,Gurobi,5.9368041,0.2772479,0.6897865,0.0307065,0.0212779,545.79527981444,OPTIMAL,0,0.0,3360,2885,0.0336957,2808.342593907537,OPTIMAL,84,1.5055066205315573
conicalb_cross,40,1,Gurobi,6.6212611,0.3233049,0.7923508,0.0596667,0.0348372,543.560995518444,OPTIMAL,0,0.0,6720,5765,0.0387987,2846.429600968403,OPTIMAL,85,1.5308645113074837
conicalb_cross,60,1,Gurobi,9.3105355,0.3485989,0.8618726,0.0937807,0.0456823,546.6883619406128,OPTIMAL,0,0.0,10080,8645,0.0325452,1842.2907804419453,OPTIMAL,52,0.8607527280695499
conicalb_cross,80,1,Gurobi,12.383423,0.3696044,0.9287924,0.156685,0.0643208,546.0518043298753,OPTIMAL,0,0.0,13440,11525,0.0381735,1844.9962364560647,OPTIMAL,52,0.8625482235359423
conicalb_cross,100,1,Gurobi,16.3002439,0.402358,1.0020315,0.2582563,0.0729247,544.7247815542879,OPTIMAL,0,0.0,16800,14405,0.0317391,1839.9547207655714,OPTIMAL,52,0.8592120993795049
conicalb_cross,150,1,Gurobi,24.0422782,0.4215013,0.8818891,0.3275395,0.1051389,542.7479410415967,OPTIMAL,0,0.0,25200,21605,0.0299479,1841.7459628582114,OPTIMAL,52,0.8604215034316651
conicalb_cross,300,1,Gurobi,60.0987043,0.6027933,1.4367931,1.0455573,0.217684,548.5823597029522,OPTIMAL,0,0.0,50400,43205,0.0350136,556.2884029396048,OPTIMAL,0,0.0
conicalb_cross,450,1,Gurobi,106.4626072,0.8839156,1.9331088,1.8807617,0.3195845,551.819144246507,OPTIMAL,0,0.0,75600,64805,0.0325443,556.2143426892144,OPTIMAL,0,0.0
conicalb_per,20,1,Gurobi,3.8369325,0.2796037,0.6641648,0.0295633,0.0201186,536.068634839098,OPTIMAL,0,0.0,3360,2885,0.0311691,2725.8590259010657,OPTIMAL,83,1.4505249696860982
conicalb_per,40,1,Gurobi,4.0672224,0.3405263,0.7247287,0.0675884,0.0343247,542.033803571801,OPTIMAL,0,0.0,6720,5765,0.0299788,2729.597506065716,OPTIMAL,83,1.4530203915843733
conicalb_per,60,1,Gurobi,5.9233921,0.4150993,0.8906929,0.1268831,0.0484082,542.971569813239,OPTIMAL,0,0.0,10080,8645,0.0304651,2407.0783823745674,OPTIMAL,70,1.237836443614245
conicalb_per,80,1,Gurobi,7.5561884,0.3569136,0.8490972,0.2561916,0.0630709,544.6439452278091,OPTIMAL,0,0.0,13440,11525,0.0309851,2444.1021475789175,OPTIMAL,70,1.2624988016593024
conicalb_per,100,1,Gurobi,9.7938545,0.4095982,1.0293647,0.2864575,0.0742451,545.5577208647964,OPTIMAL,0,0.0,16800,14405,0.0295781,1809.434631955743,OPTIMAL,50,0.8389355501873113
conicalb_per,150,1,Gurobi,15.2041331,0.4170707,0.9130187,0.3327115,0.1046693,546.4742685326017,OPTIMAL,0,0.0,25200,21605,0.0303378,1109.7400377257593,OPTIMAL,23,0.3715753518395293
conicalb_per,300,1,Gurobi,31.8622818,0.6002454,1.4352624,1.0110646,0.1996593,545.4843516690252,OPTIMAL,0,0.0,50400,43205,0.0316802,1109.3531733616057,OPTIMAL,21,0.3713058244202503
conicalb_per,450,1,Gurobi,55.7066938,0.9708127,2.0207975,2.0592132,0.7131443,551.6508908359388,OPTIMAL,0,0.0,75600,64805,0.0372884,556.1852456030563,OPTIMAL,0,0.0
0_HourlyBenchmark,1,2,Gurobi,0.0,1.5183484,4.3181035,2.506157,0.7801438,537.2268520791608,OPTIMAL,0,0.0,122640,105125,0.0,0.0,,0,0.0
convex_cross,20,2,Gurobi,3.1552496,0.3064015,0.7678535,0.0343237,0.0228283,543.8500715779571,OPTIMAL,0,0.0,3360,2885,0.0611937,970.504537353069,OPTIMAL,15,0.2896819006884177
convex_cross,40,2,Gurobi,7.2569397,0.3483936,0.7752781,0.0905953,0.0341524,538.495962508794,OPTIMAL,0,0.0,6720,5765,0.0141089,970.504537353069,OPTIMAL,15,0.2896819006884177
convex_cross,60,2,Gurobi,8.1680845,0.3768528,0.9304985,0.1324173,0.0473941,536.6504081202911,OPTIMAL,0,0.0,10080,8645,0.0383012,968.5350807244239,OPTIMAL,15,0.2883903648720485
convex_cross,80,2,Gurobi,12.1104534,0.4421538,0.9517814,0.2827854,0.0637953,536.6872872234057,OPTIMAL,0,0.0,13440,11525,0.0329735,647.4018129096295,OPTIMAL,9,0.07413665448581641
convex_cross,100,2,Gurobi,14.7024445,0.4020633,0.9967961,0.3519693,0.0766457,536.813850724241,OPTIMAL,0,0.0,16800,14405,0.0449888,578.0851457465949,OPTIMAL,3,0.027824889766771665
convex_cross,150,2,Gurobi,22.6303844,0.4549791,1.1464691,0.5508119,0.1051669,535.5988398706307,OPTIMAL,0,0.0,25200,21605,0.0315311,578.1163642061466,OPTIMAL,3,0.027855496971343374
convex_cross,300,2,Gurobi,55.6394667,0.6754442,1.5797981,1.1351546,0.2177138,538.0805369397802,OPTIMAL,0,0.0,50400,43205,0.0343234,577.9737758855949,OPTIMAL,3,0.02782160038333026
convex_cross,450,2,Gurobi,119.8710438,0.8489148,2.0530734,1.363238,0.4746711,537.0483521420751,OPTIMAL,0,0.0,75600,64805,0.03287,560.1555190955731,OPTIMAL,2,0.015880612343839307
convex_per,20,2,Gurobi,3.5562152,0.3261525,0.6924743,0.038774,0.0260766,518.5989384600454,OPTIMAL,0,0.0,3360,2885,0.0397364,17708.961099381624,OPTIMAL,302,11.456144446961375
convex_per,40,2,Gurobi,3.8222903,0.4020521,0.9538946,0.0849215,0.0379548,535.0696198014384,OPTIMAL,0,0.0,6720,5765,0.0356854,962.9718822688764,OPTIMAL,15,0.28480793562559015
convex_per,60,2,Gurobi,5.5707733,0.4123549,0.9316677,0.1402435,0.047699,535.5873448389685,OPTIMAL,0,0.0,10080,8645,0.0313715,963.8612317673249,OPTIMAL,15,0.28538327526522944
convex_per,80,2,Gurobi,7.9136729,0.4167811,1.0114406,0.2042761,0.066461,534.0010694797026,OPTIMAL,0,0.0,13440,11525,0.0357612,966.0159122938958,OPTIMAL,15,0.2867815018390474
convex_per,100,2,Gurobi,10.4614919,0.5453004,1.1902087,0.3336147,0.0983936,535.7786380197434,OPTIMAL,0,0.0,16800,14405,0.0358702,960.949004864019,OPTIMAL,15,0.2834772146808684
convex_per,150,2,Gurobi,15.2883845,0.4618013,1.0427309,0.3677513,0.1078925,536.1800479088984,OPTIMAL,0,0.0,25200,21605,0.0353168,966.2553702105245,OPTIMAL,15,0.286944528579143
convex_per,300,2,Gurobi,31.029389,0.615673,1.4941247,0.868053,0.214002,536.3195235643534,OPTIMAL,0,0.0,50400,43205,0.0583991,640.208092518801,OPTIMAL,8,0.06950187979101075
convex_per,450,2,Gurobi,53.4679975,0.8266378,2.0892703,1.4267718,0.3125434,536.7086325127109,OPTIMAL,0,0.0,75600,64805,0.0291901,577.6938715938804,OPTIMAL,3,0.027716521646966585
conicalb_cross,20,2,Gurobi,5.3681515,0.3395026,0.7294707,0.0510606,0.0329072,535.3204428732778,OPTIMAL,0,0.0,3360,2885,0.0490728,578.5802994290173,OPTIMAL,3,0.027890720304941663
conicalb_cross,40,2,Gurobi,6.4697524,0.3574541,0.8766809,0.08793,0.0414624,532.5789172398897,OPTIMAL,0,0.0,6720,5765,0.0304725,578.4881318500943,OPTIMAL,3,0.027890720304941663
conicalb_cross,60,2,Gurobi,9.8786321,0.3904644,0.9895492,0.1288555,0.0474319,530.9411641640534,OPTIMAL,0,0.0,10080,8645,0.0306901,578.8472880120427,OPTIMAL,3,0.02801233721763241
conicalb_cross,80,2,Gurobi,13.0108249,0.3945275,0.9869215,0.2449977,0.0634116,530.6283188192075,OPTIMAL,0,0.0,13440,11525,0.032902,578.3012741113668,OPTIMAL,3,0.027890720304941663
conicalb_cross,100,2,Gurobi,17.6923936,0.489751,1.1767556,0.3003933,0.0849059,529.7688674521312,OPTIMAL,0,0.0,16800,14405,0.0323452,578.8450635499325,OPTIMAL,3,0.028054694613172337
conicalb_cross,150,2,Gurobi,26.4488397,0.4920955,0.9835321,0.5692555,0.1632094,530.2044273033949,OPTIMAL,0,0.0,25200,21605,0.0559792,578.3784070504363,OPTIMAL,3,0.027917327809802828
conicalb_cross,300,2,Gurobi,59.3365494,0.715701,1.550626,1.0337806,0.2123806,531.2422690570928,OPTIMAL,0,0.0,50400,43205,0.0308813,578.0848160970862,OPTIMAL,3,0.02785282374445175
conicalb_cross,450,2,Gurobi,124.2371433,0.8434861,2.0062603,1.8220713,0.3516002,532.9660184377343,OPTIMAL,0,0.0,75600,64805,0.0351331,560.1847335041779,OPTIMAL,2,0.015883080628941393
conicalb_per,20,2,Gurobi,3.9316395,0.324999,0.6710506,0.0331506,0.0202539,522.9205867376645,OPTIMAL,0,0.0,3360,2885,0.0307322,578.2817443411514,OPTIMAL,3,0.027835353469876756
conicalb_per,40,2,Gurobi,4.3216185,0.3595285,0.8804398,0.0956479,0.0339256,529.7734230019945,OPTIMAL,0,0.0,6720,5765,0.0348819,578.4159888388218,OPTIMAL,3,0.027890720304941663
conicalb_per,60,2,Gurobi,6.0769883,0.393657,0.8568677,0.1610499,0.0459492,529.2550460595415,OPTIMAL,0,0.0,10080,8645,0.0290889,578.4580378556421,OPTIMAL,3,0.02790529815515508
conicalb_per,80,2,Gurobi,7.9799379,0.4253505,0.9537394,0.1782192,0.0642899,529.9831414972055,OPTIMAL,0,0.0,13440,11525,0.0303358,578.400243456463,OPTIMAL,3,0.027913099906079264
conicalb_per,100,2,Gurobi,10.2208825,0.4680835,1.1890244,0.3069748,0.0817432,531.3856626442838,OPTIMAL,0,0.0,16800,14405,0.0288066,578.2350300526359,OPTIMAL,3,0.027890720304941663
conicalb_per,150,2,Gurobi,15.2511826,0.439925,0.9858328,0.3643308,0.1176441,531.513835199411,OPTIMAL,0,0.0,25200,21605,0.0291141,578.5818196642155,OPTIMAL,3,0.02800884267000825
conicalb_per,300,2,Gurobi,30.2663828,0.615855,1.5341997,1.0122667,0.2030253,531.1631107384793,OPTIMAL,0,0.0,50400,43205,0.0287433,578.0327991231699,OPTIMAL,3,0.027836979484284985
conicalb_per,450,2,Gurobi,58.5300656,0.7918663,2.0326643,1.4512871,0.4754788,533.444277611275,OPTIMAL,0,0.0,75600,64805,0.0290809,560.2300727112382,OPTIMAL,2,0.0158910177758671
0_HourlyBenchmark,1,3,Gurobi,0.0,1.3759093,3.6749096,2.3551663,0.5391741,565.5436820506227,OPTIMAL,0,0.0,122640,105125,0.0,0.0,,0,0.0
convex_cross,20,3,Gurobi,3.7598983,0.2887376,0.6470311,0.0232096,0.0201292,566.0630902811242,OPTIMAL,0,0.0,3360,2885,0.0558531,1499.1817319329298,OPTIMAL,36,0.6268442052740593
convex_cross,40,3,Gurobi,6.9526848,0.3601681,0.7731364,0.0486873,0.0359729,564.1253454069275,OPTIMAL,0,0.0,6720,5765,0.0561019,697.4077339032511,OPTIMAL,6,0.09017754557748514
convex_cross,60,3,Gurobi,7.7031406,0.3715199,0.8543046,0.1115873,0.0456013,567.8589392799253,OPTIMAL,0,0.0,10080,8645,0.0295993,697.4867116128582,OPTIMAL,6,0.0902284494261556
convex_cross,80,3,Gurobi,9.7963631,0.4006514,1.0170204,0.1880856,0.0636108,564.6200008408925,OPTIMAL,0,0.0,13440,11525,0.0302891,697.454730618783,OPTIMAL,6,0.09021148014430547
convex_cross,100,3,Gurobi,14.0438964,0.44953,1.1476257,0.2443812,0.0760339,562.4733262416562,OPTIMAL,0,0.0,16800,14405,0.0396798,648.649902738048,OPTIMAL,4,0.057394168905082976
convex_cross,150,3,Gurobi,24.5879966,0.4639991,1.0748612,0.348386,0.1432749,561.7730282064581,OPTIMAL,0,0.0,25200,21605,0.0418072,648.6367398540649,OPTIMAL,4,0.057394168905082976
convex_cross,300,3,Gurobi,59.2396881,0.6774049,1.7462797,0.9426821,0.1980093,561.8868355239713,OPTIMAL,0,0.0,50400,43205,0.0296335,623.3407191819113,OPTIMAL,2,0.04031875556431985
convex_cross,450,3,Gurobi,112.7162868,0.9976967,2.219244,1.4941466,0.540152,565.7813619404317,OPTIMAL,0,0.0,75600,64805,0.0298446,565.5584880284073,OPTIMAL,0,0.0
convex_per,20,3,Gurobi,4.0278313,0.3501386,0.710056,0.0240071,0.0242609,565.039509907371,OPTIMAL,0,0.0,3360,2885,0.0671484,1256.4315031282401,OPTIMAL,29,0.46457811616128586
convex_per,40,3,Gurobi,3.9098455,0.3983525,0.8919861,0.0543234,0.0417327,565.2709087949661,OPTIMAL,0,0.0,6720,5765,0.0360163,939.4196988115252,OPTIMAL,14,0.25242274792191055
convex_per,60,3,Gurobi,5.7820713,0.4789796,0.9581664,0.0817629,0.048651,560.2923946982846,OPTIMAL,0,0.0,10080,8645,0.0288288,936.1266523480824,OPTIMAL,13,0.2503027745768944
convex_per,80,3,Gurobi,7.3383153,0.4527038,0.9746917,0.1579161,0.0628744,561.2545192027303,OPTIMAL,0,0.0,13440,11525,0.0308616,937.2961407581594,OPTIMAL,14,0.25108229922183134
convex_per,100,3,Gurobi,9.4295539,0.4887765,1.2309223,0.224038,0.0765584,562.6274712001645,OPTIMAL,0,0.0,16800,14405,0.0283728,648.7440849792875,OPTIMAL,4,0.05743793762617355
convex_per,150,3,Gurobi,14.3718948,0.4658777,1.0751294,0.3056385,0.1422321,564.2182579449906,OPTIMAL,0,0.0,25200,21605,0.0302724,648.702103625607,OPTIMAL,4,0.05742159930288193
convex_per,300,3,Gurobi,28.2646681,0.6206311,1.5754646,1.1326224,0.209362,562.2450461297203,OPTIMAL,0,0.0,50400,43205,0.033478,623.5788627748867,OPTIMAL,2,0.04048496783657862
convex_per,450,3,Gurobi,53.1615782,0.8556793,2.0349188,1.8363328,0.2940434,565.4264466402578,OPTIMAL,0,0.0,75600,64805,0.0292234,565.5454844936401,OPTIMAL,0,0.0
conicalb_cross,20,3,Gurobi,5.5993449,0.3604561,0.7628671,0.0546788,0.0293224,556.954549004484,OPTIMAL,0,0.0,3360,2885,0.0428516,957.742243736541,OPTIMAL,15,0.26468215525345595
conicalb_cross,40,3,Gurobi,5.83707,0.3922008,0.9771063,0.0511982,0.0425094,553.4834544500706,OPTIMAL,0,0.0,6720,5765,0.0322825,961.0612202006923,OPTIMAL,15,0.2669988217230299
conicalb_cross,60,3,Gurobi,9.3449307,0.4767266,1.085568,0.1148065,0.0537593,556.038245245235,OPTIMAL,0,0.0,10080,8645,0.032307,961.7548732268042,OPTIMAL,15,0.2674598552744145
conicalb_cross,80,3,Gurobi,12.2048386,0.4814355,1.1840062,0.2471117,0.0668505,554.1396788163053,OPTIMAL,0,0.0,13440,11525,0.0350188,961.3939988157518,OPTIMAL,15,0.26723971546294756
conicalb_cross,100,3,Gurobi,16.4388624,0.5560466,1.2659621,0.2012735,0.0785735,556.025215897222,OPTIMAL,0,0.0,16800,14405,0.0318163,648.421331278064,OPTIMAL,4,0.057207628268179045
conicalb_cross,150,3,Gurobi,25.4232524,0.4581148,0.9788879,0.2702928,0.1040512,555.2375846679669,OPTIMAL,0,0.0,25200,21605,0.0317477,648.2185892873277,OPTIMAL,4,0.05704745672476896
conicalb_cross,300,3,Gurobi,57.4196059,0.7468902,1.6819887,1.0102846,0.253874,554.6992489255464,OPTIMAL,0,0.0,50400,43205,0.032977,623.1679266761934,OPTIMAL,2,0.040160871234894646
conicalb_cross,450,3,Gurobi,111.5840097,0.8937183,2.1337043,1.7422275,0.4953332,560.9330695470528,OPTIMAL,0,0.0,75600,64805,0.0327019,565.57890390077,OPTIMAL,0,0.0
conicalb_per,20,3,Gurobi,4.2527152,0.3490997,0.7193443,0.0537635,0.0251913,555.6287294911946,OPTIMAL,0,0.0,3360,2885,0.0337993,697.5500694629172,OPTIMAL,6,0.08992296340816952
conicalb_per,40,3,Gurobi,4.3796049,0.4360355,0.8978592,0.063662,0.0359312,557.1808258868533,OPTIMAL,0,0.0,6720,5765,0.033226,697.3928491180848,OPTIMAL,6,0.09006739279070564
conicalb_per,60,3,Gurobi,5.8843353,0.4643969,1.0172481,0.1240835,0.0496139,557.7139458356871,OPTIMAL,0,0.0,10080,8645,0.0311356,697.5430546428162,OPTIMAL,6,0.09021832376989769
conicalb_per,80,3,Gurobi,8.255489,0.4641568,0.9861185,0.2816009,0.0696321,556.8657705680241,OPTIMAL,0,0.0,13440,11525,0.0280109,697.5552710319423,OPTIMAL,6,0.09022584372725784
conicalb_per,100,3,Gurobi,10.4217203,0.4761094,1.153632,0.2100942,0.0755929,556.3112304105987,OPTIMAL,0,0.0,16800,14405,0.0290872,697.5629499477438,OPTIMAL,6,0.090244511611693
conicalb_per,150,3,Gurobi,15.1057418,0.4713853,1.007331,0.4298216,0.1051385,557.7113760653126,OPTIMAL,0,0.0,25200,21605,0.031322,648.5349223327672,OPTIMAL,4,0.05729641475674163
conicalb_per,300,3,Gurobi,31.780599,0.6684127,1.5439099,1.1797862,0.2067349,556.7860308051096,OPTIMAL,0,0.0,50400,43205,0.0298737,623.3430208265904,OPTIMAL,2,0.040304287785427606
conicalb_per,450,3,Gurobi,57.3661157,0.8504685,2.2142794,1.5213113,0.3441907,561.8029125680454,OPTIMAL,0,0.0,75600,64805,0.0305624,565.5597870088014,OPTIMAL,0,0.0
0_HourlyBenchmark,1,4,Gurobi,0.0,1.4817903,3.9772216,2.1822329,0.7926186,559.8711278563578,OPTIMAL,0,0.0,122640,105125,0.0,0.0,,0,0.0
convex_cross,20,4,Gurobi,3.4689737,0.2947189,0.7422071,0.0262821,0.0216307,547.2581464102497,OPTIMAL,0,0.0,3360,2885,0.0569029,5036.213154964895,OPTIMAL,115,2.9902844743254375
convex_cross,40,4,Gurobi,7.1883255,0.4179675,0.8822685,0.0525648,0.0435382,556.2293029012084,OPTIMAL,0,0.0,6720,5765,0.0485803,1919.0415808242028,OPTIMAL,36,0.9101800574206997
convex_cross,60,4,Gurobi,8.5648546,0.4351455,1.1641274,0.0892297,0.0517023,555.8452201948828,OPTIMAL,0,0.0,10080,8645,0.0335006,3246.549425602554,OPTIMAL,69,1.7953092832254178
convex_cross,80,4,Gurobi,11.597154,0.4281886,0.9903659,0.1577755,0.0614387,559.1274770358191,OPTIMAL,0,0.0,13440,11525,0.0331696,977.5471143073208,OPTIMAL,16,0.2807728302630834
convex_cross,100,4,Gurobi,14.6351783,0.4563076,1.1655155,0.2252623,0.1041167,556.5029072093162,OPTIMAL,0,0.0,16800,14405,0.0337579,978.0629898002329,OPTIMAL,16,0.28112795709300653
convex_cross,150,4,Gurobi,22.0044013,0.4687703,1.1105861,0.2815796,0.1291972,560.9548747658159,OPTIMAL,0,0.0,25200,21605,0.0325721,581.5492472395395,OPTIMAL,1,0.014796032382228042
convex_cross,300,4,Gurobi,57.7005505,0.7428481,1.8120777,1.0196418,0.2342805,560.6817597218698,OPTIMAL,0,0.0,50400,43205,0.047285,581.2829013162618,OPTIMAL,1,0.014672381907559817
convex_cross,450,4,Gurobi,102.8536927,0.9174809,2.2280509,1.7862407,0.3455763,560.3418131467736,OPTIMAL,0,0.0,75600,64805,0.0332244,559.8851429437741,OPTIMAL,0,0.0
convex_per,20,4,Gurobi,3.6685453,0.373124,0.7919941,0.047809,0.0229049,549.4084355528579,OPTIMAL,0,0.0,3360,2885,0.0355314,968.33892154163,OPTIMAL,17,0.2746616605921506
convex_per,40,4,Gurobi,3.8687983,0.4976826,0.9440434,0.0538934,0.0346663,555.9509962767306,OPTIMAL,0,0.0,6720,5765,0.0338235,975.6880102466674,OPTIMAL,16,0.2795685145337643
convex_per,60,4,Gurobi,6.1109912,0.4439398,0.9798208,0.0972235,0.0526764,555.6822031299556,OPTIMAL,0,0.0,10080,8645,0.0335983,974.4634504363013,OPTIMAL,16,0.2787583853231721
convex_per,80,4,Gurobi,8.4288256,0.4522499,1.0167019,0.1504233,0.0685436,554.3566856508951,OPTIMAL,0,0.0,13440,11525,0.0343501,976.9821171275976,OPTIMAL,16,0.28042013484114303
convex_per,100,4,Gurobi,10.0449271,0.473486,1.2627957,0.2455446,0.0784776,555.9414876795073,OPTIMAL,0,0.0,16800,14405,0.0316028,976.9849902392732,OPTIMAL,16,0.28042013484114303
convex_per,150,4,Gurobi,14.8991886,0.5031674,1.1467162,0.4584902,0.1061931,555.707501169469,OPTIMAL,0,0.0,25200,21605,0.0315577,650.3941368574649,OPTIMAL,5,0.061726576159951696
convex_per,300,4,Gurobi,30.9226549,0.6726069,1.7540232,1.1176882,0.2125932,560.4512687928208,OPTIMAL,0,0.0,50400,43205,0.038256,580.8431077583705,OPTIMAL,1,0.014390862540654359
convex_per,450,4,Gurobi,53.734373,0.9025261,2.2520453,1.9011814,0.3330201,559.7820773369281,OPTIMAL,0,0.0,75600,64805,0.0309572,580.6416634224171,OPTIMAL,1,0.014265932273873183
conicalb_cross,20,4,Gurobi,5.0600022,0.3738207,0.731695,0.0424938,0.0438544,538.9426099930637,OPTIMAL,0,0.0,3360,2885,0.0345995,6269.310912451528,OPTIMAL,128,3.8130143841573974
conicalb_cross,40,4,Gurobi,6.1554004,0.4097504,1.0282388,0.0534284,0.0377194,545.8749761962202,OPTIMAL,0,0.0,6720,5765,0.0360295,2234.1173892496276,OPTIMAL,52,1.1207570360257184
conicalb_cross,60,4,Gurobi,9.1716036,0.4634951,1.1833778,0.0989709,0.0607097,545.6187431508819,OPTIMAL,0,0.0,10080,8645,0.0460705,2253.3429558402095,OPTIMAL,52,1.1335709769452023
conicalb_cross,80,4,Gurobi,12.0601433,0.4721993,1.1247977,0.1570957,0.0811106,551.0992717435007,OPTIMAL,0,0.0,13440,11525,0.0335633,971.8565505835763,OPTIMAL,16,0.2770008966566184
conicalb_cross,100,4,Gurobi,15.6153653,0.5104526,1.3520208,0.2147415,0.0744968,548.2262991976115,OPTIMAL,0,0.0,16800,14405,0.0308406,978.6639453083125,OPTIMAL,16,0.2815047928347343
conicalb_cross,150,4,Gurobi,21.4314482,0.4794957,1.1001751,0.2856962,0.1281288,550.8017030801192,OPTIMAL,0,0.0,25200,21605,0.0324383,581.3635654147297,OPTIMAL,1,0.014672381907559817
conicalb_cross,300,4,Gurobi,51.3587187,0.7063174,1.7078225,0.7339459,0.2110599,552.6289074353623,OPTIMAL,0,0.0,50400,43205,0.0312669,582.6569849259187,OPTIMAL,1,0.015530336013307888
conicalb_cross,450,4,Gurobi,100.9268271,0.91338,2.2886348,1.5931989,0.3019883,555.2142767079833,OPTIMAL,0,0.0,75600,64805,0.0318958,559.8939268493033,OPTIMAL,0,0.0
conicalb_per,20,4,Gurobi,4.07618,0.3708437,0.7494153,0.0541515,0.0307758,539.905171315914,OPTIMAL,0,0.0,3360,2885,0.0364057,3488.4977313061013,OPTIMAL,77,1.957802169667303
conicalb_per,40,4,Gurobi,4.0115094,0.3927107,0.888002,0.0519897,0.0346612,547.0460016197185,OPTIMAL,0,0.0,6720,5765,0.0369155,1880.5807895845264,OPTIMAL,35,0.8844908974177905
conicalb_per,60,4,Gurobi,5.9747408,0.47307,0.9885931,0.0835471,0.0494693,548.0274266870849,OPTIMAL,0,0.0,10080,8645,0.0539148,971.2876297899552,OPTIMAL,17,0.27660064997990697
conicalb_per,80,4,Gurobi,8.0825456,0.471967,1.0464141,0.1636629,0.0678393,549.9042184126399,OPTIMAL,0,0.0,13440,11525,0.0423224,972.4685889013479,OPTIMAL,16,0.27742036658179736
conicalb_per,100,4,Gurobi,9.8056657,0.4772597,1.1691699,0.2457717,0.0807929,549.1712358536649,OPTIMAL,0,0.0,16800,14405,0.0295191,972.4161056183176,OPTIMAL,16,0.2773992325037957
conicalb_per,150,4,Gurobi,15.4066205,0.4702721,1.0427186,0.4786439,0.1115517,550.3772419908287,OPTIMAL,0,0.0,25200,21605,0.028823,651.8528595091014,OPTIMAL,5,0.06271802560887774
conicalb_per,300,4,Gurobi,29.1056115,0.657754,1.7608288,0.8743006,0.1975025,553.4520021799499,OPTIMAL,0,0.0,50400,43205,0.0323152,581.4762417593337,OPTIMAL,1,0.014796032382228264
conicalb_per,450,4,Gurobi,51.9304379,0.9156607,2.2968647,1.7977571,0.313917,555.2240432217271,OPTIMAL,0,0.0,75600,64805,0.0290515,580.9827379591127,OPTIMAL,1,0.014485837978611915
0_HourlyBenchmark,1,5,Gurobi,0.0,1.2216922,4.1003504,2.0861991,0.5690819,555.4970300341955,OPTIMAL,0,0.0,122640,105125,0.0,0.0,,0,0.0
convex_cross,20,5,Gurobi,3.4702774,0.3112263,0.6533612,0.0273967,0.0213905,543.5259402591341,OPTIMAL,0,0.0,3360,2885,0.0619314,1360.9869301044864,OPTIMAL,24,0.5407265806177155
convex_cross,40,5,Gurobi,6.7995336,0.4067973,0.8850103,0.0582427,0.034612,555.468281640581,OPTIMAL,0,0.0,6720,5765,0.0413061,632.5698787172324,OPTIMAL,4,0.05245855583362391
convex_cross,60,5,Gurobi,8.1451184,0.4178446,1.009004,0.0982268,0.0473438,554.8230310804674,OPTIMAL,0,0.0,10080,8645,0.0332771,632.6673035751269,OPTIMAL,4,0.05262272726879247
convex_cross,80,5,Gurobi,10.9386574,0.4671171,1.1386176,0.1907998,0.0849344,556.8408133743145,OPTIMAL,0,0.0,13440,11525,0.0312098,633.3795765164714,OPTIMAL,3,0.05317716359593483
convex_cross,100,5,Gurobi,14.5484317,0.4901572,1.2202853,0.3042486,0.072019,554.5176756260169,OPTIMAL,0,0.0,16800,14405,0.0327449,633.1984594515293,OPTIMAL,3,0.05315356268241622
convex_cross,150,5,Gurobi,27.0425125,0.484672,1.0844586,0.3859048,0.1220849,553.3732466221018,OPTIMAL,0,0.0,25200,21605,0.0334256,632.2665527912029,OPTIMAL,3,0.05248362514260241
convex_cross,300,5,Gurobi,67.7896049,0.7027426,1.7604508,1.1533034,0.2069702,557.0540620811042,OPTIMAL,0,0.0,50400,43205,0.0335257,555.5594611886211,OPTIMAL,0,0.0
convex_cross,450,5,Gurobi,120.3982181,0.9663551,2.3030564,1.6878403,0.611415,555.4889335370461,OPTIMAL,0,0.0,75600,64805,0.0345627,555.5277779617155,OPTIMAL,0,0.0
convex_per,20,5,Gurobi,3.8255371,0.4033862,0.7522419,0.0298004,0.0229074,541.4913200947017,OPTIMAL,0,0.0,3360,2885,0.0464932,3092.756794544929,OPTIMAL,54,1.6922525952465728
convex_per,40,5,Gurobi,3.5069519,0.4250716,0.9160135,0.0682852,0.0387934,556.0644646983737,OPTIMAL,0,0.0,6720,5765,0.0387161,632.4988381625715,OPTIMAL,4,0.05236480989873682
convex_per,60,5,Gurobi,5.5368889,0.4860145,1.1220691,0.1062245,0.0542726,557.7574506723018,OPTIMAL,0,0.0,10080,8645,0.0334179,632.5147341760444,OPTIMAL,4,0.052460093848544
convex_per,80,5,Gurobi,7.482087,0.4967472,1.0670002,0.1924762,0.0686057,555.7371698211801,OPTIMAL,0,0.0,13440,11525,0.0336459,632.5573950801598,OPTIMAL,4,0.0525360785962492
convex_per,100,5,Gurobi,9.4323649,0.5149674,1.3096836,0.2782955,0.078644,553.898393005406,OPTIMAL,0,0.0,16800,14405,0.0354371,632.420265784467,OPTIMAL,4,0.052460093848544
convex_per,150,5,Gurobi,14.6805683,0.5334984,1.1432199,0.6033567,0.1127433,553.9878419040157,OPTIMAL,0,0.0,25200,21605,0.0361002,632.4497675431957,OPTIMAL,4,0.052588700587545834
convex_per,300,5,Gurobi,30.842589,0.7347269,1.7655158,1.0957412,0.20767,553.0653851385705,OPTIMAL,0,0.0,50400,43205,0.0352893,632.742879119293,OPTIMAL,3,0.05285174642176571
convex_per,450,5,Gurobi,59.6773681,1.0580539,2.2214956,2.0540813,0.3150674,554.651059901125,OPTIMAL,0,0.0,75600,64805,0.0348399,555.5231397282248,OPTIMAL,0,0.0
conicalb_cross,20,5,Gurobi,5.526092,0.4256572,0.7913444,0.0323804,0.0295912,546.279180831008,OPTIMAL,0,0.0,3360,2885,0.0380385,1342.3334807351632,OPTIMAL,24,0.5291172605400247
conicalb_cross,40,5,Gurobi,6.1663115,0.4739355,1.075697,0.0684175,0.041227,550.7188414237773,OPTIMAL,0,0.0,6720,5765,0.0414585,634.5924219325292,OPTIMAL,3,0.05393708570765665
conicalb_cross,60,5,Gurobi,9.7202364,0.5268777,1.112613,0.1090018,0.0524769,547.5583052814999,OPTIMAL,0,0.0,10080,8645,0.0620977,632.9907720693526,OPTIMAL,3,0.052851103020133294
conicalb_cross,80,5,Gurobi,14.0917187,0.6226818,1.2250846,0.2459498,0.0768202,547.5319384989195,OPTIMAL,0,0.0,13440,11525,0.0401627,633.390061964762,OPTIMAL,3,0.0531577676483892
conicalb_cross,100,5,Gurobi,16.9708253,0.5688523,1.2261207,0.2784357,0.0972121,547.443416386083,OPTIMAL,0,0.0,16800,14405,0.0422379,633.1569258665852,OPTIMAL,3,0.05301869024672934
conicalb_cross,150,5,Gurobi,27.3992333,0.5089939,1.086443,0.572929,0.11083,546.4022564087943,OPTIMAL,0,0.0,25200,21605,0.0303903,632.7450532569082,OPTIMAL,3,0.05284233783134473
conicalb_cross,300,5,Gurobi,64.9856204,0.7365359,1.7845623,1.0434064,0.2216595,549.8411300458188,OPTIMAL,0,0.0,50400,43205,0.0338715,555.6166635145076,OPTIMAL,0,0.0
conicalb_cross,450,5,Gurobi,119.1137824,1.0094254,2.4644687,1.6052397,0.5287681,551.0630635398318,OPTIMAL,0,0.0,75600,64805,0.0332176,555.5656904434064,OPTIMAL,0,0.0
conicalb_per,20,5,Gurobi,4.2380364,0.4374192,0.8281621,0.0396927,0.0236084,543.6679066043869,OPTIMAL,0,0.0,3360,2885,0.0394134,597.4433897786079,OPTIMAL,1,0.027911145746237764
conicalb_per,40,5,Gurobi,3.9071603,0.4565818,0.976765,0.070552,0.0397078,548.6408351234212,OPTIMAL,0,0.0,6720,5765,0.0355101,636.6718950537008,OPTIMAL,3,0.055364453251602885
conicalb_per,60,5,Gurobi,6.0759991,0.5221842,1.1026868,0.1690064,0.0535597,550.0368489840592,OPTIMAL,0,0.0,10080,8645,0.0364748,634.5049230427697,OPTIMAL,3,0.05393708570765665
conicalb_per,80,5,Gurobi,8.3889257,0.5594477,1.2296747,0.2043752,0.0732346,548.9103723000383,OPTIMAL,0,0.0,13440,11525,0.0389417,633.1791457228387,OPTIMAL,3,0.05302237046518066
conicalb_per,100,5,Gurobi,9.9810056,0.5692152,1.3329391,0.3197353,0.0811218,549.183997355855,OPTIMAL,0,0.0,16800,14405,0.039671,632.7722342824999,OPTIMAL,3,0.05274153905930179
conicalb_per,150,5,Gurobi,14.4801341,0.5315143,1.1335645,0.3921625,0.1134779,548.2696364756112,OPTIMAL,0,0.0,25200,21605,0.0331094,632.53853385637,OPTIMAL,4,0.05263580361679998
conicalb_per,300,5,Gurobi,31.2843545,0.743429,1.7616587,1.2671265,0.2130065,547.3186982874035,OPTIMAL,0,0.0,50400,43205,0.0320114,632.7346765179808,OPTIMAL,3,0.05283965229766574
conicalb_per,450,5,Gurobi,61.0763572,1.0138951,2.4306014,1.8914988,0.3400754,550.2019746790149,OPTIMAL,0,0.0,75600,64805,0.0313557,555.5457753312285,OPTIMAL,0,0.0
0_HourlyBenchmark,1,6,Gurobi,0.0,1.0881488,5.1861575,3.0286776,0.5591321,561.9434038533268,OPTIMAL,0,0.0,122640,105125,0.0,0.0,,0,0.0
convex_cross,20,6,Gurobi,4.3310134,0.4003609,0.8590102,0.0279384,0.0219717,552.3546265987729,OPTIMAL,0,0.0,3360,2885,0.0548765,3682.840584759587,OPTIMAL,78,2.085046047043887
convex_cross,40,6,Gurobi,7.4576153,0.3947576,0.9743386,0.0647414,0.0380101,557.4336753098578,OPTIMAL,0,0.0,6720,5765,0.0324016,2353.151975428219,OPTIMAL,48,1.1978842312055298
convex_cross,60,6,Gurobi,9.1270399,0.3979911,0.9590128,0.1152741,0.0435477,555.8194504224618,OPTIMAL,0,0.0,10080,8645,0.0353739,2349.107702390941,OPTIMAL,48,1.1952229505110983
convex_cross,80,6,Gurobi,12.0798757,0.4549293,1.1273449,0.176358,0.087302,555.2784226898456,OPTIMAL,0,0.0,13440,11525,0.0351947,2323.5690875003615,OPTIMAL,48,1.1782693993263496
convex_cross,100,6,Gurobi,15.8878195,0.4770085,1.1842978,0.3896756,0.0718241,556.8024636089234,OPTIMAL,0,0.0,16800,14405,0.0324402,2314.2760454039026,OPTIMAL,48,1.172116149985374
convex_cross,150,6,Gurobi,25.290749,0.5152492,1.1877784,0.4957827,0.0967235,554.6912633010407,OPTIMAL,0,0.0,25200,21605,0.0327188,2332.519189334331,OPTIMAL,48,1.1842749656590834
convex_cross,300,6,Gurobi,64.5317076,0.7363206,1.7143613,0.9621328,0.2009663,562.4207544929492,OPTIMAL,0,0.0,50400,43205,0.035756,572.6357507751392,OPTIMAL,1,0.007325211331821624
convex_cross,450,6,Gurobi,116.9291003,0.9464363,2.3333295,1.7207941,0.2768546,561.2050281997051,OPTIMAL,0,0.0,75600,64805,0.0406776,572.6107779007555,OPTIMAL,1,0.007330382630417853
convex_per,20,6,Gurobi,3.9505272,0.4187685,0.8785023,0.0321628,0.023207,542.8743460187769,OPTIMAL,0,0.0,3360,2885,0.0356258,4479.205245904223,OPTIMAL,92,2.6166199214726165
convex_per,40,6,Gurobi,4.0911989,0.4842988,1.017877,0.0693207,0.0391727,553.4547473037229,OPTIMAL,0,0.0,6720,5765,0.037574,1452.5607349631232,OPTIMAL,24,0.5959300994452774
convex_per,60,6,Gurobi,5.8794453,0.4957533,1.0091382,0.1092895,0.0468413,554.1258247006864,OPTIMAL,0,0.0,10080,8645,0.0312635,1454.008734506292,OPTIMAL,24,0.5968979557619567
convex_per,80,6,Gurobi,7.4535453,0.4551061,1.0384537,0.2485296,0.0630688,558.1257176393846,OPTIMAL,0,0.0,13440,11525,0.0332242,1400.1349406921577,OPTIMAL,23,0.5609571559859565
convex_per,100,6,Gurobi,9.6925143,0.5370414,1.3580673,0.3452059,0.0789548,559.1670787001134,OPTIMAL,0,0.0,16800,14405,0.0315282,1396.339559204599,OPTIMAL,23,0.5584532593271816
convex_per,150,6,Gurobi,15.3485772,0.513815,1.2508383,0.5365374,0.0953371,558.6869570820696,OPTIMAL,0,0.0,25200,21605,0.0338645,1390.0933989724729,OPTIMAL,23,0.5543223783827707
convex_per,300,6,Gurobi,31.6503967,0.6970562,1.7387428,0.9536877,0.1811543,561.9494688691666,OPTIMAL,0,0.0,50400,43205,0.0327244,572.5878532218318,OPTIMAL,1,0.007278605725150378
convex_per,450,6,Gurobi,56.6965221,1.0261392,2.3388607,1.7866036,0.304574,560.7686228663273,OPTIMAL,0,0.0,75600,64805,0.0315117,572.6245674442414,OPTIMAL,1,0.007340048776051988
conicalb_cross,20,6,Gurobi,5.6067252,0.420654,0.9041043,0.0272926,0.0224176,550.140773873296,OPTIMAL,0,0.0,3360,2885,0.0386318,2316.9381014235846,OPTIMAL,48,1.1737870698399853
conicalb_cross,40,6,Gurobi,7.1398479,0.4663576,1.0248632,0.0512794,0.0355715,548.623590767253,OPTIMAL,0,0.0,6720,5765,0.0340773,2364.3315839996194,OPTIMAL,48,1.2052903184022417
conicalb_cross,60,6,Gurobi,10.1819044,0.4659896,1.2010359,0.0969934,0.0557993,549.9972358092377,OPTIMAL,0,0.0,10080,8645,0.0320766,2352.147031235946,OPTIMAL,48,1.1972136301209013
conicalb_cross,80,6,Gurobi,12.8775215,0.5184034,1.1867009,0.2742944,0.0582849,549.8379537921041,OPTIMAL,0,0.0,13440,11525,0.0309454,2330.287663037024,OPTIMAL,48,1.1827229114045246
conicalb_cross,100,6,Gurobi,16.6546345,0.5244109,1.3332122,0.3736743,0.073478,547.9812857437742,OPTIMAL,0,0.0,16800,14405,0.0323247,2326.4875936832527,OPTIMAL,48,1.1802298307648766
conicalb_cross,150,6,Gurobi,26.298254,0.5379753,1.2473949,0.4752839,0.1027601,547.669631267457,OPTIMAL,0,0.0,25200,21605,0.0350975,2350.924992974552,OPTIMAL,48,1.1964813258604483
conicalb_cross,300,6,Gurobi,61.2568893,0.7515568,1.7624205,1.1885442,0.2552027,555.2531854741766,OPTIMAL,0,0.0,50400,43205,0.0376311,572.5331298090312,OPTIMAL,1,0.007201744808858823
conicalb_cross,450,6,Gurobi,120.2563254,1.0473007,2.3028785,2.153245,0.3821839,557.1344854251668,OPTIMAL,0,0.0,75600,64805,0.0385334,572.5613733931874,OPTIMAL,1,0.007275628915806909
conicalb_per,20,6,Gurobi,4.2789559,0.431505,0.9161815,0.0268709,0.0246025,552.1201420463227,OPTIMAL,0,0.0,3360,2885,0.0364816,2316.2311632741203,OPTIMAL,48,1.173319776507456
conicalb_per,40,6,Gurobi,4.5947895,0.5592539,1.0766332,0.1305519,0.0664514,549.0386558535254,OPTIMAL,0,0.0,6720,5765,0.0372965,2352.168181430392,OPTIMAL,48,1.1972136301209013
conicalb_per,60,6,Gurobi,6.6806314,0.4858254,1.0357149,0.0986027,0.0496083,550.3792469279367,OPTIMAL,0,0.0,10080,8645,0.033768,2364.3462755626438,OPTIMAL,48,1.2052903184022417
conicalb_per,80,6,Gurobi,8.0538048,0.51739,1.2334298,0.1697722,0.0639232,549.9220048780811,OPTIMAL,0,0.0,13440,11525,0.034298,2344.194872393585,OPTIMAL,48,1.191955247990158
conicalb_per,100,6,Gurobi,10.4171317,0.5151518,1.3559593,0.3466094,0.072512,549.8177255286057,OPTIMAL,0,0.0,16800,14405,0.0324219,2342.844048478119,OPTIMAL,48,1.1910682133424468
conicalb_per,150,6,Gurobi,16.1372104,0.5796064,1.2800545,0.5227518,0.0988266,551.1167930707863,OPTIMAL,0,0.0,25200,21605,0.0325882,1466.7826417637118,OPTIMAL,24,0.6055699094570504
conicalb_per,300,6,Gurobi,33.6917639,1.0025955,2.1069286,1.268067,0.2028239,554.7357255860072,OPTIMAL,0,0.0,50400,43205,0.0344256,688.7710210277265,OPTIMAL,7,0.08567998494878015
conicalb_per,450,6,Gurobi,60.7326507,1.0821513,2.2780675,2.1490368,0.2787255,557.1702225987326,OPTIMAL,0,0.0,75600,64805,0.0332202,572.5913532378685,OPTIMAL,1,0.007301856833186626
0_HourlyBenchmark,1,7,Gurobi,0.0,1.2756395,4.1947764,4.586686,0.7027344,551.9774330131379,OPTIMAL,0,0.0,122640,105125,0.0,0.0,,0,0.0
convex_cross,20,7,Gurobi,3.9250291,0.3354127,0.7168286,0.0282683,0.0238208,549.9372603086008,OPTIMAL,0,0.0,3360,2885,0.0491631,2387.2880089982073,OPTIMAL,65,1.2273092288970426
convex_cross,40,7,Gurobi,7.7301592,0.3788356,0.9039398,0.0811187,0.0323041,555.4738412902426,OPTIMAL,0,0.0,6720,5765,0.0354298,1565.3026559910484,OPTIMAL,38,0.6785984903366342
convex_cross,60,7,Gurobi,8.7023127,0.4861196,0.9172997,0.1443108,0.046338,549.9362474897167,OPTIMAL,0,0.0,10080,8645,0.0354165,1559.3101351665678,OPTIMAL,38,0.6746345536706222
convex_cross,80,7,Gurobi,11.9858009,0.4661586,1.0874614,0.2043805,0.0618678,552.1088776258539,OPTIMAL,0,0.0,13440,11525,0.0373137,670.5803437656647,OPTIMAL,7,0.08015004254341584
convex_cross,100,7,Gurobi,15.9096165,0.4781547,1.1589618,0.3636793,0.1022681,548.7340213216895,OPTIMAL,0,0.0,16800,14405,0.0356293,629.4088671726406,OPTIMAL,5,0.05250311648712813
convex_cross,150,7,Gurobi,25.6439489,0.5042424,1.0319641,0.5758193,0.1720097,553.3552739281067,OPTIMAL,0,0.0,25200,21605,0.0339304,631.5156344159234,OPTIMAL,6,0.053919488177836206
convex_cross,300,7,Gurobi,65.4912858,0.9468579,1.6936456,1.4120114,0.2122272,552.4738623342824,OPTIMAL,0,0.0,50400,43205,0.0495088,652.9565551826124,OPTIMAL,8,0.0684061243933205
convex_cross,450,7,Gurobi,125.2357887,1.3602165,3.5278517,3.9789443,0.4261733,552.4971791476131,OPTIMAL,0,0.0,75600,64805,0.0431832,551.9876600900554,OPTIMAL,0,0.0
convex_per,20,7,Gurobi,3.9144703,0.4392011,0.8559608,0.0354974,0.0241322,543.4592513802081,OPTIMAL,0,0.0,3360,2885,0.0426525,1376.9562985771668,OPTIMAL,28,0.552406166033012
convex_per,40,7,Gurobi,4.3405895,0.4186356,0.8877399,0.0545333,0.0346402,549.6413755346721,OPTIMAL,0,0.0,6720,5765,0.0415942,1359.786540578362,OPTIMAL,35,0.5413074930757689
convex_per,60,7,Gurobi,6.19286,0.4974433,1.0033206,0.1262815,0.0488482,559.4226438228782,OPTIMAL,0,0.0,10080,8645,0.0368838,584.0288669349255,OPTIMAL,4,0.021349890043797393
convex_per,80,7,Gurobi,8.250639,0.494348,1.14817,0.2269733,0.0624752,555.4744130427807,OPTIMAL,0,0.0,13440,11525,0.0361652,554.9191253784853,OPTIMAL,1,0.0019214961783906581
convex_per,100,7,Gurobi,10.7198464,0.5664772,1.292316,0.3490461,0.0777377,554.4486074470839,OPTIMAL,0,0.0,16800,14405,0.0345088,554.9851840851065,OPTIMAL,1,0.0018704762354908588
convex_per,150,7,Gurobi,16.2166053,0.5110953,1.0500688,0.4638172,0.0996227,553.6382576968712,OPTIMAL,0,0.0,25200,21605,0.0353064,555.4512533106897,OPTIMAL,1,0.0023700113034235137
convex_per,300,7,Gurobi,33.9670546,0.6673532,1.7539274,1.110976,0.3351741,553.4689056716998,OPTIMAL,0,0.0,50400,43205,0.0342188,555.7662122681097,OPTIMAL,1,0.0026748554980451367
convex_per,450,7,Gurobi,68.0852751,1.0952199,2.3716739,2.3538042,0.2993194,553.08961269319,OPTIMAL,0,0.0,75600,64805,0.035226,552.0092137920377,OPTIMAL,0,0.0
conicalb_cross,20,7,Gurobi,6.3931046,0.6748311,1.3494889,0.0355475,0.0269909,538.7562055589042,OPTIMAL,0,0.0,3360,2885,0.0435397,2366.108795115586,OPTIMAL,62,1.2133195603071647
conicalb_cross,40,7,Gurobi,7.0140223,0.4428014,1.0115956,0.0818033,0.0334234,541.641444049518,OPTIMAL,0,0.0,6720,5765,0.0367136,1588.1849657191149,OPTIMAL,39,0.6939779475616505
conicalb_cross,60,7,Gurobi,10.201982,0.5530421,1.2945803,0.1660117,0.0499266,540.9199303556204,OPTIMAL,0,0.0,10080,8645,0.0444925,1572.6675856352356,OPTIMAL,38,0.6835767436402223
conicalb_cross,80,7,Gurobi,14.0876416,0.5416653,1.1709511,0.2402473,0.0601725,544.379062652647,OPTIMAL,0,0.0,13440,11525,0.0250256,627.5394345521024,OPTIMAL,5,0.05112369811237549
conicalb_cross,100,7,Gurobi,17.5016519,0.5513416,1.5035192,0.3610691,0.0801397,543.3521615574648,OPTIMAL,0,0.0,16800,14405,0.0326458,631.2703781469601,OPTIMAL,6,0.053742083342555036
conicalb_cross,150,7,Gurobi,26.1935232,0.6280414,1.1658996,0.5749469,0.1116374,545.1106069453234,OPTIMAL,0,0.0,25200,21605,0.0317447,631.2260727428096,OPTIMAL,6,0.053737560688388974
conicalb_cross,300,7,Gurobi,63.4110238,0.7507417,1.8404853,1.1611,0.1946027,545.336584949179,OPTIMAL,0,0.0,50400,43205,0.0368164,640.7575405438538,OPTIMAL,6,0.06019603814265828
conicalb_cross,450,7,Gurobi,119.7268396,0.9912115,2.2877754,2.7572729,0.3351233,548.7919230568195,OPTIMAL,0,0.0,75600,64805,0.0454644,552.0149820017353,OPTIMAL,0,0.0
conicalb_per,20,7,Gurobi,4.0949376,0.4438415,0.8000047,0.0282254,0.0221843,537.374061980328,OPTIMAL,0,0.0,3360,2885,0.0476506,2365.979320283161,OPTIMAL,62,1.2132274805856678
conicalb_per,40,7,Gurobi,4.8624816,0.4509895,0.9223804,0.0523828,0.0368895,542.4080744510318,OPTIMAL,0,0.0,6720,5765,0.0349177,1548.7908014017187,OPTIMAL,39,0.6674756486344382
conicalb_per,60,7,Gurobi,6.8237041,0.5380224,1.0723507,0.0985406,0.0498633,548.0182041282549,OPTIMAL,0,0.0,10080,8645,0.0339955,581.7928006007355,OPTIMAL,4,0.01990733247791132
conicalb_per,80,7,Gurobi,9.0247897,0.5663845,1.1564877,0.2980773,0.0709226,549.329996647613,OPTIMAL,0,0.0,13440,11525,0.0368654,555.1520551009231,OPTIMAL,1,0.0019923090968665402
conicalb_per,100,7,Gurobi,11.2549908,0.557669,1.4615941,0.4721804,0.0792651,547.8526432053901,OPTIMAL,0,0.0,16800,14405,0.0361995,555.2512059929714,OPTIMAL,1,0.002115294911004817
conicalb_per,150,7,Gurobi,17.6886927,0.5464325,1.1633023,0.5214725,0.1143771,546.5054948128624,OPTIMAL,0,0.0,25200,21605,0.0403936,555.4589145040849,OPTIMAL,1,0.002369463034444852
conicalb_per,300,7,Gurobi,34.7358779,0.6856215,1.8938578,1.0749067,0.2179644,546.7866819576012,OPTIMAL,0,0.0,50400,43205,0.0355171,555.5533867191851,OPTIMAL,1,0.0025249097858601743
conicalb_per,450,7,Gurobi,73.8426124,1.141571,2.3863679,2.2028641,0.3126045,548.5820945394124,OPTIMAL,0,0.0,75600,64805,0.0368305,552.0319817025947,OPTIMAL,0,0.0
0_HourlyBenchmark,1,8,Gurobi,0.0,2.0089829,5.0704317,2.9992453,0.7996382,578.3393439850864,OPTIMAL,0,0.0,122640,105125,0.0,0.0,,0,0.0
convex_cross,20,8,Gurobi,5.6724886,0.5728933,1.0980044,0.0306114,0.0296442,587.5906313551882,OPTIMAL,0,0.0,3360,2885,0.0858492,578.5613275262962,OPTIMAL,0,0.0
convex_cross,40,8,Gurobi,8.8121195,0.5189383,1.1460254,0.0528982,0.0360856,579.3560162727362,OPTIMAL,0,0.0,6720,5765,0.0382509,578.490973456753,OPTIMAL,0,0.0
convex_cross,60,8,Gurobi,9.5882831,0.5727701,1.1928144,0.0889427,0.0487641,578.0553289139538,OPTIMAL,0,0.0,10080,8645,0.0343403,578.4515484095343,OPTIMAL,0,0.0
convex_cross,80,8,Gurobi,13.7936146,0.9903105,2.3105547,0.2216811,0.0833743,577.4790782774197,OPTIMAL,0,0.0,13440,11525,0.0424047,578.3935254029622,OPTIMAL,0,0.0
convex_cross,100,8,Gurobi,17.8565141,0.6072559,1.5262001,0.2238698,0.0764759,578.8838321928521,OPTIMAL,0,0.0,16800,14405,0.0335219,578.3961520675781,OPTIMAL,0,0.0
convex_cross,150,8,Gurobi,25.7770103,0.6900921,1.4184177,0.4719489,0.1023633,580.3475758548125,OPTIMAL,0,0.0,25200,21605,0.0274869,578.4101999041932,OPTIMAL,0,0.0
convex_cross,300,8,Gurobi,63.2039843,0.9233753,2.2272246,1.2416072,0.2138598,578.8579912472194,OPTIMAL,0,0.0,50400,43205,0.0239339,578.4041636099664,OPTIMAL,0,0.0
convex_cross,450,8,Gurobi,125.5622388,1.5169713,4.0722437,1.972568,0.5356523,579.1581651583805,OPTIMAL,0,0.0,75600,64805,0.046,578.3673427356051,OPTIMAL,0,0.0
convex_per,20,8,Gurobi,5.2361281,0.7144971,1.3612345,0.036198,0.0480302,586.4343971835215,OPTIMAL,0,0.0,3360,2885,0.0340519,578.5357596513279,OPTIMAL,0,0.0
convex_per,40,8,Gurobi,5.7013409,0.5591968,1.8114756,0.0868892,0.0563064,582.3594509419446,OPTIMAL,0,0.0,6720,5765,0.0446961,578.5119623921017,OPTIMAL,0,0.0
convex_per,60,8,Gurobi,7.4522643,0.7773522,1.8019779,0.1180116,0.0897996,581.9484997489805,OPTIMAL,0,0.0,10080,8645,0.0428382,578.4830678401619,OPTIMAL,0,0.0
convex_per,80,8,Gurobi,10.5656377,0.6759623,1.459858,0.206706,0.0774175,579.8868485770065,OPTIMAL,0,0.0,13440,11525,0.0387485,578.4444346214451,OPTIMAL,0,0.0
convex_per,100,8,Gurobi,12.251541,0.8026632,1.8166818,0.2766037,0.0855851,580.5683457916912,OPTIMAL,0,0.0,16800,14405,0.0398924,578.437553407964,OPTIMAL,0,0.0
convex_per,150,8,Gurobi,19.6765465,0.6348839,1.3396507,0.4917942,0.1148605,578.024139959491,OPTIMAL,0,0.0,25200,21605,0.0369201,578.403134220871,OPTIMAL,0,0.0
convex_per,300,8,Gurobi,36.135089,0.7960165,2.3205097,1.1805896,0.2768475,579.102408423398,OPTIMAL,0,0.0,50400,43205,0.0659613,578.3868118754742,OPTIMAL,0,0.0
convex_per,450,8,Gurobi,60.8448488,1.2247109,2.9565676,1.78991,0.3610531,579.6733551437442,OPTIMAL,0,0.0,75600,64805,0.0357363,578.3675465405568,OPTIMAL,0,0.0
conicalb_cross,20,8,Gurobi,6.2869517,0.5563456,1.0747925,0.0281053,0.0268818,572.051519714666,OPTIMAL,0,0.0,3360,2885,0.0261431,578.6516036052926,OPTIMAL,0,0.0
conicalb_cross,40,8,Gurobi,8.3881959,0.6096714,1.3067793,0.0668636,0.0474441,571.8843145605119,OPTIMAL,0,0.0,6720,5765,0.0403463,578.522565121291,OPTIMAL,0,0.0
conicalb_cross,60,8,Gurobi,12.9602455,0.752838,1.726892,0.1189377,0.0613352,570.7570071437761,OPTIMAL,0,0.0,10080,8645,0.0471112,578.5190898546227,OPTIMAL,0,0.0
conicalb_cross,80,8,Gurobi,14.6636764,0.7210878,1.7642224,0.193405,0.0778892,568.96463779296,OPTIMAL,0,0.0,13440,11525,0.0332916,578.466990266058,OPTIMAL,0,0.0
conicalb_cross,100,8,Gurobi,19.190443,0.7513786,1.6082935,0.2399417,0.0826394,571.3556058146221,OPTIMAL,0,0.0,16800,14405,0.032882,578.4795019249096,OPTIMAL,0,0.0
conicalb_cross,150,8,Gurobi,27.275442,0.6304139,1.244369,0.3929024,0.1090248,571.0632084786017,OPTIMAL,0,0.0,25200,21605,0.0322136,578.5440212882829,OPTIMAL,0,0.0
conicalb_cross,300,8,Gurobi,61.4043116,0.9020802,2.1767536,0.9864984,0.2524763,572.0943546739247,OPTIMAL,0,0.0,50400,43205,0.0357891,578.5203670696343,OPTIMAL,0,0.0
conicalb_cross,450,8,Gurobi,117.6173891,1.4077943,2.926025,1.6336243,0.5057361,574.3398035214344,OPTIMAL,0,0.0,75600,64805,0.035091,578.3863261081007,OPTIMAL,0,0.0
conicalb_per,20,8,Gurobi,4.7779678,0.5032162,0.9467604,0.0294103,0.0263967,571.4639388778381,OPTIMAL,0,0.0,3360,2885,0.0247198,578.7148901811335,OPTIMAL,0,0.0
conicalb_per,40,8,Gurobi,4.9840341,0.5017043,1.0606153,0.0626613,0.0433069,570.7610188237936,OPTIMAL,0,0.0,6720,5765,0.0374697,578.6700267643811,OPTIMAL,0,0.0
conicalb_per,60,8,Gurobi,7.6350822,0.6556418,1.3588947,0.1012807,0.0568266,572.4056503868486,OPTIMAL,0,0.0,10080,8645,0.0330781,578.5453369145185,OPTIMAL,0,0.0
conicalb_per,80,8,Gurobi,9.8633526,0.6460445,1.3728384,0.1618784,0.0695711,571.4222278691706,OPTIMAL,0,0.0,13440,11525,0.0353996,578.5241086312402,OPTIMAL,0,0.0
conicalb_per,100,8,Gurobi,12.7929431,0.6900296,1.6037336,0.3292302,0.0872392,570.9026396201183,OPTIMAL,0,0.0,16800,14405,0.0332469,578.4941567471448,OPTIMAL,0,0.0
conicalb_per,150,8,Gurobi,18.6889751,0.6164924,1.2189375,0.4322547,0.1110344,571.87145943542,OPTIMAL,0,0.0,25200,21605,0.034027,578.4802642455569,OPTIMAL,0,0.0
conicalb_per,300,8,Gurobi,34.9264115,0.8075363,1.9409673,1.0656049,0.2138374,573.4702068567578,OPTIMAL,0,0.0,50400,43205,0.030773,578.4658958273573,OPTIMAL,0,0.0
conicalb_per,450,8,Gurobi,2879.9190647,1.0324872,2.5204165,1.7485034,0.4953459,575.4821742937039,OPTIMAL,0,0.0,75600,64805,0.0297271,578.416811518914,OPTIMAL,0,0.0
0_HourlyBenchmark,1,9,Gurobi,0.0,1.6439483,4.5520439,2.3603385,0.756843,557.9059108431393,OPTIMAL,0,0.0,122640,105125,0.0,0.0,,0,0.0
convex_cross,20,9,Gurobi,3.7502811,0.3930391,0.8544273,0.0572779,0.0284151,553.9884570938864,OPTIMAL,0,0.0,3360,2885,0.0539268,558.5001797049787,OPTIMAL,0,0.0
convex_cross,40,9,Gurobi,7.58385,0.4271614,1.0894156,0.0670976,0.0341651,554.9596746356759,OPTIMAL,0,0.0,6720,5765,0.0341269,558.6895393559025,OPTIMAL,0,0.0
convex_cross,60,9,Gurobi,9.109945,0.5461895,1.212945,0.1421165,0.0503925,560.715874750993,OPTIMAL,0,0.0,10080,8645,0.0357216,558.3533081764474,OPTIMAL,0,0.0
convex_cross,80,9,Gurobi,12.6589566,0.5564109,1.4240494,0.4350594,0.1531059,555.1562981050477,OPTIMAL,0,0.0,13440,11525,0.046935,558.2954233594036,OPTIMAL,0,0.0
convex_cross,100,9,Gurobi,17.9312243,0.5827145,1.387349,0.3507863,0.0729772,556.8445617782767,OPTIMAL,0,0.0,16800,14405,0.0344823,558.1986252390064,OPTIMAL,0,0.0
convex_cross,150,9,Gurobi,28.9865979,0.5522956,1.1066911,0.5776339,0.1041805,557.9287766708582,OPTIMAL,0,0.0,25200,21605,0.0632063,558.2027427408199,OPTIMAL,0,0.0
convex_cross,300,9,Gurobi,57.4793339,0.8887981,2.5467065,1.4426926,0.2032304,559.607164847803,OPTIMAL,0,0.0,50400,43205,0.037959,557.9928845725923,OPTIMAL,0,0.0
convex_cross,450,9,Gurobi,119.6357742,1.0844081,2.5450656,1.9306952,0.5400265,558.3373033957525,OPTIMAL,0,0.0,75600,64805,0.0390875,557.9266598335528,OPTIMAL,0,0.0
convex_per,20,9,Gurobi,4.0366976,0.4628297,0.9057936,0.0298883,0.0258126,554.0475470396711,OPTIMAL,0,0.0,3360,2885,0.0376528,1576.3323130451718,OPTIMAL,31,0.6830086698880993
convex_per,40,9,Gurobi,4.0371342,0.4669112,1.0271763,0.0744683,0.0407361,560.3155723859285,OPTIMAL,0,0.0,6720,5765,0.0332349,558.2346876767518,OPTIMAL,0,0.0
convex_per,60,9,Gurobi,5.9525875,0.5512041,1.1049382,0.1863352,0.0614979,559.0486294119518,OPTIMAL,0,0.0,10080,8645,0.0328435,558.1916512035857,OPTIMAL,0,0.0
convex_per,80,9,Gurobi,8.1212233,0.6168404,1.3726668,0.2401466,0.0680776,557.2307067587623,OPTIMAL,0,0.0,13440,11525,0.035306,558.2046320414735,OPTIMAL,0,0.0
convex_per,100,9,Gurobi,10.5670039,0.5970664,1.3101937,0.3290354,0.0747254,556.8444486528133,OPTIMAL,0,0.0,16800,14405,0.0304918,558.1734912354295,OPTIMAL,0,0.0
convex_per,150,9,Gurobi,17.0244088,0.5973863,1.1565561,0.5392907,0.103418,556.6791899036721,OPTIMAL,0,0.0,25200,21605,0.0348724,558.0737186184374,OPTIMAL,0,0.0
convex_per,300,9,Gurobi,34.6022853,0.7604827,1.7854283,1.1601018,0.3448958,556.5645623834664,OPTIMAL,0,0.0,50400,43205,0.0353519,557.96071933537,OPTIMAL,0,0.0
convex_per,450,9,Gurobi,65.8520255,1.2041155,2.9270347,2.0266148,0.4834832,558.0207111599263,OPTIMAL,0,0.0,75600,64805,0.042203,557.9260575469619,OPTIMAL,0,0.0
conicalb_cross,20,9,Gurobi,5.7653064,0.5071078,1.0264032,0.0292476,0.0257773,554.6148366832106,OPTIMAL,0,0.0,3360,2885,0.0369882,558.538391347818,OPTIMAL,0,0.0
conicalb_cross,40,9,Gurobi,7.1596384,0.5002355,1.2487737,0.0738914,0.0424294,553.0994240915397,OPTIMAL,0,0.0,6720,5765,0.0375825,558.4399220618437,OPTIMAL,0,0.0
conicalb_cross,60,9,Gurobi,10.279808,0.5867429,1.6092577,0.1300156,0.0559176,551.6134051814257,OPTIMAL,0,0.0,10080,8645,0.03156,558.3453443523636,OPTIMAL,0,0.0
conicalb_cross,80,9,Gurobi,15.1538811,0.7704491,1.4868471,0.3077055,0.0946536,551.3414828363275,OPTIMAL,0,0.0,13440,11525,0.0402511,558.2327722779157,OPTIMAL,0,0.0
conicalb_cross,100,9,Gurobi,18.4348381,0.7022481,1.8632888,0.3365664,0.0782413,550.5743332022807,OPTIMAL,0,0.0,16800,14405,0.0584864,558.2616392305484,OPTIMAL,0,0.0
conicalb_cross,150,9,Gurobi,27.184248,0.6873818,1.4006604,0.7130213,0.1132362,550.4022091196214,OPTIMAL,0,0.0,25200,21605,0.0296252,558.211336342687,OPTIMAL,0,0.0
conicalb_cross,300,9,Gurobi,62.4709424,0.8240661,1.9656579,1.0332167,0.1932291,550.9938208840297,OPTIMAL,0,0.0,50400,43205,0.0319895,558.0661412217584,OPTIMAL,0,0.0
conicalb_cross,450,9,Gurobi,115.5399451,1.1180931,2.6751385,1.7155111,0.4981498,553.6859669765955,OPTIMAL,0,0.0,75600,64805,0.030716,557.9464489376774,OPTIMAL,0,0.0
conicalb_per,20,9,Gurobi,4.2371453,0.4900769,0.9323188,0.0310242,0.0246523,538.621455701221,OPTIMAL,0,0.0,3360,2885,0.0331622,6692.942311475411,OPTIMAL,121,4.098551751024445
conicalb_per,40,9,Gurobi,4.1150623,0.465104,1.0297441,0.0698284,0.0364778,554.0433605227604,OPTIMAL,0,0.0,6720,5765,0.0354294,558.226543091895,OPTIMAL,0,0.0
conicalb_per,60,9,Gurobi,7.0436985,0.7518125,1.2608199,0.1266877,0.0524132,551.0019384205184,OPTIMAL,0,0.0,10080,8645,0.0329128,558.1741574816231,OPTIMAL,0,0.0
conicalb_per,80,9,Gurobi,8.518943,0.6905935,1.2799613,0.2189587,0.0614634,551.6528325735771,OPTIMAL,0,0.0,13440,11525,0.0318687,558.1308731531436,OPTIMAL,0,0.0
conicalb_per,100,9,Gurobi,10.8561416,0.6001511,1.4686819,0.3961401,0.0750172,550.497870085745,OPTIMAL,0,0.0,16800,14405,0.0294427,558.1206401561384,OPTIMAL,0,0.0
conicalb_per,150,9,Gurobi,19.5109538,0.6058403,1.2531958,0.5516259,0.1021088,550.9526902748255,OPTIMAL,0,0.0,25200,21605,0.0310426,558.0275736674223,OPTIMAL,0,0.0
conicalb_per,300,9,Gurobi,33.4180861,0.687453,1.7915893,0.9962962,0.1970753,551.1628660792082,OPTIMAL,0,0.0,50400,43205,0.0306864,557.9892920374817,OPTIMAL,0,0.0
conicalb_per,450,9,Gurobi,60.8438044,1.1454164,2.5709435,1.6863806,0.3109023,554.3679530740004,OPTIMAL,0,0.0,75600,64805,0.0365201,557.963171174689,OPTIMAL,0,0.0
0_HourlyBenchmark,1,10,Gurobi,0.0,1.4022775,4.8835723,2.6193213,0.6365311,560.915603052124,OPTIMAL,0,0.0,122640,105125,0.0,0.0,,0,0.0
convex_cross,20,10,Gurobi,3.855479,0.3961124,0.8463226,0.0302014,0.022659,558.8965746700603,OPTIMAL,0,0.0,3360,2885,0.0606793,562.1813732707167,OPTIMAL,0,0.0
convex_cross,40,10,Gurobi,7.8521758,0.4735955,1.2494822,0.1065113,0.049017,557.2244852910021,OPTIMAL,0,0.0,6720,5765,0.0365578,561.6495749965432,OPTIMAL,0,0.0
convex_cross,60,10,Gurobi,9.8484119,0.5916579,1.4487705,0.1273357,0.0560054,558.1051202475314,OPTIMAL,0,0.0,10080,8645,0.0396032,561.3833256281669,OPTIMAL,0,0.0
convex_cross,80,10,Gurobi,11.6649647,0.5478217,1.4837395,0.2021886,0.0653714,560.1863480966282,OPTIMAL,0,0.0,13440,11525,0.0353959,561.173299296024,OPTIMAL,0,0.0
convex_cross,100,10,Gurobi,15.9030607,0.6766507,1.7571214,0.2793094,0.1489892,559.9528016593888,OPTIMAL,0,0.0,16800,14405,0.0355839,561.0933404697223,OPTIMAL,0,0.0
convex_cross,150,10,Gurobi,25.9148953,0.5675732,1.1451411,0.4623484,0.1014121,560.653741198943,OPTIMAL,0,0.0,25200,21605,0.0349925,561.0690584923545,OPTIMAL,0,0.0
convex_cross,300,10,Gurobi,62.2479367,0.8256494,1.8970567,1.0642637,0.188543,562.0365166548883,OPTIMAL,0,0.0,50400,43205,0.0329413,561.0355986341157,OPTIMAL,0,0.0
convex_cross,450,10,Gurobi,113.3090452,1.0614939,2.4438718,1.7959972,0.4983741,562.2882596246505,OPTIMAL,0,0.0,75600,64805,0.0382321,560.9400106276825,OPTIMAL,0,0.0
convex_per,20,10,Gurobi,3.8760146,0.4772825,0.8952801,0.0284597,0.0224914,562.6586901816811,OPTIMAL,0,0.0,3360,2885,0.0376091,1660.4704670509805,OPTIMAL,34,0.7369586765449361
convex_per,40,10,Gurobi,4.0699003,0.4684985,1.0315877,0.0689597,0.0359159,564.3477229917105,OPTIMAL,0,0.0,6720,5765,0.0312334,561.2775286134947,OPTIMAL,0,0.0
convex_per,60,10,Gurobi,5.59108,0.561194,1.1537246,0.1864941,0.0543111,563.1578703899203,OPTIMAL,0,0.0,10080,8645,0.0335986,561.2632508210093,OPTIMAL,0,0.0
convex_per,80,10,Gurobi,7.5546518,0.6280696,1.2311404,0.2165078,0.0622623,562.1060562204458,OPTIMAL,0,0.0,13440,11525,0.0307751,561.275351923487,OPTIMAL,0,0.0
convex_per,100,10,Gurobi,9.3660593,0.5744671,1.2769791,0.2604024,0.0705171,559.6107301674837,OPTIMAL,0,0.0,16800,14405,0.0317895,561.2159661212917,OPTIMAL,0,0.0
convex_per,150,10,Gurobi,15.1514464,0.5847764,1.1174013,0.4995786,0.099895,561.1359361535002,OPTIMAL,0,0.0,25200,21605,0.0339135,561.0875900031498,OPTIMAL,0,0.0
convex_per,300,10,Gurobi,32.2733449,0.6690424,1.7576617,1.1104201,0.2190862,559.7336590698235,OPTIMAL,0,0.0,50400,43205,0.0377745,560.998242879327,OPTIMAL,0,0.0
convex_per,450,10,Gurobi,65.4199982,1.2867251,2.7171202,2.0299358,0.5677943,560.9007328710137,OPTIMAL,0,0.0,75600,64805,0.0355132,560.9457316585239,OPTIMAL,0,0.0
conicalb_cross,20,10,Gurobi,5.5894099,0.5068894,1.272605,0.0294608,0.0295135,556.5020458768719,OPTIMAL,0,0.0,3360,2885,0.0362408,561.1921828995597,OPTIMAL,0,0.0
conicalb_cross,40,10,Gurobi,6.4973115,0.4978444,1.038142,0.0685127,0.0392931,556.3951712449376,OPTIMAL,0,0.0,6720,5765,0.032263,561.1872016213267,OPTIMAL,0,0.0
conicalb_cross,60,10,Gurobi,9.497669,0.6392292,1.5845893,0.1247915,0.0542525,554.3917540666395,OPTIMAL,0,0.0,10080,8645,0.0344902,561.2482693738455,OPTIMAL,0,0.0
conicalb_cross,80,10,Gurobi,13.0190095,0.6417293,1.7360789,0.2584935,0.0706372,554.3680858491434,OPTIMAL,0,0.0,13440,11525,0.0343596,561.1396286393873,OPTIMAL,0,0.0
conicalb_cross,100,10,Gurobi,17.5978791,0.7271869,1.7546551,0.3090876,0.0767442,554.0466430852463,OPTIMAL,0,0.0,16800,14405,0.0323401,561.1324185891029,OPTIMAL,0,0.0
conicalb_cross,150,10,Gurobi,28.0328549,0.5855453,1.1896487,0.5587654,0.1154756,554.2138767798159,OPTIMAL,0,0.0,25200,21605,0.0419857,561.1658663848582,OPTIMAL,0,0.0
conicalb_cross,300,10,Gurobi,65.0132871,0.888841,1.8131382,0.9531912,0.1987416,554.5525430321815,OPTIMAL,0,0.0,50400,43205,0.0346115,561.0722444869763,OPTIMAL,0,0.0
conicalb_cross,450,10,Gurobi,122.8638893,1.1943526,3.1853788,2.0557595,0.3251793,558.1211830145235,OPTIMAL,0,0.0,75600,64805,0.0353612,560.9746625021235,OPTIMAL,0,0.0
conicalb_per,20,10,Gurobi,4.1540737,0.4568189,0.9208529,0.0355447,0.0284304,547.6042057660825,OPTIMAL,0,0.0,3360,2885,0.0386664,762.4409635458633,OPTIMAL,5,0.13458706838442613
conicalb_per,40,10,Gurobi,4.0430346,0.44716,0.965045,0.0759816,0.0358961,557.4647223192229,OPTIMAL,0,0.0,6720,5765,0.0352954,561.2118443645551,OPTIMAL,0,0.0
conicalb_per,60,10,Gurobi,6.1330933,0.578016,1.2030691,0.1277225,0.0525604,557.175666054844,OPTIMAL,0,0.0,10080,8645,0.0342755,561.2015884512376,OPTIMAL,0,0.0
conicalb_per,80,10,Gurobi,8.6551861,0.6004069,1.3353921,0.3090434,0.0736392,556.5571104907345,OPTIMAL,0,0.0,13440,11525,0.0331984,561.1911034426188,OPTIMAL,0,0.0
conicalb_per,100,10,Gurobi,10.6559695,0.6403462,1.422842,0.3253312,0.0761217,554.7473910942085,OPTIMAL,0,0.0,16800,14405,0.033228,561.1958131054042,OPTIMAL,0,0.0
conicalb_per,150,10,Gurobi,15.1995911,0.5940335,1.3157863,0.5193285,0.1024355,555.2217472416785,OPTIMAL,0,0.0,25200,21605,0.0337013,561.1745077565294,OPTIMAL,0,0.0
conicalb_per,300,10,Gurobi,32.9261649,0.6829413,1.9606246,1.0081059,0.2043266,554.5201054037011,OPTIMAL,0,0.0,50400,43205,0.0357164,561.0389376862119,OPTIMAL,0,0.0
conicalb_per,450,10,Gurobi,62.1810477,1.0789835,2.4919519,1.5561785,0.520583,556.7597016861359,OPTIMAL,0,0.0,75600,64805,0.0363335,560.9728798219455,OPTIMAL,0,0.0
