base_name           , rp , time_to_cluster_mean, time_to_cluster_q25, time_to_cluster_q75, time_to_read_mean  , time_to_read_q25   , time_to_read_q75   , time_to_create_mean, time_to_create_q25, time_to_create_q75, time_to_solve_mean  , time_to_solve_q25   , time_to_solve_q75  , time_to_save_mean   , time_to_save_q25    , time_to_save_q75    , total_time_mean   , total_time_q25    , total_time_q75    , rel_regret_mean      , rel_regret_q25       , rel_regret_q75        , num_loss_of_load_e_demand_mean, num_loss_of_load_e_demand_q25, num_loss_of_load_e_demand_q75
0_HourlyBenchmark   ,   1,  0.0                , 0.0                , 0.0                , 1.1271952          , 1.1271952          , 1.1271952          ,  3.9892561         , 3.9892561         , 3.9892561         , 2.5438324           , 2.5438324           , 2.5438324          , 1.5191859           , 1.5191859           , 1.5191859           , 9.1794696         , 9.1794696         , 9.1794696         , 0.0                  , 0.0                  , 0.0                   ,                            0.0,                          0.0 ,                          0.0
kmeans_cross_dirac  ,  20,  0.36646432         , 0.0571406          , 0.10871017500000002, 0.32986914         , 0.315519575        , 0.33577307500000003,  0.7995888800000001, 0.732510275       , 0.836479575       , 0.035938519999999995, 0.031738274999999996, 0.0382965          , 0.023207070000000003, 0.019642475         , 0.0256263           , 1.5550679299999999, 1.2065369000000001, 1.415393125       , 111.30034265756615   , 98.08490504523729    , 128.0769643490152     ,                          780.6,                        745.5 ,                        856.25
kmeans_cross_dirac  ,  40,  0.12340875000000003, 0.08867055         , 0.125297875        , 0.36639957         , 0.3471667          , 0.39298092500000004,  0.8065488499999999, 0.7677197         , 0.8529546         , 0.07461391999999999 , 0.062104824999999995, 0.08317575         , 0.04101779          , 0.032500475         , 0.034332475         , 1.4119888800000002, 1.362593425       , 1.45650455        , 34.873257015250424   , 25.943754152297238   , 44.55528476458777     ,                          331.9,                        272.0 ,                        397.0
kmeans_cross_dirac  ,  60,  0.24200878         , 0.112756           , 0.17125725         , 0.40379069999999995, 0.37536774999999994, 0.43294157499999997,  0.8966732799999999, 0.8585929250000001, 0.9535947499999999, 0.11546643999999999 , 0.10926867500000001 , 0.12664535         , 0.044161820000000004, 0.043823175000000006, 0.04474525          , 1.70210102        , 1.5129927749999998, 1.7384374999999999, 21.013085337486597   , 17.462128789393308   , 22.175233612131617    ,                          228.8,                        198.0 ,                        241.0
kmeans_cross_dirac  ,  80,  0.17139681         , 0.13316945         , 0.220492           , 0.43844816         , 0.4297156750000001 , 0.44209750000000003,  0.9821557999999999, 0.8871725         , 1.0611171750000001, 0.19973278          , 0.18229522499999998 , 0.216714925        , 0.059819010000000006, 0.057252575         , 0.062987925         , 1.85155256        , 1.74356315        , 1.990145925       , 15.951732723023742   , 11.29735639309316    , 19.679169289180443    ,                          176.6,                        145.75,                        216.75
kmeans_cross_dirac  , 100,  0.20536488         , 0.15311115         , 0.22429347500000002, 0.47541369         , 0.44342842499999996, 0.5094173          ,  1.2068515100000001, 1.0601474499999999, 1.147013775       , 0.29018034000000004 , 0.27275197500000004 , 0.32405825         , 0.09599962          , 0.07250795          , 0.08151945          , 2.2738100400000003, 2.0145688         , 2.27914245        , 9.139266537606208    , 3.7077805911985156   , 14.151583966763766    ,                          112.8,                         56.5 ,                        174.0
kmeans_cross_dirac  , 150,  0.29400074         , 0.21769122500000002, 0.34461312499999996, 0.58884071         , 0.539183725        , 0.62015695         ,  1.5196485599999998, 1.2141885         , 1.448765775       , 0.46694806999999994 , 0.41532372500000003 , 0.504678075        , 0.10777659999999997 , 0.09987870000000001 , 0.1055681           , 2.97721468        , 2.7097928         , 2.875755375       , 3.082105599653419    , 0.0003220492148579664, 5.831188207853088     ,                           40.4,                          0.0 ,                         83.25
kmeans_cross_dirac  , 300,  0.7623955699999999 , 0.45612525000000004, 0.6142457          , 0.7704713400000001 , 0.7236289250000001 , 0.76970585         ,  1.9517488100000002, 1.6391688000000002, 1.8354871000000001, 0.9531735099999998  , 0.90567545          , 0.97825555         , 0.22949506000000003 , 0.2004939           , 0.22496812500000002 , 4.66728429        , 4.176804425       , 5.387466900000001 , 9.017729514915817e-5 , 7.709016966150623e-5 , 0.00011075952600205741,                            0.0,                          0.0 ,                          0.0
kmeans_cross_dirac  , 450,  1.13832767         , 0.651339975        , 1.8067397          , 1.03947847         , 0.8883492          , 0.9153746500000001 ,  2.2196359799999996, 2.13037135        , 2.263878525       , 1.58759006          , 1.5470894           , 1.660759025        , 0.35666349999999997 , 0.2888159           , 0.40017797499999996 , 6.341695679999999 , 5.705413825       , 7.027947750000001 , 2.325931254544907e-5 , 1.9270450354997483e-5, 2.3361295294147525e-5 ,                            0.0,                          0.0 ,                          0.0
kmeans_cross_dirac  , 600,  1.33487423         , 0.76683025         , 2.130314375        , 1.1176160300000002 , 1.1012401250000001 , 1.1384544          ,  2.8795693399999998, 2.7782661749999997, 2.98265505        , 1.9998246299999998  , 1.891079275         , 2.097601975        , 0.5209393800000001  , 0.429860375         , 0.6349801500000001  , 7.85282361        , 7.352805525000001 , 8.532476175000001 , 3.5833800181374667e-6, 1.7760944778193502e-6, 4.985443281815212e-6  ,                            0.0,                          0.0 ,                          0.0
kmeans_per_dirac    ,  20,  0.10825718         , 0.06246285         , 0.110749425        , 0.36148192999999995, 0.336912525        , 0.36081762500000003,  0.82106902        , 0.7870167499999999, 0.9004941000000001, 0.033920479999999996, 0.032043525         , 0.0360667          , 0.02296657          , 0.02129905          , 0.0240315           , 1.3476951799999999, 1.3019413999999998, 1.371438075       , 148.40006122077685   , 139.19501376429557   , 161.35021053653094    ,                          939.7,                        899.0 ,                        965.0
kmeans_per_dirac    ,  40,  0.08250765         , 0.0575862          , 0.08116865         , 0.43060676999999997, 0.383995875        , 0.484348775        ,  1.16052282        , 0.8558582750000001, 1.1836278         , 0.07687269          , 0.070658225         , 0.083922           , 0.03588541          , 0.033199624999999996, 0.0379877           , 1.7863953399999999, 1.4033156         , 1.8121330750000002, 92.2891931357841     , 62.439332500418026   , 122.60697047165768    ,                          675.0,                        520.0 ,                        816.5
kmeans_per_dirac    ,  60,  0.07457347         , 0.062633125        , 0.075375325        , 0.43297618         , 0.37735982500000004, 0.48840367500000004,  0.9616914700000001, 0.8908779499999999, 1.0126066         , 0.11709239          , 0.108598525         , 0.1283145          , 0.06058408          , 0.044710925         , 0.047383875         , 1.64691759        , 1.5730518750000002, 1.7468827750000002, 44.79301227952065    , 23.975130450341133   , 72.66295763963164     ,                          386.4,                        255.5 ,                        581.25
kmeans_per_dirac    ,  80,  0.11131002999999999, 0.073606825        , 0.13875345         , 0.48352924999999997, 0.46112729999999996, 0.50352245         ,  0.9669751999999999, 0.845764875       , 1.037914125       , 0.17687579999999997 , 0.167568975         , 0.17831482499999998, 0.0687525           , 0.0576058           , 0.063001275         , 1.8074427800000001, 1.778009475       , 1.8529039250000001, 16.618658909825236   , 6.477270608251078    , 24.34963470923528     ,                          185.6,                         95.0 ,                        259.25
kmeans_per_dirac    , 100,  0.37532973999999997, 0.13274640000000001, 0.1829503          , 0.5029618199999999 , 0.45943905         , 0.515923875        ,  0.9918453900000002, 0.907275525       , 1.054388125       , 0.26595567999999997 , 0.242178275         , 0.2677297          , 0.09758014000000001 , 0.0709756           , 0.07811955000000001 , 2.2336727700000005, 2.0036918000000004, 2.2266101750000002, 14.018112416037871   , 7.32268988243758     , 20.23545387892826     ,                          166.9,                        104.75,                        221.5
kmeans_per_dirac    , 150,  0.31809106         , 0.1529836          , 0.26728497500000004, 0.5696598900000001 , 0.5276133249999999 , 0.5987005999999999 ,  1.1875892299999997, 1.099446          , 1.2550896249999999, 0.49248543999999994 , 0.44235464999999996 , 0.5436005          , 0.10834861          , 0.103188175         , 0.10901912500000001 , 2.6761742300000004, 2.460531          , 2.792835325       , 5.772652167170434    , 1.8173745720097654   , 10.060394881228373    ,                           77.9,                         29.5 ,                        133.5
kmeans_per_dirac    , 300,  0.33049111         , 0.29014887500000003, 0.38427164999999996, 0.78978008         , 0.750541375        , 0.8124274250000001 ,  2.1273848299999996, 1.660025825       , 2.7411879999999997, 1.02361653          , 0.975996675         , 1.0761313000000001 , 0.20232557000000004 , 0.1947793           , 0.20625112499999998 , 4.47359812        , 4.026506275       , 5.068395625       , 0.33244358184352496  , 0.020804099328873768 , 0.3479557857867512    ,                            6.0,                          0.75,                          7.75
kmeans_per_dirac    , 450,  0.6158204299999999 , 0.4362666          , 0.5827671750000001 , 1.11120715         , 0.931108625        , 1.032994175        ,  2.6055797700000003, 2.158710125       , 3.1607942749999998, 1.55835901          , 1.385555975         , 1.696807225        , 0.39170512          , 0.32474255          , 0.382881525         , 6.28267148        , 5.718399949999999 , 6.820689825       , 0.008274808848112455 , 2.2260032903698124e-5, 3.010985209212441e-5  ,                            0.3,                          0.0 ,                          0.0
kmeans_per_dirac    , 600,  0.8586351999999999 , 0.494527           , 1.3828728          , 1.18396075         , 1.0926215          , 1.25157395         ,  3.10112728        , 2.716502275       , 3.2238448249999996, 2.02838942          , 1.92954785          , 2.0718697500000003 , 0.47367192          , 0.401065025         , 0.436887975         , 7.645784569999999 , 7.000434650000001 , 8.077954375000001 , 0.008223580262994194 , 1.0891171627183448e-6, 4.697462997473048e-6  ,                            0.3,                          0.0 ,                          0.0
kmedoids_cross_dirac,  20,  0.0825361          , 0.060140625        , 0.09907175000000001, 0.34409806000000004, 0.307374525        , 0.37174952499999997,  0.73203369        , 0.7153541999999999, 0.75647095        , 0.02947421          , 0.026861475         , 0.032677325        , 0.023660779999999996, 0.0203268           , 0.0263857           , 1.21180284        , 1.14410385        , 1.269665375       , 27.99247621799153    , 7.81682780404717     , 29.428139783257194    ,                          255.9,                        107.25,                        291.75
kmedoids_cross_dirac,  40,  0.12227579         , 0.09111555         , 0.12090715000000002, 0.39439305999999996, 0.38173432500000004, 0.408139625        ,  0.9955606899999999, 0.7902664         , 0.967575125       , 0.06535423          , 0.059279725         , 0.06522534999999999, 0.03486224          , 0.033409225         , 0.0354164           , 1.6124460099999998, 1.3937947         , 1.5782372         , 13.398278619682008   , 7.723521386706443    , 17.197096043594726    ,                          149.0,                        107.25,                        198.0
kmedoids_cross_dirac,  60,  0.12182016         , 0.10200382499999999, 0.131642975        , 0.42655886         , 0.41354822500000005, 0.44431244999999997,  1.0050679299999998, 0.921501075       , 1.088997425       , 0.11925252          , 0.0961474           , 0.134341975        , 0.050331860000000006, 0.04586645          , 0.0505875           , 1.7230313300000002, 1.6741324249999998, 1.7861397500000002, 5.076981098150921    , 1.409717673236483    , 7.339030240379803     ,                           66.3,                         20.75,                        101.0
kmedoids_cross_dirac,  80,  0.29296127000000005, 0.147009575        , 0.22481030000000002, 0.45675672         , 0.429334675        , 0.46753365         ,  0.96973481        , 0.908650975       , 1.0487226         , 0.20257046          , 0.189603675         , 0.21536204999999997, 0.06288020999999999 , 0.05899715          , 0.06380649999999999 , 1.9849034699999997, 1.8103093         , 1.9440179999999998, 4.658706979866618    , 1.0905212082730702   , 3.7721277194019       ,                           63.3,                         16.0 ,                         62.0
kmedoids_cross_dirac, 100,  0.19359237999999998, 0.148276775        , 0.17215655         , 0.5205836400000001 , 0.49981814999999996, 0.5342075          ,  1.22132708        , 1.0540703749999998, 1.122496625       , 0.26344939000000006 , 0.250038            , 0.27402557499999997, 0.07738579          , 0.07291344999999999 , 0.079982475         , 2.27633828        , 2.045666925       , 2.2074109         , 2.682079799915315    , 0.5082010163552746   , 3.455077154248895     ,                           40.9,                          9.0 ,                         58.25
kmedoids_cross_dirac, 150,  0.2191186          , 0.17867135         , 0.250807625        , 0.60973656         , 0.5547482          , 0.6168530000000001 ,  1.28159898        , 1.186642275       , 1.3417606         , 0.455375            , 0.4109528           , 0.47455929999999996, 0.10700313000000002 , 0.10253577500000001 , 0.108681325         , 2.67283227        , 2.59716695        , 2.7467394500000006, 0.6551454190673829   , 7.406633505722905e-5 , 0.6569213489171573    ,                           10.9,                          0.0 ,                         10.0
kmedoids_cross_dirac, 300,  0.7458448999999998 , 0.4473728          , 0.545214525        , 0.7871071300000001 , 0.75660905         , 0.8116935999999999 ,  2.05962624        , 1.72777445        , 1.9089647749999998, 0.96793076          , 0.93468145          , 1.05334905         , 0.22448080999999998 , 0.20045127499999998 , 0.21919025          , 4.78498984        , 4.271504875       , 5.3955056         , 0.10811299726722176  , 4.864709282805205e-6 , 0.14291139033803477   ,                            1.7,                          0.0 ,                          2.25
kmedoids_cross_dirac, 450,  1.3342300200000001 , 0.65376795         , 2.022208875        , 0.96443949         , 0.910240675        , 0.98784435         ,  2.26554259        , 2.232779075       , 2.3242397         , 1.50194181          , 1.425453525         , 1.55440105         , 0.3352254           , 0.2936337           , 0.32390105          , 6.40137931        , 5.668983575       , 7.127620650000001 , 4.166964675406002e-6 , 7.874835921488858e-7 , 7.88476063822135e-6   ,                            0.0,                          0.0 ,                          0.0
kmedoids_cross_dirac, 600,  1.44428315         , 0.7797966749999999 , 2.1500096          , 1.2047349499999997 , 1.132962425        , 1.227057125        ,  3.0635674699999997, 2.9466557750000004, 3.206568925       , 2.0048987           , 1.8832815749999998  , 2.1810845999999997 , 0.44839613999999994 , 0.4024049           , 0.448199625         , 8.16588041        , 7.682593425       , 8.68221545        , 3.0013330128898533e-6, 1.1904272142585078e-6, 4.52267453379559e-6   ,                            0.0,                          0.0 ,                          0.0
kmedoids_per_dirac  ,  20,  0.06746189999999999, 0.05603825         , 0.071212425        , 0.40253832999999994, 0.362810075        , 0.40884122500000003,  0.9066907999999998, 0.8578756000000001, 0.9197885         , 0.029859869999999993, 0.0265605           , 0.0313206          , 0.030852029999999996, 0.021890024999999997, 0.024461049999999998, 1.43740293        , 1.358589175       , 1.512082125       , 31.58314586730794    , 17.183625148817836   , 41.384170515943346    ,                          279.6,                        197.25,                        335.0
kmedoids_per_dirac  ,  40,  0.10451329000000001, 0.059443925        , 0.12205595000000001, 0.45676714         , 0.42384192499999995, 0.49805479999999996,  0.9077989000000001, 0.8240480250000001, 0.98033665        , 0.07283200000000001 , 0.06554579999999999 , 0.07840245000000001, 0.038288100000000005, 0.034042975         , 0.040432749999999996, 1.58019943        , 1.52753355        , 1.6257702250000001, 11.183982200127355   , 7.1514006655837985   , 16.864261985617574    ,                          140.4,                        102.25,                        194.5
kmedoids_per_dirac  ,  60,  0.08878631000000001, 0.06845915         , 0.09095942500000001, 0.4488824900000001 , 0.4179218          , 0.48715427499999997,  1.0263942899999998, 0.9370166499999999, 1.1567468         , 0.11944393          , 0.106505875         , 0.132016825        , 0.05729486          , 0.04698575          , 0.050307125         , 1.7408018800000005, 1.6473740749999999, 1.8842283000000002, 9.444750496020834    , 2.0675976818801107   , 11.375487058108268    ,                          110.7,                         31.75,                        146.5
kmedoids_per_dirac  ,  80,  0.23908534         , 0.09162415         , 0.145082375        , 0.49445851         , 0.449418875        , 0.52549125         ,  1.0396902         , 0.9624781         , 1.10002355        , 0.21687115          , 0.195028            , 0.21239429999999998, 0.06313801          , 0.060210475         , 0.06358249999999999 , 2.05324321        , 1.833156325       , 2.0909425749999997, 3.246736174111457    , 0.7218968765057555   , 6.986130283225652     ,                           48.1,                         12.0 ,                        104.0
kmedoids_per_dirac  , 100,  0.38574377         , 0.097377325        , 0.20150885000000002, 0.50914171         , 0.483665725        , 0.5411497999999999 ,  1.0992816399999998, 0.938346975       , 1.2237433         , 0.28653606          , 0.268501025         , 0.3029675          , 0.07664499          , 0.07115047499999999 , 0.074246675         , 2.3573481699999994, 2.15568725        , 2.3054187749999997, 2.5427326633509137   , 0.7162718942870614   , 4.43191480903679      ,                           37.0,                         11.25,                         66.5
kmedoids_per_dirac  , 150,  0.18798195         , 0.137108025        , 0.214255275        , 0.6012611999999999 , 0.5689568          , 0.63996255         ,  1.21240478        , 1.1101476         , 1.2701942         , 0.4544264899999999  , 0.4288099           , 0.47147527499999997, 0.12157325          , 0.103317375         , 0.109222125         , 2.57764767        , 2.463998925       , 2.629476175       , 0.8165107436296555   , 0.43423929615942386  , 0.7305298813145166    ,                           12.9,                          8.0 ,                         12.0
kmedoids_per_dirac  , 300,  0.6023571600000001 , 0.28529245000000003, 0.45965670000000003, 0.83108966         , 0.761747525        , 0.88794815         ,  1.9068290100000003, 1.684493625       , 1.8667577         , 1.05031231          , 0.970178675         , 1.080824825        , 0.23228249999999995 , 0.203599225         , 0.222472375         , 4.62287064        , 4.157167625       , 4.986919675       , 0.2554212886574977   , 0.19114328619682466  , 0.34000582534196194   ,                            4.5,                          3.0 ,                          7.0
kmedoids_per_dirac  , 450,  0.47062207         , 0.4196328          , 0.5082453499999999 , 0.96502473         , 0.9290437500000001 , 0.9947847750000001 ,  2.6400515899999997, 2.215988125       , 3.106888675       , 1.65170964          , 1.488787975         , 1.8248064          , 0.36682061          , 0.308557125         , 0.34250955          , 6.094228640000001 , 5.648857049999999 , 6.4996458         , 0.038278036982995416 , 3.1225985785798844e-6, 8.949730095469914e-6  ,                            0.6,                          0.0 ,                          0.0
kmedoids_per_dirac  , 600,  0.96777264         , 0.541259575        , 1.53820445         , 1.21409268         , 1.1775224          , 1.2139739999999999 ,  3.1918935900000003, 2.8795854         , 3.195409425       , 2.0415577600000003  , 1.929803775         , 2.1114051          , 0.53029546          , 0.412325375         , 0.6669717000000001  , 7.945612129999999 , 7.2349980249999994, 8.519023274999999 , 2.3994290201447275e-6, 7.660725147913739e-7 , 3.9896058874590925e-6 ,                            0.0,                          0.0 ,                          0.0
