base_name,rp,solver,time_to_read,time_to_create,time_to_solve,time_to_save,objective_value,termination_status,num_constraints,num_variables,time_to_resolve_benchmark,objective_value_resolve_benchmark,termination_status_resolve_benchmark,num_loss_of_load_e_demand,num_loss_of_load_h2_demand,loss_of_load_e_demand,loss_of_load_h2_demand,time_to_cluster
kmedoids_cross_convex,4,Xpress,2.1539768,12.7694859,5.3459132,0.3556575,6.609519858056717e8,OPTIMAL,112713,64898,98.074957,6.025397123178575e8,OPTIMAL,0,0,0.0,0.0,1.1961058
kmedoids_cross_convex,4,Xpress,3.3728527,8.0164552,5.6678472,0.327284,6.59113580278862e8,OPTIMAL,112713,64898,66.9762548,6.036975735337573e8,OPTIMAL,0,0,0.0,0.0,1.3164285
kmedoids_cross_convex,4,Xpress,2.2395862,9.428348,4.359348,0.3781744,6.37329691596489e8,OPTIMAL,112713,64898,64.0042177,6.00511112681069e8,OPTIMAL,0,0,0.0,0.0,1.2548761
kmedoids_cross_convex,4,Xpress,1.6079919,6.0274165,5.3439824,0.34811,6.628581382658615e8,OPTIMAL,112713,64898,61.6400221,6.028359935384599e8,OPTIMAL,0,0,0.0,0.0,1.3071221
kmedoids_cross_convex,4,Xpress,1.6855598,4.3860965,6.2282122,0.3460521,6.564005622274094e8,OPTIMAL,112713,64898,60.795177,6.062228646325073e8,OPTIMAL,0,0,0.0,0.0,1.2996405
kmedoids_cross_convex,4,Xpress,2.2228171,9.6718608,5.3109687,0.3730622,6.628581382658615e8,OPTIMAL,112713,64898,60.7137225,6.028359935384598e8,OPTIMAL,0,0,0.0,0.0,1.3241419
kmedoids_cross_convex,4,Xpress,2.9861759,14.9562079,5.2710018,0.3445478,6.558227560407791e8,OPTIMAL,112713,64898,63.112284,5.988994216183791e8,OPTIMAL,0,0,0.0,0.0,1.3975452
kmedoids_cross_convex,4,Xpress,3.5663111,17.6240042,5.3984026,0.4094537,6.431875391842728e8,OPTIMAL,112713,64898,56.7705992,6.04938955202047e8,OPTIMAL,0,0,0.0,0.0,1.3706164
kmedoids_cross_convex,4,Xpress,3.906629,20.9815243,5.4093182,0.4072885,6.431875391850586e8,OPTIMAL,112713,64898,58.3563199,6.049389552020477e8,OPTIMAL,0,0,0.0,0.0,1.3723501
kmedoids_cross_convex,4,Xpress,2.7732609,6.8756368,7.4021487,0.3821623,6.435395535771561e8,OPTIMAL,112713,64898,64.7342555,6.024213943836442e8,OPTIMAL,0,0,0.0,0.0,1.2324683
kmedoids_cross_convex,8,Xpress,2.2095227,12.7622581,13.5498497,0.5027221,6.155553601916275e8,OPTIMAL,173961,112418,60.6950335,5.884213179415658e8,OPTIMAL,0,0,0.0,0.0,1.4467375
kmedoids_cross_convex,8,Xpress,2.0520628,11.8378597,14.7686987,0.5458332,6.180284137608719e8,OPTIMAL,173961,112418,65.6260038,5.90030822779512e8,OPTIMAL,0,0,0.0,0.0,1.4362429
kmedoids_cross_convex,8,Xpress,2.3735226,15.8505918,12.3960264,11.9949259,6.220532098598404e8,OPTIMAL,173961,112418,59.5937115,5.917536163054341e8,OPTIMAL,0,0,0.0,0.0,1.4613459
kmedoids_cross_convex,8,Xpress,2.440657,14.7746927,16.033716,0.5516214,6.183276168746948e8,OPTIMAL,173961,112418,63.9245146,5.908611847360544e8,OPTIMAL,0,0,0.0,0.0,1.5082257
kmedoids_cross_convex,8,Xpress,2.8796161,15.8390435,13.2651665,0.5880944,6.354539193037643e8,OPTIMAL,173961,112418,60.1990154,5.940834822496678e8,OPTIMAL,0,0,0.0,0.0,1.4515636
kmedoids_cross_convex,8,Xpress,3.3160603,20.0418361,14.8310355,0.6000005,6.357510225778961e8,OPTIMAL,173961,112418,63.5595781,5.970768641085191e8,OPTIMAL,0,0,0.0,0.0,1.408093
kmedoids_cross_convex,8,Xpress,2.0234636,9.6424823,12.2483251,0.6412649,6.23385697356987e8,OPTIMAL,173961,112418,64.6336137,5.915293132810079e8,OPTIMAL,0,0,0.0,0.0,1.520522
kmedoids_cross_convex,8,Xpress,3.555188,18.4843507,14.3831612,0.5203625,6.139250146789856e8,OPTIMAL,173961,112418,67.0125893,5.906392851272237e8,OPTIMAL,0,0,0.0,0.0,1.384496
kmedoids_cross_convex,8,Xpress,2.945783,12.7519111,19.5947488,0.6342064,6.228090367595367e8,OPTIMAL,173961,112418,61.8229309,5.87160257521186e8,OPTIMAL,0,0,0.0,0.0,1.4295513
kmedoids_cross_convex,8,Xpress,2.8477203,12.6688786,16.4800436,0.5514187,6.197465750957184e8,OPTIMAL,173961,112418,65.7629711,5.904085934043226e8,OPTIMAL,0,0,0.0,0.0,1.439719
kmedoids_cross_convex,12,Xpress,3.6576034,19.1227254,31.9093516,0.7084555,6.046247209415054e8,OPTIMAL,235209,159938,65.4706596,5.864009511702023e8,OPTIMAL,0,0,0.0,0.0,1.4833519
kmedoids_cross_convex,12,Xpress,3.5293048,22.7453899,54.3745555,0.6756024,6.085830373529739e8,OPTIMAL,235209,159938,60.2126129,5.896177547281221e8,OPTIMAL,0,0,0.0,0.0,1.496513
kmedoids_cross_convex,12,Xpress,3.4606741,19.8031361,26.326833,0.7186923,5.981748242938995e8,OPTIMAL,235209,159938,66.3752298,5.837036762551317e8,OPTIMAL,0,0,0.0,0.0,1.5177454
kmedoids_cross_convex,12,Xpress,3.5046885,19.0835698,22.7628261,0.6759256,6.036166543099899e8,OPTIMAL,235209,159938,62.9620509,5.87217622299915e8,OPTIMAL,0,0,0.0,0.0,1.5345142
kmedoids_cross_convex,12,Xpress,2.2792209,13.2500609,31.6068947,0.6730734,6.038986686895981e8,OPTIMAL,235209,159938,60.1096337,5.855259752358917e8,OPTIMAL,0,0,0.0,0.0,1.4931684
kmedoids_cross_convex,12,Xpress,3.8525243,21.2783679,29.9038202,0.7552964,6.086362765793304e8,OPTIMAL,235209,159938,63.189354,5.866339754958334e8,OPTIMAL,0,0,0.0,0.0,1.507011
kmedoids_cross_convex,12,Xpress,3.236985,23.8324737,25.7073815,0.68517,6.176272294381027e8,OPTIMAL,235209,159938,62.754652,5.871688726028466e8,OPTIMAL,0,0,0.0,0.0,1.5081665
kmedoids_cross_convex,12,Xpress,3.4169007,17.7212473,25.8946751,0.6931794,6.105844658814392e8,OPTIMAL,235209,159938,60.3051266,5.877322110002941e8,OPTIMAL,0,0,0.0,0.0,1.476012
kmedoids_cross_convex,12,Xpress,3.4911574,14.9462905,28.9698894,0.737027,6.118766586023407e8,OPTIMAL,235209,159938,61.1629917,5.901463623431336e8,OPTIMAL,0,0,0.0,0.0,1.5730089
kmedoids_cross_convex,12,Xpress,3.9987652,20.0035784,28.3202642,0.6405402,6.104274715255127e8,OPTIMAL,235209,159938,64.7020234,5.885736661991881e8,OPTIMAL,0,0,0.0,0.0,1.4356957
kmedoids_cross_convex,16,Xpress,3.5894319,19.1874304,41.2800393,0.8498523,6.01307883706604e8,OPTIMAL,296457,207458,61.2449906,5.83761451327399e8,OPTIMAL,0,0,0.0,0.0,1.5782165
kmedoids_cross_convex,16,Xpress,4.0822551,28.064593,35.5826157,0.8366752,5.973873995309677e8,OPTIMAL,296457,207458,60.5001443,5.824689577910197e8,OPTIMAL,0,0,0.0,0.0,1.5440345
kmedoids_cross_convex,16,Xpress,3.3234748,18.3194685,38.6484062,0.8594036,5.983405410474014e8,OPTIMAL,296457,207458,66.3209183,5.833344768187326e8,OPTIMAL,0,0,0.0,0.0,1.6079989
kmedoids_cross_convex,16,Xpress,4.9651084,21.4889525,39.1233584,0.9152738,5.974781281791687e8,OPTIMAL,296457,207458,63.2780771,5.857202823612661e8,OPTIMAL,0,0,0.0,0.0,1.5543864
kmedoids_cross_convex,16,Xpress,2.9817792,15.8683336,35.5932616,0.7863961,6.003253107900009e8,OPTIMAL,296457,207458,66.3001153,5.837738835427176e8,OPTIMAL,0,0,0.0,0.0,1.5850386
kmedoids_cross_convex,16,Xpress,3.5746667,18.6872601,39.7316495,0.8412897,6.003188590895538e8,OPTIMAL,296457,207458,63.4382266,5.832348295620887e8,OPTIMAL,0,0,0.0,0.0,1.556537
kmedoids_cross_convex,16,Xpress,4.1302116,27.4819919,38.650196,0.8536266,5.959250888536987e8,OPTIMAL,296457,207458,63.838669,5.842575556761345e8,OPTIMAL,0,0,0.0,0.0,1.5700272
kmedoids_cross_convex,16,Xpress,2.991111,15.2200897,33.5710317,0.8317067,6.045576547709656e8,OPTIMAL,296457,207458,61.0208695,5.857254274469944e8,OPTIMAL,0,0,0.0,0.0,1.5860526
kmedoids_cross_convex,16,Xpress,4.2671997,20.4030102,35.7304565,0.856934,6.067152540049286e8,OPTIMAL,296457,207458,62.2216816,5.873386183148428e8,OPTIMAL,0,0,0.0,0.0,1.5999152
kmedoids_cross_convex,16,Xpress,2.843439,15.3618868,37.2619808,0.7817356,5.971738819804459e8,OPTIMAL,296457,207458,64.5907191,5.84152049940141e8,OPTIMAL,0,0,0.0,0.0,1.5666509
kmedoids_cross_convex,20,Xpress,4.2338447,21.9515687,59.1252121,1.1114107,5.93157281583435e8,OPTIMAL,357705,254978,62.1203899,5.812127556404254e8,OPTIMAL,0,0,0.0,0.0,1.6573336
kmedoids_cross_convex,20,Xpress,3.4509368,19.7373021,51.273013,0.9863285,6.000918567238617e8,OPTIMAL,357705,254978,63.8323268,5.827858328225267e8,OPTIMAL,0,0,0.0,0.0,1.6524534
kmedoids_cross_convex,20,Xpress,4.7079929,23.7310487,52.5498319,1.0372372,5.888124328981476e8,OPTIMAL,357705,254978,64.6664021,5.820120736118362e8,OPTIMAL,0,0,0.0,0.0,1.7653806
kmedoids_cross_convex,20,Xpress,3.9152104,20.9374765,65.319836,1.0796057,5.924550149741516e8,OPTIMAL,357705,254978,64.5129107,5.818316506035818e8,OPTIMAL,0,0,0.0,0.0,1.7059842
kmedoids_cross_convex,20,Xpress,4.7394732,19.3385079,52.4650476,1.2000861,5.980066348970108e8,OPTIMAL,357705,254978,65.0184577,5.826678613905525e8,OPTIMAL,0,0,0.0,0.0,1.6898153
kmedoids_cross_convex,20,Xpress,3.2397668,14.4489982,50.4467234,0.9295605,5.96491261339859e8,OPTIMAL,357705,254978,62.4273278,5.81850715041845e8,OPTIMAL,0,0,0.0,0.0,1.6397024
kmedoids_cross_convex,20,Xpress,4.3429128,24.8755858,49.2072004,1.073607,5.903888638256912e8,OPTIMAL,357705,254978,62.7662872,5.802461009800457e8,OPTIMAL,0,0,0.0,0.0,1.6491985
kmedoids_cross_convex,20,Xpress,3.6568493,21.5384052,54.2909494,1.0779283,6.047518333461227e8,OPTIMAL,357705,254978,61.8472376,5.856000385471694e8,OPTIMAL,0,0,0.0,0.0,1.6666517
kmedoids_cross_convex,20,Xpress,4.8008004,22.7635505,61.1411215,1.0793175,5.999309597162628e8,OPTIMAL,357705,254978,61.6861636,5.84389749591316e8,OPTIMAL,0,0,0.0,0.0,1.6637724
kmedoids_cross_convex,20,Xpress,3.8015468,21.6504918,53.137348,1.0375932,5.947405500858383e8,OPTIMAL,357705,254978,60.9945094,5.834642851740831e8,OPTIMAL,0,0,0.0,0.0,1.6414702
kmedoids_cross_convex,30,Xpress,5.981256,27.5974862,79.9162074,2.4385698,5.913198286072617e8,OPTIMAL,510825,373778,68.7947261,5.804231857728647e8,OPTIMAL,0,0,0.0,0.0,1.923003
kmedoids_cross_convex,30,Xpress,5.042817,24.054055,78.1798215,1.3632582,5.88949410970871e8,OPTIMAL,510825,373778,62.3081369,5.802884546562908e8,OPTIMAL,0,0,0.0,0.0,1.9250926
kmedoids_cross_convex,30,Xpress,6.2387435,28.1564933,83.8443943,1.551982,5.912154894917145e8,OPTIMAL,510825,373778,62.9450724,5.816956923697387e8,OPTIMAL,0,0,0.0,0.0,1.9147823
kmedoids_cross_convex,30,Xpress,4.8075573,25.1632061,79.9271603,1.4738064,5.866077045044403e8,OPTIMAL,510825,373778,67.0106894,5.78943584429069e8,OPTIMAL,0,0,0.0,0.0,1.9040128
kmedoids_cross_convex,30,Xpress,6.2515701,25.7406389,72.9340657,1.7390071,5.876842200961533e8,OPTIMAL,510825,373778,64.3450373,5.786415399084102e8,OPTIMAL,0,0,0.0,0.0,1.8930273
kmedoids_cross_convex,30,Xpress,4.298678,23.2052207,79.9179379,1.3576213,5.898940327334671e8,OPTIMAL,510825,373778,64.0636012,5.80696925734886e8,OPTIMAL,0,0,0.0,0.0,1.8800512
kmedoids_cross_convex,30,Xpress,6.1552262,28.3315397,81.1096577,1.5285293,5.898706150935898e8,OPTIMAL,510825,373778,68.2447948,5.772518271824718e8,OPTIMAL,0,0,0.0,0.0,1.9331872
kmedoids_cross_convex,30,Xpress,4.9236327,24.3296222,73.8573671,2.2248878,5.924341836368713e8,OPTIMAL,510825,373778,63.7264454,5.809073421734934e8,OPTIMAL,0,0,0.0,0.0,1.9903255
kmedoids_cross_convex,30,Xpress,7.3965052,23.3002143,84.879531,1.5089573,5.962753377143402e8,OPTIMAL,510825,373778,66.9342807,5.828884423747753e8,OPTIMAL,0,0,0.0,0.0,1.8883547
kmedoids_cross_convex,30,Xpress,5.012588,23.4551145,79.0577256,1.4914952,5.905163007716751e8,OPTIMAL,510825,373778,64.9567169,5.813258487675928e8,OPTIMAL,0,0,0.0,0.0,1.9197198
kmedoids_cross_convex,45,Xpress,8.179821,43.9600246,114.1178093,15.1336526,5.879769321413269e8,OPTIMAL,740505,551978,62.2267583,5.789111789041902e8,OPTIMAL,0,0,0.0,0.0,2.3516746
kmedoids_cross_convex,45,Xpress,8.5353592,39.9046069,111.4492311,2.9378337,5.884711733935776e8,OPTIMAL,740505,551978,61.0789644,5.798098330251355e8,OPTIMAL,0,0,0.0,0.0,2.4138692
kmedoids_cross_convex,45,Xpress,10.2072172,52.1425053,114.4734304,1.9612133,5.886645948115768e8,OPTIMAL,740505,551978,71.2499425,5.761988237552212e8,OPTIMAL,0,0,0.0,0.0,2.3324977
kmedoids_cross_convex,45,Xpress,14.3841035,32.4893948,124.8475804,2.270356,5.863985325198898e8,OPTIMAL,740505,551978,61.7276417,5.793345975849831e8,OPTIMAL,0,0,0.0,0.0,2.3555821
kmedoids_cross_convex,45,Xpress,7.9435483,36.6163789,107.3553138,1.8859339,5.887337305383987e8,OPTIMAL,740505,551978,67.1826719,5.773527874561186e8,OPTIMAL,0,0,0.0,0.0,2.3856171
kmedoids_cross_convex,45,Xpress,14.9498871,44.5484209,134.0164126,2.0577064,5.869936180672684e8,OPTIMAL,740505,551978,65.4942104,5.774991457901032e8,OPTIMAL,0,0,0.0,0.0,2.4470836
kmedoids_cross_convex,45,Xpress,8.1251912,42.8280306,144.6651831,2.0506547,5.861217683314209e8,OPTIMAL,740505,551978,63.8641025,5.76390920680823e8,OPTIMAL,0,0,0.0,0.0,2.3224946
kmedoids_cross_convex,45,Xpress,7.1745252,35.526124,127.3442849,1.8763319,5.880260864586792e8,OPTIMAL,740505,551978,63.8802936,5.76889680671236e8,OPTIMAL,0,0,0.0,0.0,2.3784892
kmedoids_cross_convex,45,Xpress,14.6882207,44.8928718,117.5202007,1.9544487,5.929017950968323e8,OPTIMAL,740505,551978,63.8792437,5.823119238904706e8,OPTIMAL,0,0,0.0,0.0,2.392451
kmedoids_cross_convex,45,Xpress,13.7547178,36.2192341,117.7024789,2.2405143,5.860879660351944e8,OPTIMAL,740505,551978,66.280311,5.772003805133752e8,OPTIMAL,0,1,0.0,1.164722122678473,2.3959538
kmedoids_cross_convex,60,Xpress,7.5555904,41.1402688,177.6205068,2.5585412,5.840781094439392e8,OPTIMAL,970185,730178,65.9019842,5.757397603879056e8,OPTIMAL,0,0,0.0,0.0,2.7186854
kmedoids_cross_convex,60,Xpress,25.1091709,40.9927582,175.3978581,2.5587097,5.87984517999939e8,OPTIMAL,970185,730178,64.2813056,5.786670572455773e8,OPTIMAL,0,0,0.0,0.0,2.8099001
kmedoids_cross_convex,60,Xpress,11.0976164,50.8736738,211.3853406,2.6047881,5.8607034210038e8,OPTIMAL,970185,730178,64.7743619,5.735753402025495e8,OPTIMAL,0,0,0.0,0.0,2.8156373
kmedoids_cross_convex,60,Xpress,10.0897415,40.9626913,171.0017099,2.8103099,5.841807289715805e8,OPTIMAL,970185,730178,65.9370079,5.774355317700521e8,OPTIMAL,0,0,0.0,0.0,2.6869587
kmedoids_cross_convex,60,Xpress,8.3472281,40.5534848,189.4075198,2.5252964,5.861722185292358e8,OPTIMAL,970185,730178,62.7885339,5.734458145674347e8,OPTIMAL,0,0,0.0,0.0,2.7627767
kmedoids_cross_convex,60,Xpress,11.1813895,49.281037,200.0024284,2.6055351,5.829460569683075e8,OPTIMAL,970185,730178,62.1403844,5.735272665917239e8,OPTIMAL,1,1,3.2862166277201155,1.0648066952572584,2.8252516
kmedoids_cross_convex,60,Xpress,9.5245131,46.2100821,171.589003,2.7426794,5.832304153776245e8,OPTIMAL,970185,730178,66.8391578,5.731850214788431e8,OPTIMAL,2,0,6.609465502552403,0.0,2.8143798
kmedoids_cross_convex,60,Xpress,7.8532843,36.9691935,170.2441306,2.6926542,5.864417039393921e8,OPTIMAL,970185,730178,65.6988441,5.756039663072844e8,OPTIMAL,0,0,0.0,0.0,2.6530009
kmedoids_cross_convex,60,Xpress,10.4605575,50.8856537,197.4899806,2.5593708,5.88715503912796e8,OPTIMAL,970185,730178,60.0960143,5.798562788802689e8,OPTIMAL,0,0,0.0,0.0,2.8510406
kmedoids_cross_convex,60,Xpress,9.6992135,38.7665999,169.6637855,2.7874214,5.827640234464111e8,OPTIMAL,970185,730178,66.7415701,5.749565874243896e8,OPTIMAL,2,0,7.334226518556633,0.0,2.8076341
kmedoids_cross_convex,90,Xpress,14.8922425,56.5402472,286.1416059,5.2076097,5.804431196162567e8,OPTIMAL,1429545,1086578,64.6692045,5.727197625035865e8,OPTIMAL,2,0,7.650777950094842,0.0,3.3656231
kmedoids_cross_convex,90,Xpress,11.2228509,67.6227726,412.5069819,5.0986842,5.8150823709375e8,OPTIMAL,1429545,1086578,66.0401183,5.735207586270947e8,OPTIMAL,1,0,2.2245432832606866,0.0,3.430202
kmedoids_cross_convex,90,Xpress,10.9156146,69.5787405,247.7563158,5.0888746,5.830439253738708e8,OPTIMAL,1429545,1086578,67.7120579,5.731915709893713e8,OPTIMAL,0,0,7.105427357601002e-15,0.0,3.4201823
kmedoids_cross_convex,90,Xpress,11.7497462,69.1030144,234.5682439,3.8560304,5.795719697953033e8,OPTIMAL,1429545,1086578,61.4436231,5.737532711550874e8,OPTIMAL,2,1,8.390414047034277,0.2218181678473563,3.359245
kmedoids_cross_convex,90,Xpress,11.1465194,68.3005611,233.9334117,5.2033091,5.837488864828415e8,OPTIMAL,1429545,1086578,64.5356246,5.729283844734088e8,OPTIMAL,0,0,1.4210854715202004e-14,0.0,3.3721114
kmedoids_cross_convex,90,Xpress,11.3270208,68.0991138,246.9979555,5.187784,5.788583105035934e8,OPTIMAL,1429545,1086578,59.9189187,5.573448939317943e8,OPTIMAL,2,12,0.44776077666945835,18.103955071136888,3.4523777
kmedoids_cross_convex,90,Xpress,11.3616265,67.7155345,258.3076401,3.9722936,5.812818976551285e8,OPTIMAL,1429545,1086578,68.0908284,5.727564549116166e8,OPTIMAL,1,0,2.2627785467777386,0.0,3.3952697
kmedoids_cross_convex,90,Xpress,11.3436712,67.3636086,262.9489833,4.0181022,5.804895688781433e8,OPTIMAL,1429545,1086578,66.0109631,5.72855779469559e8,OPTIMAL,2,0,7.681340592733406,0.0,3.2545812
kmedoids_cross_convex,90,Xpress,13.5796047,58.5560698,244.7804334,5.2734013,5.838688797931976e8,OPTIMAL,1429545,1086578,65.6144459,5.747928921667547e8,OPTIMAL,2,0,4.252672891501547,0.0,3.4754902
kmedoids_cross_convex,90,Xpress,11.3435818,68.4587453,261.7092183,3.968817,5.769332219816742e8,OPTIMAL,1429545,1086578,62.7162348,5.468617299225034e8,OPTIMAL,17,3,17.032675753649627,4.060055034197717,3.470068
kmedoids_cross_convex,120,Xpress,18.6944074,87.7775022,327.5044038,6.5980429,5.767607138231888e8,OPTIMAL,1888905,1442978,60.7150274,5.494251094192785e8,OPTIMAL,6,1,27.855696025199908,0.2935900267300544,15.0292445
kmedoids_cross_convex,120,Xpress,15.2426195,89.0117206,295.6215164,6.5628622,5.779336945737534e8,OPTIMAL,1888905,1442978,64.7512637,5.527179586016928e8,OPTIMAL,5,0,9.489457584226384,0.0,15.3957987
kmedoids_cross_convex,120,Xpress,13.5753535,87.824172,239.1237173,5.5451559,5.802278556939087e8,OPTIMAL,1888905,1442978,62.7417218,5.727073405320735e8,OPTIMAL,1,0,2.2105658024323347,0.0,15.6997599
kmedoids_cross_convex,120,Xpress,15.8101463,91.2969583,314.5918064,19.419306,5.654185728668823e8,OPTIMAL,1888905,1442978,62.0783684,5.271842594997251e8,OPTIMAL,76,23,100.55026661207471,14.56781582597659,15.4717752
kmedoids_cross_convex,120,Xpress,26.4585004,73.166321,261.3918095,8.1815848,5.808863817933884e8,OPTIMAL,1888905,1442978,58.0632595,5.595382616982807e8,OPTIMAL,9,0,5.297739799194196,0.0,15.1806237
kmedoids_cross_convex,120,Xpress,18.648666,75.3661369,245.8839426,7.7896214,5.683548694764786e8,OPTIMAL,1888905,1442978,59.8986282,5.390887494490345e8,OPTIMAL,26,6,60.02870087389413,32.300198028345605,15.424922
kmedoids_cross_convex,120,Xpress,15.8313763,91.0703063,252.2492467,7.8453579,5.803622472697678e8,OPTIMAL,1888905,1442978,65.7585509,5.72885765774437e8,OPTIMAL,1,0,2.0594682979445693,0.0,15.7041993
kmedoids_cross_convex,120,Xpress,19.1915856,88.0475879,238.3156372,19.4407125,5.735147607184296e8,OPTIMAL,1888905,1442978,60.6715844,5.45659853288809e8,OPTIMAL,27,3,58.80383858520117,19.214117459263008,15.2361783
kmedoids_cross_convex,120,Xpress,25.324229,89.1512263,287.713074,5.0756142,5.813691613336792e8,OPTIMAL,1888905,1442978,65.9776664,5.740732790279022e8,OPTIMAL,1,0,2.5171994119954633,0.0,15.6993768
kmedoids_cross_convex,120,Xpress,18.3442126,87.4438907,302.9491779,23.9566638,5.728093704023666e8,OPTIMAL,1888905,1442978,63.6736922,5.434176243550205e8,OPTIMAL,24,0,20.02783690073425,0.0,15.8611362
kmedoids_cross_convex,180,Xpress,32.6779594,142.4448178,432.8134833,9.0999749,5.699033695463028e8,OPTIMAL,2807625,2155778,60.8016846,5.406660082413625e8,OPTIMAL,24,1,84.0843183934343,0.51369863,13.1288531
kmedoids_cross_convex,180,Xpress,34.8357163,147.7427953,319.8763543,9.6384091,5.537692354329147e8,OPTIMAL,2807625,2155778,64.887296,5.113172757124716e8,OPTIMAL,54,45,123.61514361366731,85.95550284869628,13.491888
kmedoids_cross_convex,180,Xpress,33.6915907,160.335995,262.1706433,9.676909,5.686171710627289e8,OPTIMAL,2807625,2155778,62.1110829,5.3171896245407236e8,OPTIMAL,34,4,98.08206615324764,2.05479452,13.1646838
kmedoids_cross_convex,180,Xpress,35.2882827,164.3513176,343.0102443,11.9166323,5.408105460275726e8,OPTIMAL,2807625,2155778,75.8831326,4.9296447090535396e8,OPTIMAL,88,67,274.96138183088283,139.07707003101854,12.878243
kmedoids_cross_convex,180,Xpress,31.4521439,171.9321602,266.7030518,9.281811,5.701060715170975e8,OPTIMAL,2807625,2155778,58.2049526,5.378907467060362e8,OPTIMAL,27,4,22.722334411974117,1.0871069415077788,12.8688029
kmedoids_cross_convex,180,Xpress,36.3820105,180.5597128,271.0608105,9.4250414,5.504837687619019e8,OPTIMAL,2807625,2155778,68.0069715,5.016984521142432e8,OPTIMAL,106,50,231.48062022820363,112.76873092905981,12.6053527
kmedoids_cross_convex,180,Xpress,38.2498951,174.7300773,292.9646142,9.8708297,5.296610386670227e8,OPTIMAL,2807625,2155778,79.4881539,4.835275679403534e8,OPTIMAL,96,90,288.9634126701792,161.4292373127063,13.1015278
kmedoids_cross_convex,180,Xpress,37.6557582,179.2269549,527.6814027,9.9328906,5.629597302722244e8,OPTIMAL,2807625,2155778,67.4420979,5.227415290605661e8,OPTIMAL,73,11,129.77807920023866,8.427161028496522,12.6705378
kmedoids_cross_convex,180,Xpress,38.8088932,180.7570176,377.2949507,9.6088802,5.586846048182755e8,OPTIMAL,2807625,2155778,65.4891326,5.160874765052858e8,OPTIMAL,49,7,100.23886833286589,7.368473683243208,12.9579352
kmedoids_cross_convex,180,Xpress,39.8438003,181.1834938,302.5933627,9.6807548,5.53345369399765e8,OPTIMAL,2807625,2155778,63.4397933,5.089559026161469e8,OPTIMAL,134,32,334.4928928014403,66.84477579264546,12.8239839
0_HourlyBenchmark,1,Xpress,52.0175663,129.1852258,528.4336937,25.2398444,4.685700547504196e8,OPTIMAL,6824040,4748143,0.0,0.0,,25,9,36.46423909168288,5.139846435702909,0.0
