DAY,WS01,WS02,WS03,WS04,WS05,WS06,WS07,WS08,WS09,WS10,WS11,WS12,WS13,WS14,WS15,WS16,WS17,WS18,WS19,WS20,WS21,WS22,WS23,WS24,WS25,WS26,WS27,WS28,WS29,WS30,WS31,WS32,WS33,WS34,WS35,WS36
1,658.0,393.0,394.0,703.0,371.0,582.0,622.0,645.0,746.0,605.0,728.0,608.0,622.0,511.0,715.0,719.0,698.0,661.0,583.0,379.0,600.0,677.0,674.0,674.0,728.0,646.0,733.0,681.0,630.0,589.0,598.0,624.0,629.0,681.0,742.0,670.0
2,658.0,393.0,394.0,703.0,371.0,582.0,622.0,645.0,746.0,564.0,728.0,608.0,622.0,511.0,715.0,719.0,698.0,661.0,583.0,379.0,600.0,699.0,674.0,674.0,728.0,646.0,733.0,681.0,630.0,589.0,598.0,624.0,629.0,656.0,742.0,670.0
3,658.0,393.0,394.0,681.0,371.0,582.0,622.0,645.0,651.0,564.0,728.0,608.0,622.0,511.0,715.0,751.0,698.0,661.0,583.0,379.0,687.0,699.0,674.0,674.0,728.0,646.0,733.0,619.0,630.0,589.0,598.0,624.0,646.0,656.0,742.0,670.0
4,658.0,393.0,565.0,681.0,371.0,582.0,622.0,645.0,651.0,564.0,728.0,608.0,622.0,511.0,680.0,751.0,698.0,661.0,583.0,379.0,687.0,699.0,674.0,674.0,728.0,646.0,752.0,619.0,630.0,589.0,598.0,624.0,646.0,656.0,742.0,670.0
5,658.0,483.0,565.0,681.0,371.0,582.0,622.0,585.0,651.0,564.0,728.0,608.0,622.0,498.0,680.0,751.0,698.0,661.0,583.0,456.0,687.0,699.0,674.0,674.0,728.0,622.0,752.0,619.0,630.0,589.0,598.0,614.0,646.0,656.0,742.0,670.0
6,604.0,483.0,565.0,681.0,371.0,582.0,637.0,585.0,651.0,564.0,728.0,608.0,623.0,498.0,680.0,751.0,698.0,661.0,600.0,456.0,687.0,699.0,674.0,674.0,721.0,622.0,752.0,619.0,630.0,589.0,688.0,614.0,646.0,656.0,742.0,670.0
7,604.0,483.0,565.0,681.0,371.0,570.0,637.0,585.0,651.0,564.0,728.0,661.0,623.0,498.0,680.0,751.0,698.0,600.0,600.0,456.0,687.0,699.0,674.0,600.0,721.0,622.0,752.0,619.0,630.0,630.0,688.0,614.0,646.0,656.0,742.0,701.0
8,604.0,483.0,565.0,681.0,378.0,570.0,637.0,585.0,651.0,564.0,748.0,661.0,623.0,498.0,680.0,751.0,717.0,600.0,600.0,456.0,687.0,699.0,659.0,600.0,721.0,622.0,752.0,619.0,642.0,630.0,688.0,614.0,646.0,656.0,746.0,701.0
9,604.0,483.0,565.0,681.0,378.0,570.0,637.0,585.0,651.0,522.0,748.0,661.0,623.0,498.0,680.0,751.0,717.0,600.0,600.0,456.0,687.0,741.0,659.0,600.0,721.0,622.0,752.0,619.0,642.0,630.0,688.0,614.0,646.0,639.0,746.0,701.0
10,604.0,483.0,565.0,710.0,378.0,570.0,637.0,585.0,628.0,522.0,748.0,661.0,623.0,498.0,680.0,740.0,717.0,600.0,600.0,456.0,739.0,741.0,659.0,600.0,721.0,622.0,752.0,628.0,642.0,630.0,688.0,614.0,652.0,639.0,746.0,701.0
11,604.0,483.0,583.0,710.0,378.0,570.0,637.0,585.0,628.0,522.0,748.0,661.0,623.0,498.0,666.0,740.0,717.0,600.0,600.0,456.0,739.0,741.0,659.0,600.0,721.0,622.0,771.0,628.0,642.0,630.0,688.0,614.0,652.0,639.0,746.0,701.0
12,604.0,554.0,583.0,710.0,378.0,570.0,637.0,588.0,628.0,522.0,748.0,661.0,623.0,526.0,666.0,740.0,717.0,600.0,600.0,628.0,739.0,741.0,659.0,600.0,721.0,627.0,771.0,628.0,642.0,630.0,688.0,577.0,652.0,639.0,746.0,701.0
13,533.0,554.0,583.0,710.0,378.0,570.0,671.0,588.0,628.0,522.0,748.0,661.0,629.0,526.0,666.0,740.0,717.0,600.0,616.0,628.0,739.0,741.0,659.0,600.0,759.0,627.0,771.0,628.0,642.0,630.0,688.0,577.0,652.0,639.0,746.0,701.0
14,533.0,554.0,583.0,710.0,378.0,594.0,671.0,588.0,628.0,522.0,748.0,704.0,629.0,526.0,666.0,740.0,717.0,614.0,616.0,628.0,739.0,741.0,659.0,649.0,759.0,627.0,771.0,628.0,642.0,680.0,688.0,577.0,652.0,639.0,746.0,702.0
15,533.0,554.0,583.0,710.0,366.0,594.0,671.0,588.0,628.0,522.0,746.0,704.0,629.0,526.0,666.0,740.0,717.0,614.0,616.0,628.0,739.0,741.0,640.0,649.0,759.0,627.0,771.0,628.0,719.0,680.0,688.0,577.0,652.0,639.0,723.0,702.0
16,533.0,554.0,583.0,710.0,366.0,594.0,671.0,588.0,628.0,550.0,746.0,704.0,629.0,526.0,666.0,740.0,717.0,614.0,616.0,628.0,739.0,724.0,640.0,649.0,759.0,627.0,771.0,628.0,719.0,680.0,688.0,577.0,652.0,607.0,723.0,702.0
17,533.0,554.0,583.0,692.0,366.0,594.0,671.0,588.0,642.0,550.0,746.0,704.0,629.0,526.0,666.0,715.0,717.0,614.0,616.0,628.0,706.0,724.0,640.0,649.0,759.0,627.0,771.0,686.0,719.0,680.0,688.0,577.0,690.0,607.0,723.0,702.0
18,533.0,554.0,604.0,692.0,366.0,594.0,671.0,588.0,642.0,550.0,746.0,704.0,629.0,526.0,620.0,715.0,717.0,614.0,616.0,628.0,706.0,724.0,640.0,649.0,759.0,627.0,728.0,686.0,719.0,680.0,688.0,577.0,690.0,607.0,723.0,702.0
19,533.0,677.0,604.0,692.0,366.0,594.0,671.0,637.0,642.0,550.0,746.0,704.0,629.0,547.0,620.0,715.0,717.0,614.0,616.0,736.0,706.0,724.0,640.0,649.0,759.0,589.0,728.0,686.0,719.0,680.0,688.0,611.0,690.0,607.0,723.0,702.0
20,544.0,677.0,604.0,692.0,366.0,594.0,682.0,637.0,642.0,550.0,746.0,704.0,672.0,547.0,620.0,715.0,717.0,614.0,675.0,736.0,706.0,724.0,640.0,649.0,709.0,589.0,728.0,686.0,719.0,680.0,717.0,611.0,690.0,607.0,723.0,702.0
21,544.0,677.0,604.0,692.0,366.0,615.0,682.0,637.0,642.0,550.0,746.0,713.0,672.0,547.0,620.0,715.0,717.0,590.0,675.0,736.0,706.0,724.0,640.0,556.0,709.0,589.0,728.0,686.0,719.0,712.0,717.0,611.0,690.0,607.0,723.0,662.0
22,544.0,677.0,604.0,692.0,426.0,615.0,682.0,637.0,642.0,550.0,722.0,713.0,672.0,547.0,620.0,715.0,630.0,590.0,675.0,736.0,706.0,724.0,601.0,556.0,709.0,589.0,728.0,686.0,661.0,712.0,717.0,611.0,690.0,607.0,687.0,662.0
23,544.0,677.0,604.0,692.0,426.0,615.0,682.0,637.0,642.0,641.0,722.0,713.0,672.0,547.0,620.0,715.0,630.0,590.0,675.0,736.0,706.0,667.0,601.0,556.0,709.0,589.0,728.0,686.0,661.0,712.0,717.0,611.0,690.0,529.0,687.0,662.0
24,544.0,677.0,604.0,633.0,426.0,615.0,682.0,637.0,622.0,641.0,722.0,713.0,672.0,547.0,620.0,677.0,630.0,590.0,675.0,736.0,673.0,667.0,601.0,556.0,709.0,589.0,728.0,641.0,661.0,712.0,717.0,611.0,710.0,529.0,687.0,662.0
25,544.0,677.0,664.0,633.0,426.0,615.0,682.0,637.0,622.0,641.0,722.0,713.0,672.0,547.0,621.0,677.0,630.0,590.0,675.0,736.0,673.0,667.0,601.0,556.0,709.0,589.0,699.0,641.0,661.0,712.0,717.0,611.0,710.0,529.0,687.0,662.0
26,544.0,719.0,664.0,633.0,426.0,615.0,682.0,687.0,622.0,641.0,722.0,713.0,672.0,651.0,621.0,677.0,630.0,590.0,675.0,519.0,673.0,667.0,601.0,556.0,709.0,609.0,699.0,641.0,661.0,712.0,717.0,604.0,710.0,529.0,687.0,662.0
27,563.0,719.0,664.0,633.0,426.0,615.0,712.0,687.0,622.0,641.0,722.0,713.0,677.0,651.0,621.0,677.0,630.0,590.0,708.0,519.0,673.0,667.0,601.0,556.0,715.0,609.0,699.0,641.0,661.0,712.0,684.0,604.0,710.0,529.0,687.0,662.0
28,563.0,719.0,664.0,633.0,426.0,653.0,712.0,687.0,622.0,641.0,722.0,749.0,677.0,651.0,621.0,677.0,630.0,590.0,708.0,519.0,673.0,667.0,601.0,505.0,715.0,609.0,699.0,641.0,661.0,725.0,684.0,604.0,710.0,529.0,687.0,655.0
29,563.0,719.0,664.0,633.0,525.0,653.0,712.0,687.0,622.0,641.0,717.0,749.0,677.0,651.0,621.0,677.0,641.0,590.0,708.0,519.0,673.0,667.0,591.0,505.0,715.0,609.0,699.0,641.0,670.0,725.0,684.0,604.0,710.0,529.0,684.0,655.0
30,563.0,719.0,664.0,633.0,525.0,653.0,712.0,687.0,622.0,710.0,717.0,749.0,677.0,651.0,621.0,677.0,641.0,590.0,708.0,519.0,673.0,636.0,591.0,505.0,715.0,609.0,699.0,641.0,670.0,725.0,684.0,604.0,710.0,530.0,684.0,655.0
31,563.0,719.0,664.0,584.0,525.0,653.0,712.0,687.0,628.0,710.0,717.0,749.0,677.0,651.0,621.0,685.0,641.0,590.0,708.0,519.0,638.0,636.0,591.0,505.0,715.0,609.0,699.0,635.0,670.0,725.0,684.0,604.0,662.0,530.0,684.0,655.0
32,563.0,719.0,734.0,584.0,525.0,653.0,712.0,687.0,628.0,710.0,717.0,749.0,677.0,651.0,684.0,685.0,641.0,590.0,708.0,519.0,638.0,636.0,591.0,505.0,715.0,609.0,754.0,635.0,670.0,725.0,684.0,604.0,662.0,530.0,684.0,655.0
33,563.0,738.0,734.0,584.0,525.0,653.0,712.0,723.0,628.0,710.0,717.0,749.0,677.0,674.0,684.0,685.0,641.0,590.0,708.0,502.0,638.0,636.0,591.0,505.0,715.0,630.0,754.0,635.0,670.0,725.0,684.0,603.0,662.0,530.0,684.0,655.0
34,653.0,738.0,734.0,584.0,525.0,653.0,697.0,723.0,628.0,710.0,717.0,749.0,672.0,674.0,684.0,685.0,641.0,590.0,684.0,502.0,638.0,636.0,591.0,505.0,730.0,630.0,754.0,635.0,670.0,725.0,606.0,603.0,662.0,530.0,684.0,655.0
35,653.0,738.0,734.0,584.0,525.0,657.0,697.0,723.0,628.0,710.0,717.0,724.0,672.0,674.0,684.0,685.0,641.0,608.0,684.0,502.0,638.0,636.0,591.0,525.0,730.0,630.0,754.0,635.0,670.0,746.0,606.0,603.0,662.0,530.0,684.0,651.0
36,653.0,738.0,734.0,584.0,550.0,657.0,697.0,723.0,628.0,710.0,702.0,724.0,672.0,674.0,684.0,685.0,683.0,608.0,684.0,502.0,638.0,636.0,632.0,525.0,730.0,630.0,754.0,635.0,732.0,746.0,606.0,603.0,662.0,530.0,744.0,651.0
37,653.0,738.0,734.0,584.0,550.0,657.0,697.0,723.0,628.0,713.0,702.0,724.0,672.0,674.0,684.0,685.0,683.0,608.0,684.0,502.0,638.0,644.0,632.0,525.0,730.0,630.0,754.0,635.0,732.0,746.0,606.0,603.0,662.0,595.0,744.0,651.0
38,653.0,738.0,734.0,655.0,550.0,657.0,697.0,723.0,658.0,713.0,702.0,724.0,672.0,674.0,684.0,736.0,683.0,608.0,684.0,502.0,666.0,644.0,632.0,525.0,730.0,630.0,754.0,649.0,732.0,746.0,606.0,603.0,586.0,595.0,744.0,651.0
39,653.0,738.0,785.0,655.0,550.0,657.0,697.0,723.0,658.0,713.0,702.0,724.0,672.0,674.0,687.0,736.0,683.0,608.0,684.0,502.0,666.0,644.0,632.0,525.0,730.0,630.0,678.0,649.0,732.0,746.0,606.0,603.0,586.0,595.0,744.0,651.0
40,653.0,734.0,785.0,655.0,550.0,657.0,697.0,752.0,658.0,713.0,702.0,724.0,672.0,632.0,687.0,736.0,683.0,608.0,684.0,519.0,666.0,644.0,632.0,525.0,730.0,549.0,678.0,649.0,732.0,746.0,606.0,624.0,586.0,595.0,744.0,651.0
41,703.0,734.0,785.0,655.0,550.0,657.0,626.0,752.0,658.0,713.0,702.0,724.0,662.0,632.0,687.0,736.0,683.0,608.0,645.0,519.0,666.0,644.0,632.0,525.0,727.0,549.0,678.0,649.0,732.0,746.0,572.0,624.0,586.0,595.0,744.0,651.0
42,703.0,734.0,785.0,655.0,550.0,698.0,626.0,752.0,658.0,713.0,702.0,738.0,662.0,632.0,687.0,736.0,683.0,614.0,645.0,519.0,666.0,644.0,632.0,601.0,727.0,549.0,678.0,649.0,732.0,723.0,572.0,624.0,586.0,595.0,744.0,629.0
43,703.0,734.0,785.0,655.0,689.0,698.0,626.0,752.0,658.0,713.0,723.0,738.0,662.0,632.0,687.0,736.0,720.0,614.0,645.0,519.0,666.0,644.0,641.0,601.0,727.0,549.0,678.0,649.0,753.0,723.0,572.0,624.0,586.0,595.0,741.0,629.0
44,703.0,734.0,785.0,655.0,689.0,698.0,626.0,752.0,658.0,720.0,723.0,738.0,662.0,632.0,687.0,736.0,720.0,614.0,645.0,519.0,666.0,656.0,641.0,601.0,727.0,549.0,678.0,649.0,753.0,723.0,572.0,624.0,586.0,618.0,741.0,629.0
45,703.0,734.0,785.0,635.0,689.0,698.0,626.0,752.0,735.0,720.0,723.0,738.0,662.0,632.0,687.0,770.0,720.0,614.0,645.0,519.0,639.0,656.0,641.0,601.0,727.0,549.0,678.0,657.0,753.0,723.0,572.0,624.0,499.0,618.0,741.0,629.0
46,703.0,734.0,816.0,635.0,689.0,698.0,626.0,752.0,735.0,720.0,723.0,738.0,662.0,632.0,675.0,770.0,720.0,614.0,645.0,519.0,639.0,656.0,641.0,601.0,727.0,549.0,700.0,657.0,753.0,723.0,572.0,624.0,499.0,618.0,741.0,629.0
47,703.0,713.0,816.0,635.0,689.0,698.0,626.0,739.0,735.0,720.0,723.0,738.0,662.0,711.0,675.0,770.0,720.0,614.0,645.0,513.0,639.0,656.0,641.0,601.0,727.0,653.0,700.0,657.0,753.0,723.0,572.0,618.0,499.0,618.0,741.0,629.0
48,740.0,713.0,816.0,635.0,689.0,698.0,580.0,739.0,735.0,720.0,723.0,738.0,690.0,711.0,675.0,770.0,720.0,614.0,653.0,513.0,639.0,656.0,641.0,601.0,692.0,653.0,700.0,657.0,753.0,723.0,600.0,618.0,499.0,618.0,741.0,629.0
49,740.0,713.0,816.0,635.0,689.0,696.0,580.0,739.0,735.0,720.0,723.0,704.0,690.0,711.0,675.0,770.0,720.0,637.0,653.0,513.0,639.0,656.0,641.0,773.0,692.0,653.0,700.0,657.0,753.0,626.0,600.0,618.0,499.0,618.0,741.0,618.0
50,740.0,713.0,816.0,635.0,756.0,696.0,580.0,739.0,735.0,720.0,716.0,704.0,690.0,711.0,675.0,770.0,750.0,637.0,653.0,513.0,639.0,656.0,660.0,773.0,692.0,653.0,700.0,657.0,755.0,626.0,600.0,618.0,499.0,618.0,724.0,618.0
51,740.0,713.0,816.0,635.0,756.0,696.0,580.0,739.0,735.0,765.0,716.0,704.0,690.0,711.0,675.0,770.0,750.0,637.0,653.0,513.0,639.0,693.0,660.0,773.0,692.0,653.0,700.0,657.0,755.0,626.0,600.0,618.0,499.0,638.0,724.0,618.0
52,740.0,713.0,816.0,598.0,756.0,696.0,580.0,739.0,740.0,765.0,716.0,704.0,690.0,711.0,675.0,775.0,750.0,637.0,653.0,513.0,632.0,693.0,660.0,773.0,692.0,653.0,700.0,676.0,755.0,626.0,600.0,618.0,460.0,638.0,724.0,618.0
53,740.0,713.0,724.0,598.0,756.0,696.0,580.0,739.0,740.0,765.0,716.0,704.0,690.0,711.0,749.0,775.0,750.0,637.0,653.0,513.0,632.0,693.0,660.0,773.0,692.0,653.0,670.0,676.0,755.0,626.0,600.0,618.0,460.0,638.0,724.0,618.0
54,740.0,661.0,724.0,598.0,756.0,696.0,580.0,726.0,740.0,765.0,716.0,704.0,690.0,727.0,749.0,775.0,750.0,637.0,653.0,472.0,632.0,693.0,660.0,773.0,692.0,629.0,670.0,676.0,755.0,626.0,600.0,621.0,460.0,638.0,724.0,618.0
55,618.0,661.0,724.0,598.0,756.0,696.0,602.0,726.0,740.0,765.0,716.0,704.0,655.0,727.0,749.0,775.0,750.0,637.0,624.0,472.0,632.0,693.0,660.0,773.0,664.0,629.0,670.0,676.0,755.0,626.0,650.0,621.0,460.0,638.0,724.0,618.0
56,618.0,661.0,724.0,598.0,756.0,699.0,602.0,726.0,740.0,765.0,716.0,697.0,655.0,727.0,749.0,775.0,750.0,631.0,624.0,472.0,632.0,693.0,660.0,727.0,664.0,629.0,670.0,676.0,755.0,558.0,650.0,621.0,460.0,638.0,724.0,676.0
57,618.0,661.0,724.0,598.0,717.0,699.0,602.0,726.0,740.0,765.0,701.0,697.0,655.0,727.0,749.0,775.0,711.0,631.0,624.0,472.0,632.0,693.0,614.0,727.0,664.0,629.0,670.0,676.0,746.0,558.0,650.0,621.0,460.0,638.0,674.0,676.0
58,618.0,661.0,724.0,598.0,717.0,699.0,602.0,726.0,740.0,758.0,701.0,697.0,655.0,727.0,749.0,775.0,711.0,631.0,624.0,472.0,632.0,724.0,614.0,727.0,664.0,629.0,670.0,676.0,746.0,558.0,650.0,621.0,460.0,586.0,674.0,676.0
59,618.0,661.0,724.0,613.0,717.0,699.0,602.0,726.0,721.0,758.0,701.0,697.0,655.0,727.0,749.0,695.0,711.0,631.0,624.0,472.0,604.0,724.0,614.0,727.0,664.0,629.0,670.0,680.0,746.0,558.0,650.0,621.0,413.0,586.0,674.0,676.0
60,618.0,661.0,705.0,613.0,717.0,699.0,602.0,745.0,721.0,758.0,701.0,697.0,655.0,727.0,683.0,695.0,711.0,631.0,624.0,487.0,604.0,724.0,614.0,727.0,664.0,629.0,700.0,680.0,746.0,558.0,650.0,608.0,413.0,586.0,674.0,676.0
61,618.0,631.0,705.0,613.0,717.0,699.0,602.0,745.0,721.0,758.0,701.0,697.0,655.0,720.0,683.0,695.0,711.0,631.0,624.0,487.0,604.0,724.0,614.0,727.0,664.0,637.0,700.0,680.0,746.0,558.0,650.0,608.0,413.0,586.0,674.0,676.0
62,586.0,631.0,705.0,613.0,717.0,699.0,606.0,745.0,721.0,758.0,701.0,706.0,604.0,720.0,683.0,695.0,711.0,631.0,626.0,487.0,604.0,724.0,614.0,694.0,648.0,637.0,700.0,680.0,746.0,558.0,677.0,608.0,413.0,586.0,674.0,661.0
63,586.0,631.0,705.0,613.0,717.0,635.0,606.0,745.0,721.0,758.0,701.0,706.0,604.0,720.0,683.0,695.0,711.0,623.0,626.0,487.0,604.0,724.0,614.0,694.0,648.0,637.0,700.0,680.0,746.0,508.0,677.0,608.0,413.0,586.0,674.0,661.0
64,586.0,631.0,705.0,613.0,687.0,635.0,606.0,745.0,721.0,758.0,687.0,706.0,604.0,720.0,683.0,695.0,696.0,623.0,626.0,487.0,604.0,724.0,598.0,694.0,648.0,637.0,700.0,680.0,735.0,508.0,677.0,608.0,413.0,586.0,715.0,661.0
65,586.0,631.0,705.0,695.0,687.0,635.0,606.0,745.0,721.0,670.0,687.0,706.0,604.0,720.0,683.0,658.0,696.0,623.0,626.0,487.0,604.0,777.0,598.0,694.0,648.0,637.0,700.0,684.0,735.0,508.0,677.0,608.0,413.0,644.0,715.0,661.0
66,586.0,631.0,705.0,695.0,687.0,635.0,606.0,745.0,697.0,670.0,687.0,706.0,604.0,720.0,683.0,658.0,696.0,623.0,626.0,487.0,686.0,777.0,598.0,694.0,648.0,637.0,700.0,684.0,735.0,508.0,677.0,608.0,416.0,644.0,715.0,661.0
67,586.0,631.0,684.0,695.0,687.0,635.0,606.0,783.0,697.0,670.0,687.0,706.0,604.0,720.0,693.0,658.0,696.0,623.0,626.0,544.0,686.0,777.0,598.0,694.0,648.0,637.0,717.0,684.0,735.0,508.0,677.0,593.0,416.0,644.0,715.0,661.0
68,586.0,656.0,684.0,695.0,687.0,635.0,606.0,783.0,697.0,670.0,687.0,706.0,604.0,598.0,693.0,658.0,696.0,623.0,626.0,544.0,686.0,777.0,598.0,694.0,648.0,605.0,717.0,684.0,735.0,508.0,677.0,593.0,416.0,644.0,715.0,661.0
69,608.0,656.0,684.0,695.0,687.0,635.0,583.0,783.0,697.0,670.0,687.0,487.0,646.0,598.0,693.0,658.0,696.0,623.0,615.0,544.0,686.0,777.0,598.0,685.0,640.0,605.0,717.0,684.0,735.0,508.0,639.0,593.0,416.0,644.0,715.0,618.0
70,608.0,656.0,684.0,695.0,687.0,650.0,583.0,783.0,697.0,670.0,687.0,487.0,646.0,598.0,693.0,658.0,696.0,622.0,615.0,544.0,686.0,777.0,598.0,685.0,640.0,605.0,717.0,684.0,735.0,517.0,639.0,593.0,416.0,644.0,715.0,618.0
71,608.0,656.0,684.0,695.0,645.0,650.0,583.0,783.0,697.0,670.0,732.0,487.0,646.0,598.0,693.0,658.0,575.0,622.0,615.0,544.0,686.0,777.0,628.0,685.0,640.0,605.0,717.0,684.0,755.0,517.0,639.0,593.0,416.0,644.0,679.0,618.0
72,608.0,656.0,684.0,747.0,645.0,650.0,583.0,783.0,697.0,643.0,732.0,487.0,646.0,598.0,693.0,709.0,575.0,622.0,615.0,544.0,686.0,785.0,628.0,685.0,640.0,605.0,717.0,722.0,755.0,517.0,639.0,593.0,416.0,720.0,679.0,618.0
73,608.0,656.0,684.0,747.0,645.0,650.0,583.0,783.0,696.0,643.0,732.0,487.0,646.0,598.0,693.0,709.0,575.0,622.0,615.0,544.0,696.0,785.0,628.0,685.0,640.0,605.0,717.0,722.0,755.0,517.0,639.0,593.0,509.0,720.0,679.0,618.0
74,608.0,656.0,665.0,747.0,645.0,650.0,583.0,730.0,696.0,643.0,732.0,487.0,646.0,598.0,585.0,709.0,575.0,622.0,615.0,589.0,696.0,785.0,628.0,685.0,640.0,605.0,721.0,722.0,755.0,517.0,639.0,610.0,509.0,720.0,679.0,618.0
75,608.0,673.0,665.0,747.0,645.0,650.0,583.0,730.0,696.0,643.0,732.0,487.0,646.0,526.0,585.0,709.0,575.0,622.0,615.0,589.0,696.0,785.0,628.0,685.0,640.0,585.0,721.0,722.0,755.0,517.0,639.0,610.0,509.0,720.0,679.0,618.0
76,661.0,673.0,665.0,747.0,645.0,650.0,563.0,730.0,696.0,643.0,732.0,449.0,614.0,526.0,585.0,709.0,575.0,622.0,659.0,589.0,696.0,785.0,628.0,687.0,645.0,585.0,721.0,722.0,755.0,517.0,612.0,610.0,509.0,720.0,679.0,607.0
77,661.0,673.0,665.0,747.0,645.0,735.0,563.0,730.0,696.0,643.0,732.0,449.0,614.0,526.0,585.0,709.0,575.0,630.0,659.0,589.0,696.0,785.0,628.0,687.0,645.0,585.0,721.0,722.0,755.0,455.0,612.0,610.0,509.0,720.0,679.0,607.0
78,661.0,673.0,665.0,747.0,624.0,735.0,563.0,730.0,696.0,643.0,762.0,449.0,614.0,526.0,585.0,709.0,519.0,630.0,659.0,589.0,696.0,785.0,658.0,687.0,645.0,585.0,721.0,722.0,742.0,455.0,612.0,610.0,509.0,720.0,656.0,607.0
79,661.0,673.0,665.0,743.0,624.0,735.0,563.0,730.0,696.0,629.0,762.0,449.0,614.0,526.0,585.0,732.0,519.0,630.0,659.0,589.0,696.0,825.0,658.0,687.0,645.0,585.0,721.0,805.0,742.0,455.0,612.0,610.0,509.0,775.0,656.0,607.0
80,661.0,673.0,665.0,743.0,624.0,735.0,563.0,730.0,633.0,629.0,762.0,449.0,614.0,526.0,585.0,732.0,519.0,630.0,659.0,589.0,704.0,825.0,658.0,687.0,645.0,585.0,721.0,805.0,742.0,455.0,612.0,610.0,605.0,775.0,656.0,607.0
81,661.0,673.0,680.0,743.0,624.0,735.0,563.0,698.0,633.0,629.0,762.0,449.0,614.0,526.0,607.0,732.0,519.0,630.0,659.0,596.0,704.0,825.0,658.0,687.0,645.0,585.0,805.0,805.0,742.0,455.0,612.0,624.0,605.0,775.0,656.0,607.0
82,661.0,623.0,680.0,743.0,624.0,735.0,563.0,698.0,633.0,629.0,762.0,449.0,614.0,533.0,607.0,732.0,519.0,630.0,659.0,596.0,704.0,825.0,658.0,687.0,645.0,628.0,805.0,805.0,742.0,455.0,612.0,624.0,605.0,775.0,656.0,607.0
83,679.0,623.0,680.0,743.0,624.0,735.0,584.0,698.0,633.0,629.0,762.0,546.0,686.0,533.0,607.0,732.0,519.0,630.0,687.0,596.0,704.0,825.0,658.0,671.0,647.0,628.0,805.0,805.0,742.0,455.0,494.0,624.0,605.0,775.0,656.0,717.0
84,679.0,623.0,680.0,743.0,624.0,756.0,584.0,698.0,633.0,629.0,762.0,546.0,686.0,533.0,607.0,732.0,519.0,684.0,687.0,596.0,704.0,825.0,658.0,671.0,647.0,628.0,805.0,805.0,742.0,448.0,494.0,624.0,605.0,775.0,656.0,717.0
85,679.0,623.0,680.0,743.0,576.0,756.0,584.0,698.0,633.0,629.0,745.0,546.0,686.0,533.0,607.0,732.0,521.0,684.0,687.0,596.0,704.0,825.0,739.0,671.0,647.0,628.0,805.0,805.0,702.0,448.0,494.0,624.0,605.0,775.0,589.0,717.0
86,679.0,623.0,680.0,796.0,576.0,756.0,584.0,698.0,633.0,598.0,745.0,546.0,686.0,533.0,607.0,720.0,521.0,684.0,687.0,596.0,704.0,790.0,739.0,671.0,647.0,628.0,805.0,822.0,702.0,448.0,494.0,624.0,605.0,783.0,589.0,717.0
87,679.0,623.0,680.0,796.0,576.0,756.0,584.0,698.0,606.0,598.0,745.0,546.0,686.0,533.0,607.0,720.0,521.0,684.0,687.0,596.0,748.0,790.0,739.0,671.0,647.0,628.0,805.0,822.0,702.0,448.0,494.0,624.0,673.0,783.0,589.0,717.0
88,679.0,623.0,722.0,796.0,576.0,756.0,584.0,668.0,606.0,598.0,745.0,546.0,686.0,533.0,626.0,720.0,521.0,684.0,687.0,643.0,748.0,790.0,739.0,671.0,647.0,628.0,728.0,822.0,702.0,448.0,494.0,676.0,673.0,783.0,589.0,717.0
89,679.0,680.0,722.0,796.0,576.0,756.0,584.0,668.0,606.0,598.0,745.0,546.0,686.0,586.0,626.0,720.0,521.0,684.0,687.0,643.0,748.0,790.0,739.0,671.0,647.0,754.0,728.0,822.0,702.0,448.0,494.0,676.0,673.0,783.0,589.0,717.0
90,701.0,680.0,722.0,796.0,576.0,756.0,672.0,668.0,606.0,598.0,745.0,618.0,761.0,586.0,626.0,720.0,521.0,684.0,663.0,643.0,748.0,790.0,739.0,717.0,647.0,754.0,728.0,822.0,702.0,448.0,467.0,676.0,673.0,783.0,589.0,582.0
91,701.0,680.0,722.0,796.0,576.0,750.0,672.0,668.0,606.0,598.0,745.0,618.0,761.0,586.0,626.0,720.0,521.0,745.0,663.0,643.0,748.0,790.0,739.0,717.0,647.0,754.0,728.0,822.0,702.0,565.0,467.0,676.0,673.0,783.0,589.0,582.0
92,701.0,680.0,722.0,796.0,592.0,750.0,672.0,668.0,606.0,598.0,702.0,618.0,761.0,586.0,626.0,720.0,635.0,745.0,663.0,643.0,748.0,790.0,776.0,717.0,647.0,754.0,728.0,822.0,750.0,565.0,467.0,676.0,673.0,783.0,627.0,582.0
93,701.0,680.0,722.0,804.0,592.0,750.0,672.0,668.0,606.0,681.0,702.0,618.0,761.0,586.0,626.0,733.0,635.0,745.0,663.0,643.0,748.0,706.0,776.0,717.0,647.0,754.0,728.0,786.0,750.0,565.0,467.0,676.0,673.0,841.0,627.0,582.0
94,701.0,680.0,722.0,804.0,592.0,750.0,672.0,668.0,625.0,681.0,702.0,618.0,761.0,586.0,626.0,733.0,635.0,745.0,663.0,643.0,744.0,706.0,776.0,717.0,647.0,754.0,728.0,786.0,750.0,565.0,467.0,676.0,785.0,841.0,627.0,582.0
95,701.0,680.0,705.0,804.0,592.0,750.0,672.0,774.0,625.0,681.0,702.0,618.0,761.0,586.0,596.0,733.0,635.0,745.0,663.0,662.0,744.0,706.0,776.0,717.0,647.0,754.0,676.0,786.0,750.0,565.0,467.0,756.0,785.0,841.0,627.0,582.0
96,701.0,755.0,705.0,804.0,592.0,750.0,672.0,774.0,625.0,681.0,702.0,618.0,761.0,678.0,596.0,733.0,635.0,745.0,663.0,662.0,744.0,706.0,776.0,717.0,647.0,808.0,676.0,786.0,750.0,565.0,467.0,756.0,785.0,841.0,627.0,582.0
97,720.0,755.0,705.0,804.0,592.0,750.0,721.0,774.0,625.0,681.0,702.0,640.0,768.0,678.0,596.0,733.0,635.0,745.0,669.0,662.0,744.0,706.0,776.0,749.0,708.0,808.0,676.0,786.0,750.0,565.0,497.0,756.0,785.0,841.0,627.0,570.0
98,720.0,755.0,705.0,804.0,592.0,788.0,721.0,774.0,625.0,681.0,702.0,640.0,768.0,678.0,596.0,733.0,635.0,757.0,669.0,662.0,744.0,706.0,776.0,749.0,708.0,808.0,676.0,786.0,750.0,677.0,497.0,756.0,785.0,841.0,627.0,570.0
99,720.0,755.0,705.0,804.0,660.0,788.0,721.0,774.0,625.0,681.0,708.0,640.0,768.0,678.0,596.0,733.0,704.0,757.0,669.0,662.0,744.0,706.0,769.0,749.0,708.0,808.0,676.0,786.0,765.0,677.0,497.0,756.0,785.0,841.0,716.0,570.0
100,720.0,755.0,705.0,790.0,660.0,788.0,721.0,774.0,625.0,723.0,708.0,640.0,768.0,678.0,596.0,792.0,704.0,757.0,669.0,662.0,744.0,713.0,769.0,749.0,708.0,808.0,676.0,846.0,765.0,677.0,497.0,756.0,785.0,832.0,716.0,570.0
101,720.0,755.0,705.0,790.0,660.0,788.0,721.0,774.0,658.0,723.0,708.0,640.0,768.0,678.0,596.0,792.0,704.0,757.0,669.0,662.0,848.0,713.0,769.0,749.0,708.0,808.0,676.0,846.0,765.0,677.0,497.0,756.0,736.0,832.0,716.0,570.0
102,720.0,755.0,834.0,790.0,660.0,788.0,721.0,765.0,658.0,723.0,708.0,640.0,768.0,678.0,646.0,792.0,704.0,757.0,669.0,720.0,848.0,713.0,769.0,749.0,708.0,808.0,680.0,846.0,765.0,677.0,497.0,792.0,736.0,832.0,716.0,570.0
103,720.0,814.0,834.0,790.0,660.0,788.0,721.0,765.0,658.0,723.0,708.0,640.0,768.0,724.0,646.0,792.0,704.0,757.0,669.0,720.0,848.0,713.0,769.0,749.0,708.0,826.0,680.0,846.0,765.0,677.0,497.0,792.0,736.0,832.0,716.0,570.0
104,745.0,814.0,834.0,790.0,660.0,788.0,695.0,765.0,658.0,723.0,708.0,757.0,780.0,724.0,646.0,792.0,704.0,757.0,629.0,720.0,848.0,713.0,769.0,735.0,760.0,826.0,680.0,846.0,765.0,677.0,594.0,792.0,736.0,832.0,716.0,542.0
105,745.0,814.0,834.0,790.0,660.0,768.0,695.0,765.0,658.0,723.0,708.0,757.0,780.0,724.0,646.0,792.0,704.0,754.0,629.0,720.0,848.0,713.0,769.0,735.0,760.0,826.0,680.0,846.0,765.0,597.0,594.0,792.0,736.0,832.0,716.0,542.0
106,745.0,814.0,834.0,790.0,638.0,768.0,695.0,765.0,658.0,723.0,750.0,757.0,780.0,724.0,646.0,792.0,787.0,754.0,629.0,720.0,848.0,713.0,778.0,735.0,760.0,826.0,680.0,846.0,691.0,597.0,594.0,792.0,736.0,832.0,696.0,542.0
107,745.0,814.0,834.0,708.0,638.0,768.0,695.0,765.0,658.0,803.0,750.0,757.0,780.0,724.0,646.0,811.0,787.0,754.0,629.0,720.0,848.0,808.0,778.0,735.0,760.0,826.0,680.0,787.0,691.0,597.0,594.0,792.0,736.0,813.0,696.0,542.0
108,745.0,814.0,834.0,708.0,638.0,768.0,695.0,765.0,694.0,803.0,750.0,757.0,780.0,724.0,646.0,811.0,787.0,754.0,629.0,720.0,906.0,808.0,778.0,735.0,760.0,826.0,680.0,787.0,691.0,597.0,594.0,792.0,706.0,813.0,696.0,542.0
109,745.0,814.0,772.0,708.0,638.0,768.0,695.0,683.0,694.0,803.0,750.0,757.0,780.0,724.0,745.0,811.0,787.0,754.0,629.0,706.0,906.0,808.0,778.0,735.0,760.0,826.0,770.0,787.0,691.0,597.0,594.0,810.0,706.0,813.0,696.0,542.0
110,745.0,777.0,772.0,708.0,638.0,768.0,695.0,683.0,694.0,803.0,750.0,757.0,780.0,782.0,745.0,811.0,787.0,754.0,629.0,706.0,906.0,808.0,778.0,735.0,760.0,872.0,770.0,787.0,691.0,597.0,594.0,810.0,706.0,813.0,696.0,542.0
111,812.0,777.0,772.0,708.0,638.0,768.0,839.0,683.0,694.0,803.0,750.0,818.0,816.0,782.0,745.0,811.0,787.0,754.0,646.0,706.0,906.0,808.0,778.0,762.0,830.0,872.0,770.0,787.0,691.0,597.0,652.0,810.0,706.0,813.0,696.0,638.0
112,812.0,777.0,772.0,708.0,638.0,733.0,839.0,683.0,694.0,803.0,750.0,818.0,816.0,782.0,745.0,811.0,787.0,825.0,646.0,706.0,906.0,808.0,778.0,762.0,830.0,872.0,770.0,787.0,691.0,715.0,652.0,810.0,706.0,813.0,696.0,638.0
113,812.0,777.0,772.0,708.0,682.0,733.0,839.0,683.0,694.0,803.0,813.0,818.0,816.0,782.0,745.0,811.0,863.0,825.0,646.0,706.0,906.0,808.0,832.0,762.0,830.0,872.0,770.0,787.0,669.0,715.0,652.0,810.0,706.0,813.0,718.0,638.0
114,812.0,777.0,772.0,811.0,682.0,733.0,839.0,683.0,694.0,761.0,813.0,818.0,816.0,782.0,745.0,833.0,863.0,825.0,646.0,706.0,906.0,761.0,832.0,762.0,830.0,872.0,770.0,844.0,669.0,715.0,652.0,810.0,706.0,839.0,718.0,638.0
115,812.0,777.0,772.0,811.0,682.0,733.0,839.0,683.0,775.0,761.0,813.0,818.0,816.0,782.0,745.0,833.0,863.0,825.0,646.0,706.0,821.0,761.0,832.0,762.0,830.0,872.0,770.0,844.0,669.0,715.0,652.0,810.0,695.0,839.0,718.0,638.0
116,812.0,777.0,744.0,811.0,682.0,733.0,839.0,731.0,775.0,761.0,813.0,818.0,816.0,782.0,806.0,833.0,863.0,825.0,646.0,686.0,821.0,761.0,832.0,762.0,830.0,872.0,709.0,844.0,669.0,715.0,652.0,860.0,695.0,839.0,718.0,638.0
117,812.0,779.0,744.0,811.0,682.0,733.0,839.0,731.0,775.0,761.0,813.0,818.0,816.0,818.0,806.0,833.0,863.0,825.0,646.0,686.0,821.0,761.0,832.0,762.0,830.0,840.0,709.0,844.0,669.0,715.0,652.0,860.0,695.0,839.0,718.0,638.0
118,734.0,779.0,744.0,811.0,682.0,733.0,844.0,731.0,775.0,761.0,813.0,851.0,847.0,818.0,806.0,833.0,863.0,825.0,482.0,686.0,821.0,761.0,832.0,826.0,881.0,840.0,709.0,844.0,669.0,715.0,653.0,860.0,695.0,839.0,718.0,710.0
119,734.0,779.0,744.0,811.0,682.0,754.0,844.0,731.0,775.0,761.0,813.0,851.0,847.0,818.0,806.0,833.0,863.0,833.0,482.0,686.0,821.0,761.0,832.0,826.0,881.0,840.0,709.0,844.0,669.0,755.0,653.0,860.0,695.0,839.0,718.0,710.0
120,734.0,779.0,744.0,811.0,615.0,754.0,844.0,731.0,775.0,761.0,875.0,851.0,847.0,818.0,806.0,833.0,794.0,833.0,482.0,686.0,821.0,761.0,835.0,826.0,881.0,840.0,709.0,844.0,917.0,755.0,653.0,860.0,695.0,839.0,738.0,710.0
121,734.0,779.0,744.0,880.0,615.0,754.0,844.0,731.0,775.0,770.0,875.0,851.0,847.0,818.0,806.0,887.0,794.0,833.0,482.0,686.0,821.0,824.0,835.0,826.0,881.0,840.0,709.0,881.0,917.0,755.0,653.0,860.0,695.0,835.0,738.0,710.0
122,734.0,779.0,744.0,880.0,615.0,754.0,844.0,731.0,793.0,770.0,875.0,851.0,847.0,818.0,806.0,887.0,794.0,833.0,482.0,686.0,663.0,824.0,835.0,826.0,881.0,840.0,709.0,881.0,917.0,755.0,653.0,860.0,854.0,835.0,738.0,710.0
123,734.0,779.0,824.0,880.0,615.0,754.0,844.0,775.0,793.0,770.0,875.0,851.0,847.0,818.0,774.0,887.0,794.0,833.0,482.0,864.0,663.0,824.0,835.0,826.0,881.0,840.0,670.0,881.0,917.0,755.0,653.0,856.0,854.0,835.0,738.0,710.0
124,734.0,739.0,824.0,880.0,615.0,754.0,844.0,775.0,793.0,770.0,875.0,851.0,847.0,821.0,774.0,887.0,794.0,833.0,482.0,864.0,663.0,824.0,835.0,826.0,881.0,752.0,670.0,881.0,917.0,755.0,653.0,856.0,854.0,835.0,738.0,710.0
125,781.0,739.0,824.0,880.0,615.0,754.0,895.0,775.0,793.0,770.0,875.0,871.0,761.0,821.0,774.0,887.0,794.0,833.0,567.0,864.0,663.0,824.0,835.0,831.0,704.0,752.0,670.0,881.0,917.0,755.0,753.0,856.0,854.0,835.0,738.0,687.0
126,781.0,739.0,824.0,880.0,615.0,818.0,895.0,775.0,793.0,770.0,875.0,871.0,761.0,821.0,774.0,887.0,794.0,857.0,567.0,864.0,663.0,824.0,835.0,831.0,704.0,752.0,670.0,881.0,917.0,801.0,753.0,856.0,854.0,835.0,738.0,687.0
127,781.0,739.0,824.0,880.0,636.0,818.0,895.0,775.0,793.0,770.0,883.0,871.0,761.0,821.0,774.0,887.0,758.0,857.0,567.0,864.0,663.0,824.0,848.0,831.0,704.0,752.0,670.0,881.0,884.0,801.0,753.0,856.0,854.0,835.0,919.0,687.0
128,781.0,739.0,824.0,856.0,636.0,818.0,895.0,775.0,793.0,792.0,883.0,871.0,761.0,821.0,774.0,898.0,758.0,857.0,567.0,864.0,663.0,942.0,848.0,831.0,704.0,752.0,670.0,857.0,884.0,801.0,753.0,856.0,854.0,823.0,919.0,687.0
129,781.0,739.0,824.0,856.0,636.0,818.0,895.0,775.0,725.0,792.0,883.0,871.0,761.0,821.0,774.0,898.0,758.0,857.0,567.0,864.0,838.0,942.0,848.0,831.0,704.0,752.0,670.0,857.0,884.0,801.0,753.0,856.0,846.0,823.0,919.0,687.0
130,781.0,739.0,822.0,856.0,636.0,818.0,895.0,866.0,725.0,792.0,883.0,871.0,761.0,821.0,824.0,898.0,758.0,857.0,567.0,832.0,838.0,942.0,848.0,831.0,704.0,752.0,671.0,857.0,884.0,801.0,753.0,853.0,846.0,823.0,919.0,687.0
131,781.0,739.0,822.0,856.0,636.0,818.0,895.0,866.0,725.0,792.0,883.0,871.0,761.0,736.0,824.0,898.0,758.0,857.0,567.0,832.0,838.0,942.0,848.0,831.0,704.0,808.0,671.0,857.0,884.0,801.0,753.0,853.0,846.0,823.0,919.0,687.0
132,740.0,739.0,822.0,856.0,636.0,818.0,866.0,866.0,725.0,792.0,883.0,886.0,887.0,736.0,824.0,898.0,758.0,857.0,620.0,832.0,838.0,942.0,848.0,810.0,903.0,808.0,671.0,857.0,884.0,801.0,711.0,853.0,846.0,823.0,919.0,838.0
133,740.0,739.0,822.0,856.0,636.0,806.0,866.0,866.0,725.0,792.0,883.0,886.0,887.0,736.0,824.0,898.0,758.0,850.0,620.0,832.0,838.0,942.0,848.0,810.0,903.0,808.0,671.0,857.0,884.0,775.0,711.0,853.0,846.0,823.0,919.0,838.0
134,740.0,739.0,822.0,856.0,679.0,806.0,866.0,866.0,725.0,792.0,867.0,886.0,887.0,736.0,824.0,898.0,738.0,850.0,620.0,832.0,838.0,942.0,850.0,810.0,903.0,808.0,671.0,857.0,835.0,775.0,711.0,853.0,846.0,823.0,912.0,838.0
135,740.0,739.0,822.0,845.0,679.0,806.0,866.0,866.0,725.0,804.0,867.0,886.0,887.0,736.0,824.0,870.0,738.0,850.0,620.0,832.0,838.0,652.0,850.0,810.0,903.0,808.0,671.0,881.0,835.0,775.0,711.0,853.0,846.0,686.0,912.0,838.0
136,740.0,739.0,822.0,845.0,679.0,806.0,866.0,866.0,857.0,804.0,867.0,886.0,887.0,736.0,824.0,870.0,738.0,850.0,620.0,832.0,828.0,652.0,850.0,810.0,903.0,808.0,671.0,881.0,835.0,775.0,711.0,853.0,784.0,686.0,912.0,838.0
137,740.0,739.0,577.0,845.0,679.0,806.0,866.0,852.0,857.0,804.0,867.0,886.0,887.0,736.0,827.0,870.0,738.0,850.0,620.0,810.0,828.0,652.0,850.0,810.0,903.0,808.0,706.0,881.0,835.0,775.0,711.0,843.0,784.0,686.0,912.0,838.0
138,740.0,763.0,577.0,845.0,679.0,806.0,866.0,852.0,857.0,804.0,867.0,886.0,887.0,720.0,827.0,870.0,738.0,850.0,620.0,810.0,828.0,652.0,850.0,810.0,903.0,865.0,706.0,881.0,835.0,775.0,711.0,843.0,784.0,686.0,912.0,838.0
139,705.0,763.0,577.0,845.0,679.0,806.0,730.0,852.0,857.0,804.0,867.0,855.0,858.0,720.0,827.0,870.0,738.0,850.0,675.0,810.0,828.0,652.0,850.0,806.0,882.0,865.0,706.0,881.0,835.0,775.0,556.0,843.0,784.0,686.0,912.0,849.0
140,705.0,763.0,577.0,845.0,679.0,866.0,730.0,852.0,857.0,804.0,867.0,855.0,858.0,720.0,827.0,870.0,738.0,826.0,675.0,810.0,828.0,652.0,850.0,806.0,882.0,865.0,706.0,881.0,835.0,760.0,556.0,843.0,784.0,686.0,912.0,849.0
141,705.0,763.0,577.0,845.0,779.0,866.0,730.0,852.0,857.0,804.0,860.0,855.0,858.0,720.0,827.0,870.0,768.0,826.0,675.0,810.0,828.0,652.0,812.0,806.0,882.0,865.0,706.0,881.0,829.0,760.0,556.0,843.0,784.0,686.0,856.0,849.0
142,705.0,763.0,577.0,868.0,779.0,866.0,730.0,852.0,857.0,850.0,860.0,855.0,858.0,720.0,827.0,742.0,768.0,826.0,675.0,810.0,828.0,700.0,812.0,806.0,882.0,865.0,706.0,770.0,829.0,760.0,556.0,843.0,784.0,719.0,856.0,849.0
143,705.0,763.0,577.0,868.0,779.0,866.0,730.0,852.0,800.0,850.0,860.0,855.0,858.0,720.0,827.0,742.0,768.0,826.0,675.0,810.0,830.0,700.0,812.0,806.0,882.0,865.0,706.0,770.0,829.0,760.0,556.0,843.0,758.0,719.0,856.0,849.0
144,705.0,763.0,749.0,868.0,779.0,866.0,730.0,832.0,800.0,850.0,860.0,855.0,858.0,720.0,875.0,742.0,768.0,826.0,675.0,787.0,830.0,700.0,812.0,806.0,882.0,865.0,738.0,770.0,829.0,760.0,556.0,694.0,758.0,719.0,856.0,849.0
145,705.0,784.0,749.0,868.0,779.0,866.0,730.0,832.0,800.0,850.0,860.0,855.0,858.0,678.0,875.0,742.0,768.0,826.0,675.0,787.0,830.0,700.0,812.0,806.0,882.0,824.0,738.0,770.0,829.0,760.0,556.0,694.0,758.0,719.0,856.0,849.0
146,832.0,784.0,749.0,868.0,779.0,866.0,766.0,832.0,800.0,850.0,860.0,856.0,858.0,678.0,875.0,742.0,768.0,826.0,800.0,787.0,830.0,700.0,812.0,810.0,868.0,824.0,738.0,770.0,829.0,760.0,678.0,694.0,758.0,719.0,856.0,867.0
147,832.0,784.0,749.0,868.0,779.0,911.0,766.0,832.0,800.0,850.0,860.0,856.0,858.0,678.0,875.0,742.0,768.0,775.0,800.0,787.0,830.0,700.0,812.0,810.0,868.0,824.0,738.0,770.0,829.0,725.0,678.0,694.0,758.0,719.0,856.0,867.0
148,832.0,784.0,749.0,868.0,838.0,911.0,766.0,832.0,800.0,850.0,862.0,856.0,858.0,678.0,875.0,742.0,748.0,775.0,800.0,787.0,830.0,700.0,791.0,810.0,868.0,824.0,738.0,770.0,803.0,725.0,678.0,694.0,758.0,719.0,820.0,867.0
149,832.0,784.0,749.0,900.0,838.0,911.0,766.0,832.0,800.0,799.0,862.0,856.0,858.0,678.0,875.0,806.0,748.0,775.0,800.0,787.0,830.0,689.0,791.0,810.0,868.0,824.0,738.0,797.0,803.0,725.0,678.0,694.0,758.0,818.0,820.0,867.0
150,832.0,784.0,749.0,900.0,838.0,911.0,766.0,832.0,784.0,799.0,862.0,856.0,858.0,678.0,875.0,806.0,748.0,775.0,800.0,787.0,794.0,689.0,791.0,810.0,868.0,824.0,738.0,797.0,803.0,725.0,678.0,694.0,837.0,818.0,820.0,867.0
151,832.0,784.0,715.0,900.0,838.0,911.0,766.0,838.0,784.0,799.0,862.0,856.0,858.0,678.0,849.0,806.0,748.0,775.0,800.0,762.0,794.0,689.0,791.0,810.0,868.0,824.0,830.0,797.0,803.0,725.0,678.0,791.0,837.0,818.0,820.0,867.0
152,832.0,717.0,715.0,900.0,838.0,911.0,766.0,838.0,784.0,799.0,862.0,856.0,858.0,812.0,849.0,806.0,748.0,775.0,800.0,762.0,794.0,689.0,791.0,810.0,868.0,777.0,830.0,797.0,803.0,725.0,678.0,791.0,837.0,818.0,820.0,867.0
153,834.0,717.0,715.0,900.0,838.0,911.0,791.0,838.0,784.0,799.0,862.0,816.0,802.0,812.0,849.0,806.0,748.0,775.0,877.0,762.0,794.0,689.0,791.0,790.0,724.0,777.0,830.0,797.0,803.0,725.0,789.0,791.0,837.0,818.0,820.0,843.0
154,834.0,717.0,715.0,900.0,838.0,849.0,791.0,838.0,784.0,799.0,862.0,816.0,802.0,812.0,849.0,806.0,748.0,737.0,877.0,762.0,794.0,689.0,791.0,790.0,724.0,777.0,830.0,797.0,803.0,783.0,789.0,791.0,837.0,818.0,820.0,843.0
155,834.0,717.0,715.0,900.0,831.0,849.0,791.0,838.0,784.0,799.0,860.0,816.0,802.0,812.0,849.0,806.0,513.0,737.0,877.0,762.0,794.0,689.0,683.0,790.0,724.0,777.0,830.0,797.0,775.0,783.0,789.0,791.0,837.0,818.0,846.0,843.0
156,834.0,717.0,715.0,870.0,831.0,849.0,791.0,838.0,784.0,664.0,860.0,816.0,802.0,812.0,849.0,801.0,513.0,737.0,877.0,762.0,794.0,726.0,683.0,790.0,724.0,777.0,830.0,798.0,775.0,783.0,789.0,791.0,837.0,817.0,846.0,843.0
157,834.0,717.0,715.0,870.0,831.0,849.0,791.0,838.0,821.0,664.0,860.0,816.0,802.0,812.0,849.0,801.0,513.0,737.0,877.0,762.0,758.0,726.0,683.0,790.0,724.0,777.0,830.0,798.0,775.0,783.0,789.0,791.0,809.0,817.0,846.0,843.0
158,834.0,717.0,709.0,870.0,831.0,849.0,791.0,825.0,821.0,664.0,860.0,816.0,802.0,812.0,875.0,801.0,513.0,737.0,877.0,772.0,758.0,726.0,683.0,790.0,724.0,777.0,809.0,798.0,775.0,783.0,789.0,747.0,809.0,817.0,846.0,843.0
159,834.0,590.0,709.0,870.0,831.0,849.0,791.0,825.0,821.0,664.0,860.0,816.0,802.0,776.0,875.0,801.0,513.0,737.0,877.0,772.0,758.0,726.0,683.0,790.0,724.0,797.0,809.0,798.0,775.0,783.0,789.0,747.0,809.0,817.0,846.0,843.0
160,800.0,590.0,709.0,870.0,831.0,849.0,489.0,825.0,821.0,664.0,860.0,587.0,798.0,776.0,875.0,801.0,513.0,737.0,883.0,772.0,758.0,726.0,683.0,743.0,625.0,797.0,809.0,798.0,775.0,783.0,818.0,747.0,809.0,817.0,846.0,804.0
161,800.0,590.0,709.0,870.0,831.0,909.0,489.0,825.0,821.0,664.0,860.0,587.0,798.0,776.0,875.0,801.0,513.0,597.0,883.0,772.0,758.0,726.0,683.0,743.0,625.0,797.0,809.0,798.0,775.0,814.0,818.0,747.0,809.0,817.0,846.0,804.0
162,800.0,590.0,709.0,870.0,846.0,909.0,489.0,825.0,821.0,664.0,855.0,587.0,798.0,776.0,875.0,801.0,575.0,597.0,883.0,772.0,758.0,726.0,558.0,743.0,625.0,797.0,809.0,798.0,800.0,814.0,818.0,747.0,809.0,817.0,865.0,804.0
163,800.0,590.0,709.0,820.0,846.0,909.0,489.0,825.0,821.0,787.0,855.0,587.0,798.0,776.0,875.0,782.0,575.0,597.0,883.0,772.0,758.0,814.0,558.0,743.0,625.0,797.0,809.0,840.0,800.0,814.0,818.0,747.0,809.0,768.0,865.0,804.0
164,800.0,590.0,709.0,820.0,846.0,909.0,489.0,825.0,835.0,787.0,855.0,587.0,798.0,776.0,875.0,782.0,575.0,597.0,883.0,772.0,797.0,814.0,558.0,743.0,625.0,797.0,809.0,840.0,800.0,814.0,818.0,747.0,834.0,768.0,865.0,804.0
165,800.0,590.0,421.0,820.0,846.0,909.0,489.0,792.0,835.0,787.0,855.0,587.0,798.0,776.0,918.0,782.0,575.0,597.0,883.0,774.0,797.0,814.0,558.0,743.0,625.0,797.0,824.0,840.0,800.0,814.0,818.0,764.0,834.0,768.0,865.0,804.0
166,800.0,524.0,421.0,820.0,846.0,909.0,489.0,792.0,835.0,787.0,855.0,587.0,798.0,800.0,918.0,782.0,575.0,597.0,883.0,774.0,797.0,814.0,558.0,743.0,625.0,742.0,824.0,840.0,800.0,814.0,818.0,764.0,834.0,768.0,865.0,804.0
167,792.0,524.0,421.0,820.0,846.0,909.0,463.0,792.0,835.0,787.0,855.0,669.0,773.0,800.0,918.0,782.0,575.0,597.0,835.0,774.0,797.0,814.0,558.0,791.0,739.0,742.0,824.0,840.0,800.0,814.0,861.0,764.0,834.0,768.0,865.0,846.0
168,792.0,524.0,421.0,820.0,846.0,843.0,463.0,792.0,835.0,787.0,855.0,669.0,773.0,800.0,918.0,782.0,575.0,562.0,835.0,774.0,797.0,814.0,558.0,791.0,739.0,742.0,824.0,840.0,800.0,853.0,861.0,764.0,834.0,768.0,865.0,846.0
169,792.0,524.0,421.0,820.0,843.0,843.0,463.0,792.0,835.0,787.0,866.0,669.0,773.0,800.0,918.0,782.0,731.0,562.0,835.0,774.0,797.0,814.0,789.0,791.0,739.0,742.0,824.0,840.0,688.0,853.0,861.0,764.0,834.0,768.0,826.0,846.0
170,792.0,524.0,421.0,763.0,843.0,843.0,463.0,792.0,835.0,767.0,866.0,669.0,773.0,800.0,918.0,692.0,731.0,562.0,835.0,774.0,797.0,823.0,789.0,791.0,739.0,742.0,824.0,704.0,688.0,853.0,861.0,764.0,834.0,796.0,826.0,846.0
171,792.0,524.0,421.0,763.0,843.0,843.0,463.0,792.0,865.0,767.0,866.0,669.0,773.0,800.0,918.0,692.0,731.0,562.0,835.0,774.0,706.0,823.0,789.0,791.0,739.0,742.0,824.0,704.0,688.0,853.0,861.0,764.0,785.0,796.0,826.0,846.0
172,792.0,524.0,671.0,763.0,843.0,843.0,463.0,789.0,865.0,767.0,866.0,669.0,773.0,800.0,896.0,692.0,731.0,562.0,835.0,869.0,706.0,823.0,789.0,791.0,739.0,742.0,750.0,704.0,688.0,853.0,861.0,568.0,785.0,796.0,826.0,846.0
173,792.0,570.0,671.0,763.0,843.0,843.0,463.0,789.0,865.0,767.0,866.0,669.0,773.0,735.0,896.0,692.0,731.0,562.0,835.0,869.0,706.0,823.0,789.0,791.0,739.0,799.0,750.0,704.0,688.0,853.0,861.0,568.0,785.0,796.0,826.0,846.0
174,792.0,570.0,671.0,763.0,843.0,843.0,490.0,789.0,865.0,767.0,866.0,776.0,800.0,735.0,896.0,692.0,731.0,562.0,803.0,869.0,706.0,823.0,789.0,802.0,809.0,799.0,750.0,704.0,688.0,853.0,811.0,568.0,785.0,796.0,826.0,874.0
175,792.0,570.0,671.0,763.0,843.0,815.0,490.0,789.0,865.0,767.0,866.0,776.0,800.0,735.0,896.0,692.0,731.0,523.0,803.0,869.0,706.0,823.0,789.0,802.0,809.0,799.0,750.0,704.0,688.0,821.0,811.0,568.0,785.0,796.0,826.0,874.0
176,792.0,570.0,671.0,763.0,815.0,815.0,490.0,789.0,865.0,767.0,931.0,776.0,800.0,735.0,896.0,692.0,428.0,523.0,803.0,869.0,706.0,823.0,803.0,802.0,809.0,799.0,750.0,704.0,589.0,821.0,811.0,568.0,785.0,796.0,903.0,874.0
177,792.0,570.0,671.0,720.0,815.0,815.0,490.0,789.0,865.0,730.0,931.0,776.0,800.0,735.0,896.0,566.0,428.0,523.0,803.0,869.0,706.0,865.0,803.0,802.0,809.0,799.0,750.0,769.0,589.0,821.0,811.0,568.0,785.0,785.0,903.0,874.0
178,792.0,570.0,671.0,720.0,815.0,815.0,490.0,789.0,916.0,730.0,931.0,776.0,800.0,735.0,896.0,566.0,428.0,523.0,803.0,869.0,778.0,865.0,803.0,802.0,809.0,799.0,750.0,769.0,589.0,821.0,811.0,568.0,791.0,785.0,903.0,874.0
179,792.0,570.0,701.0,720.0,815.0,815.0,490.0,740.0,916.0,730.0,931.0,776.0,800.0,735.0,868.0,566.0,428.0,523.0,803.0,805.0,778.0,865.0,803.0,802.0,809.0,799.0,796.0,769.0,589.0,821.0,811.0,534.0,791.0,785.0,903.0,874.0
180,792.0,598.0,701.0,720.0,815.0,815.0,490.0,740.0,916.0,730.0,931.0,776.0,800.0,632.0,868.0,566.0,428.0,523.0,803.0,805.0,778.0,865.0,803.0,802.0,809.0,789.0,796.0,769.0,589.0,821.0,811.0,534.0,791.0,785.0,903.0,874.0
181,787.0,598.0,701.0,720.0,815.0,815.0,592.0,740.0,916.0,730.0,931.0,704.0,606.0,632.0,868.0,566.0,428.0,523.0,793.0,805.0,778.0,865.0,803.0,781.0,737.0,789.0,796.0,769.0,589.0,821.0,856.0,534.0,791.0,785.0,903.0,881.0
182,787.0,598.0,701.0,720.0,815.0,792.0,592.0,740.0,916.0,730.0,931.0,704.0,606.0,632.0,868.0,566.0,428.0,491.0,793.0,805.0,778.0,865.0,803.0,781.0,737.0,789.0,796.0,769.0,589.0,849.0,856.0,534.0,791.0,785.0,903.0,881.0
183,787.0,598.0,701.0,720.0,788.0,792.0,592.0,740.0,916.0,730.0,786.0,704.0,606.0,632.0,868.0,566.0,537.0,491.0,793.0,805.0,778.0,865.0,707.0,781.0,737.0,789.0,796.0,769.0,669.0,849.0,856.0,534.0,791.0,785.0,929.0,881.0
184,787.0,598.0,701.0,645.0,788.0,792.0,592.0,740.0,916.0,705.0,786.0,704.0,606.0,632.0,868.0,514.0,537.0,491.0,793.0,805.0,778.0,815.0,707.0,781.0,737.0,789.0,796.0,853.0,669.0,849.0,856.0,534.0,791.0,792.0,929.0,881.0
185,787.0,598.0,701.0,645.0,788.0,792.0,592.0,740.0,956.0,705.0,786.0,704.0,606.0,632.0,868.0,514.0,537.0,491.0,793.0,805.0,838.0,815.0,707.0,781.0,737.0,789.0,796.0,853.0,669.0,849.0,856.0,534.0,728.0,792.0,929.0,881.0
186,787.0,598.0,859.0,645.0,788.0,792.0,592.0,651.0,956.0,705.0,786.0,704.0,606.0,632.0,854.0,514.0,537.0,491.0,793.0,830.0,838.0,815.0,707.0,781.0,737.0,789.0,856.0,853.0,669.0,849.0,856.0,492.0,728.0,792.0,929.0,881.0
187,787.0,432.0,859.0,645.0,788.0,792.0,592.0,651.0,956.0,705.0,786.0,704.0,606.0,664.0,854.0,514.0,537.0,491.0,793.0,830.0,838.0,815.0,707.0,781.0,737.0,554.0,856.0,853.0,669.0,849.0,856.0,492.0,728.0,792.0,929.0,881.0
188,755.0,432.0,859.0,645.0,788.0,792.0,407.0,651.0,956.0,705.0,786.0,888.0,506.0,664.0,854.0,514.0,537.0,491.0,867.0,830.0,838.0,815.0,707.0,870.0,565.0,554.0,856.0,853.0,669.0,849.0,848.0,492.0,728.0,792.0,929.0,751.0
189,755.0,432.0,859.0,645.0,788.0,846.0,407.0,651.0,956.0,705.0,786.0,888.0,506.0,664.0,854.0,514.0,537.0,440.0,867.0,830.0,838.0,815.0,707.0,870.0,565.0,554.0,856.0,853.0,669.0,874.0,848.0,492.0,728.0,792.0,929.0,751.0
190,755.0,432.0,859.0,645.0,841.0,846.0,407.0,651.0,956.0,705.0,741.0,888.0,506.0,664.0,854.0,514.0,555.0,440.0,867.0,830.0,838.0,815.0,664.0,870.0,565.0,554.0,856.0,853.0,642.0,874.0,848.0,492.0,728.0,792.0,859.0,751.0
191,755.0,432.0,859.0,538.0,841.0,846.0,407.0,651.0,956.0,783.0,741.0,888.0,506.0,664.0,854.0,505.0,555.0,440.0,867.0,830.0,838.0,769.0,664.0,870.0,565.0,554.0,856.0,815.0,642.0,874.0,848.0,492.0,728.0,671.0,859.0,751.0
192,755.0,432.0,859.0,538.0,841.0,846.0,407.0,651.0,889.0,783.0,741.0,888.0,506.0,664.0,854.0,505.0,555.0,440.0,867.0,830.0,853.0,769.0,664.0,870.0,565.0,554.0,856.0,815.0,642.0,874.0,848.0,492.0,636.0,671.0,859.0,751.0
193,755.0,432.0,836.0,538.0,841.0,846.0,407.0,662.0,889.0,783.0,741.0,888.0,506.0,664.0,891.0,505.0,555.0,440.0,867.0,596.0,853.0,769.0,664.0,870.0,565.0,554.0,798.0,815.0,642.0,874.0,848.0,431.0,636.0,671.0,859.0,751.0
194,755.0,369.0,836.0,538.0,841.0,846.0,407.0,662.0,889.0,783.0,741.0,888.0,506.0,728.0,891.0,505.0,555.0,440.0,867.0,596.0,853.0,769.0,664.0,870.0,565.0,675.0,798.0,815.0,642.0,874.0,848.0,431.0,636.0,671.0,859.0,751.0
195,671.0,369.0,836.0,538.0,841.0,846.0,429.0,662.0,889.0,783.0,741.0,908.0,451.0,728.0,891.0,505.0,555.0,440.0,867.0,596.0,853.0,769.0,664.0,872.0,500.0,675.0,798.0,815.0,642.0,874.0,886.0,431.0,636.0,671.0,859.0,705.0
196,671.0,369.0,836.0,538.0,841.0,823.0,429.0,662.0,889.0,783.0,741.0,908.0,451.0,728.0,891.0,505.0,555.0,412.0,867.0,596.0,853.0,769.0,664.0,872.0,500.0,675.0,798.0,815.0,642.0,829.0,886.0,431.0,636.0,671.0,859.0,705.0
197,671.0,369.0,836.0,538.0,861.0,823.0,429.0,662.0,889.0,783.0,770.0,908.0,451.0,728.0,891.0,505.0,786.0,412.0,867.0,596.0,853.0,769.0,664.0,872.0,500.0,675.0,798.0,815.0,623.0,829.0,886.0,431.0,636.0,671.0,690.0,705.0
198,671.0,369.0,836.0,495.0,861.0,823.0,429.0,662.0,889.0,667.0,770.0,908.0,451.0,728.0,891.0,369.0,786.0,412.0,867.0,596.0,853.0,716.0,664.0,872.0,500.0,675.0,798.0,748.0,623.0,829.0,886.0,431.0,636.0,589.0,690.0,705.0
199,671.0,369.0,836.0,495.0,861.0,823.0,429.0,662.0,791.0,667.0,770.0,908.0,451.0,728.0,891.0,369.0,786.0,412.0,867.0,596.0,883.0,716.0,664.0,872.0,500.0,675.0,798.0,748.0,623.0,829.0,886.0,431.0,545.0,589.0,690.0,705.0
200,671.0,369.0,635.0,495.0,861.0,823.0,429.0,763.0,791.0,667.0,770.0,908.0,451.0,728.0,911.0,369.0,786.0,412.0,867.0,446.0,883.0,716.0,664.0,872.0,500.0,675.0,520.0,748.0,623.0,829.0,886.0,380.0,545.0,589.0,690.0,705.0
201,671.0,373.0,635.0,495.0,861.0,823.0,429.0,763.0,791.0,667.0,770.0,908.0,451.0,621.0,911.0,369.0,786.0,412.0,867.0,446.0,883.0,716.0,664.0,872.0,500.0,711.0,520.0,748.0,623.0,829.0,886.0,380.0,545.0,589.0,690.0,705.0
202,757.0,373.0,635.0,495.0,861.0,823.0,691.0,763.0,791.0,667.0,770.0,775.0,454.0,621.0,911.0,369.0,786.0,412.0,920.0,446.0,883.0,716.0,664.0,797.0,407.0,711.0,520.0,748.0,623.0,829.0,844.0,380.0,545.0,589.0,690.0,683.0
203,757.0,373.0,635.0,495.0,861.0,909.0,691.0,763.0,791.0,667.0,770.0,775.0,454.0,621.0,911.0,369.0,786.0,396.0,920.0,446.0,883.0,716.0,664.0,797.0,407.0,711.0,520.0,748.0,623.0,688.0,844.0,380.0,545.0,589.0,690.0,683.0
204,757.0,373.0,635.0,495.0,834.0,909.0,691.0,763.0,791.0,667.0,689.0,775.0,454.0,621.0,911.0,369.0,837.0,396.0,920.0,446.0,883.0,716.0,729.0,797.0,407.0,711.0,520.0,748.0,583.0,688.0,844.0,380.0,545.0,589.0,728.0,683.0
205,757.0,373.0,635.0,488.0,834.0,909.0,691.0,763.0,791.0,457.0,689.0,775.0,454.0,621.0,911.0,372.0,837.0,396.0,920.0,446.0,883.0,640.0,729.0,797.0,407.0,711.0,520.0,613.0,583.0,688.0,844.0,380.0,545.0,523.0,728.0,683.0
206,757.0,373.0,635.0,488.0,834.0,909.0,691.0,763.0,595.0,457.0,689.0,775.0,454.0,621.0,911.0,372.0,837.0,396.0,920.0,446.0,741.0,640.0,729.0,797.0,407.0,711.0,520.0,613.0,583.0,688.0,844.0,380.0,439.0,523.0,728.0,683.0
207,757.0,373.0,556.0,488.0,834.0,909.0,691.0,529.0,595.0,457.0,689.0,775.0,454.0,621.0,919.0,372.0,837.0,396.0,920.0,472.0,741.0,640.0,729.0,797.0,407.0,711.0,447.0,613.0,583.0,688.0,844.0,376.0,439.0,523.0,728.0,683.0
208,757.0,367.0,556.0,488.0,834.0,909.0,691.0,529.0,595.0,457.0,689.0,775.0,454.0,581.0,919.0,372.0,837.0,396.0,920.0,472.0,741.0,640.0,729.0,797.0,407.0,567.0,447.0,613.0,583.0,688.0,844.0,376.0,439.0,523.0,728.0,683.0
209,795.0,367.0,556.0,488.0,834.0,909.0,638.0,529.0,595.0,457.0,689.0,685.0,450.0,581.0,919.0,372.0,837.0,396.0,906.0,472.0,741.0,640.0,729.0,734.0,379.0,567.0,447.0,613.0,583.0,688.0,707.0,376.0,439.0,523.0,728.0,612.0
210,795.0,367.0,556.0,488.0,834.0,585.0,638.0,529.0,595.0,457.0,689.0,685.0,450.0,581.0,919.0,372.0,837.0,367.0,906.0,472.0,741.0,640.0,729.0,734.0,379.0,567.0,447.0,613.0,583.0,755.0,707.0,376.0,439.0,523.0,728.0,612.0
211,795.0,367.0,556.0,488.0,855.0,585.0,638.0,529.0,595.0,457.0,588.0,685.0,450.0,581.0,919.0,372.0,724.0,367.0,906.0,472.0,741.0,640.0,824.0,734.0,379.0,567.0,447.0,613.0,578.0,755.0,707.0,376.0,439.0,523.0,619.0,612.0
212,795.0,367.0,556.0,583.0,855.0,585.0,638.0,529.0,595.0,474.0,588.0,685.0,450.0,581.0,919.0,371.0,724.0,367.0,906.0,472.0,741.0,706.0,824.0,734.0,379.0,567.0,447.0,602.0,578.0,755.0,707.0,376.0,439.0,482.0,619.0,612.0
213,795.0,367.0,556.0,583.0,855.0,585.0,638.0,529.0,507.0,474.0,588.0,685.0,450.0,581.0,919.0,371.0,724.0,367.0,906.0,472.0,607.0,706.0,824.0,734.0,379.0,567.0,447.0,602.0,578.0,755.0,707.0,376.0,364.0,482.0,619.0,612.0
214,795.0,367.0,600.0,583.0,855.0,585.0,638.0,445.0,507.0,474.0,588.0,685.0,450.0,581.0,773.0,371.0,724.0,367.0,906.0,574.0,607.0,706.0,824.0,734.0,379.0,567.0,471.0,602.0,578.0,755.0,707.0,379.0,364.0,482.0,619.0,612.0
215,795.0,367.0,600.0,583.0,855.0,585.0,638.0,445.0,507.0,474.0,588.0,685.0,450.0,529.0,773.0,371.0,724.0,367.0,906.0,574.0,607.0,706.0,824.0,734.0,379.0,533.0,471.0,602.0,578.0,755.0,707.0,379.0,364.0,482.0,619.0,612.0
216,777.0,367.0,600.0,583.0,855.0,585.0,682.0,445.0,507.0,474.0,588.0,677.0,487.0,529.0,773.0,371.0,724.0,367.0,902.0,574.0,607.0,706.0,824.0,636.0,381.0,533.0,471.0,602.0,578.0,755.0,681.0,379.0,364.0,482.0,619.0,589.0
217,777.0,367.0,600.0,583.0,855.0,599.0,682.0,445.0,507.0,474.0,588.0,677.0,487.0,529.0,773.0,371.0,724.0,366.0,902.0,574.0,607.0,706.0,824.0,636.0,381.0,533.0,471.0,602.0,578.0,742.0,681.0,379.0,364.0,482.0,619.0,589.0
218,777.0,367.0,600.0,583.0,796.0,599.0,682.0,445.0,507.0,474.0,549.0,677.0,487.0,529.0,773.0,371.0,693.0,366.0,902.0,574.0,607.0,706.0,845.0,636.0,381.0,533.0,471.0,602.0,549.0,742.0,681.0,379.0,364.0,482.0,526.0,589.0
219,777.0,367.0,600.0,517.0,796.0,599.0,682.0,445.0,507.0,462.0,549.0,677.0,487.0,529.0,773.0,373.0,693.0,366.0,902.0,574.0,607.0,652.0,845.0,636.0,381.0,533.0,471.0,580.0,549.0,742.0,681.0,379.0,364.0,463.0,526.0,589.0
220,777.0,367.0,600.0,517.0,796.0,599.0,682.0,445.0,505.0,462.0,549.0,677.0,487.0,529.0,773.0,373.0,693.0,366.0,902.0,574.0,593.0,652.0,845.0,636.0,381.0,533.0,471.0,580.0,549.0,742.0,681.0,379.0,367.0,463.0,526.0,589.0
221,777.0,367.0,506.0,517.0,796.0,599.0,682.0,422.0,505.0,462.0,549.0,677.0,487.0,529.0,674.0,373.0,693.0,366.0,902.0,581.0,593.0,652.0,845.0,636.0,381.0,533.0,453.0,580.0,549.0,742.0,681.0,369.0,367.0,463.0,526.0,589.0
222,777.0,365.0,506.0,517.0,796.0,599.0,682.0,422.0,505.0,462.0,549.0,677.0,487.0,475.0,674.0,373.0,693.0,366.0,902.0,581.0,593.0,652.0,845.0,636.0,381.0,511.0,453.0,580.0,549.0,742.0,681.0,369.0,367.0,463.0,526.0,589.0
223,613.0,365.0,506.0,517.0,796.0,599.0,599.0,422.0,505.0,462.0,549.0,638.0,611.0,475.0,674.0,373.0,693.0,366.0,766.0,581.0,593.0,652.0,845.0,575.0,377.0,511.0,453.0,580.0,549.0,742.0,706.0,369.0,367.0,463.0,526.0,468.0
224,613.0,365.0,506.0,517.0,796.0,646.0,599.0,422.0,505.0,462.0,549.0,638.0,611.0,475.0,674.0,373.0,693.0,372.0,766.0,581.0,593.0,652.0,845.0,575.0,377.0,511.0,453.0,580.0,549.0,743.0,706.0,369.0,367.0,463.0,526.0,468.0
225,613.0,365.0,506.0,517.0,865.0,646.0,599.0,422.0,505.0,462.0,535.0,638.0,611.0,475.0,674.0,373.0,645.0,372.0,766.0,581.0,593.0,652.0,825.0,575.0,377.0,511.0,453.0,580.0,535.0,743.0,706.0,369.0,367.0,463.0,546.0,468.0
226,613.0,365.0,506.0,576.0,865.0,646.0,599.0,422.0,505.0,444.0,535.0,638.0,611.0,475.0,674.0,367.0,645.0,372.0,766.0,581.0,593.0,589.0,825.0,575.0,377.0,511.0,453.0,485.0,535.0,743.0,706.0,369.0,367.0,452.0,546.0,468.0
227,613.0,365.0,506.0,576.0,865.0,646.0,599.0,422.0,502.0,444.0,535.0,638.0,611.0,475.0,674.0,367.0,645.0,372.0,766.0,581.0,520.0,589.0,825.0,575.0,377.0,511.0,453.0,485.0,535.0,743.0,706.0,369.0,368.0,452.0,546.0,468.0
228,613.0,365.0,466.0,576.0,865.0,646.0,599.0,411.0,502.0,444.0,535.0,638.0,611.0,475.0,534.0,367.0,645.0,372.0,766.0,573.0,520.0,589.0,825.0,575.0,377.0,511.0,453.0,485.0,535.0,743.0,706.0,378.0,368.0,452.0,546.0,468.0
229,613.0,370.0,466.0,576.0,865.0,646.0,599.0,411.0,502.0,444.0,535.0,638.0,611.0,451.0,534.0,367.0,645.0,372.0,766.0,573.0,520.0,589.0,825.0,575.0,377.0,503.0,453.0,485.0,535.0,743.0,706.0,378.0,368.0,452.0,546.0,468.0
230,552.0,370.0,466.0,576.0,865.0,646.0,520.0,411.0,502.0,444.0,535.0,625.0,649.0,451.0,534.0,367.0,645.0,372.0,665.0,573.0,520.0,589.0,825.0,442.0,371.0,503.0,453.0,485.0,535.0,743.0,729.0,378.0,368.0,452.0,546.0,448.0
231,552.0,370.0,466.0,576.0,865.0,788.0,520.0,411.0,502.0,444.0,535.0,625.0,649.0,451.0,534.0,367.0,645.0,365.0,665.0,573.0,520.0,589.0,825.0,442.0,371.0,503.0,453.0,485.0,535.0,623.0,729.0,378.0,368.0,452.0,546.0,448.0
232,552.0,370.0,466.0,576.0,795.0,788.0,520.0,411.0,502.0,444.0,502.0,625.0,649.0,451.0,534.0,367.0,545.0,365.0,665.0,573.0,520.0,589.0,675.0,442.0,371.0,503.0,453.0,485.0,540.0,623.0,729.0,378.0,368.0,452.0,546.0,448.0
233,552.0,370.0,466.0,553.0,795.0,788.0,520.0,411.0,502.0,443.0,502.0,625.0,649.0,451.0,534.0,368.0,545.0,365.0,665.0,573.0,520.0,463.0,675.0,442.0,371.0,503.0,453.0,462.0,540.0,623.0,729.0,378.0,368.0,449.0,546.0,448.0
234,552.0,370.0,466.0,553.0,795.0,788.0,520.0,411.0,501.0,443.0,502.0,625.0,649.0,451.0,534.0,368.0,545.0,365.0,665.0,573.0,475.0,463.0,675.0,442.0,371.0,503.0,453.0,462.0,540.0,623.0,729.0,378.0,366.0,449.0,546.0,448.0
235,552.0,370.0,435.0,553.0,795.0,788.0,520.0,388.0,501.0,443.0,502.0,625.0,649.0,451.0,519.0,368.0,545.0,365.0,665.0,558.0,475.0,463.0,675.0,442.0,371.0,503.0,431.0,462.0,540.0,623.0,729.0,379.0,366.0,449.0,546.0,448.0
236,552.0,374.0,435.0,553.0,795.0,788.0,520.0,388.0,501.0,443.0,502.0,625.0,649.0,431.0,519.0,368.0,545.0,365.0,665.0,558.0,475.0,463.0,675.0,442.0,371.0,481.0,431.0,462.0,540.0,623.0,729.0,379.0,366.0,449.0,546.0,448.0
237,556.0,374.0,435.0,553.0,795.0,788.0,495.0,388.0,501.0,443.0,502.0,591.0,576.0,431.0,519.0,368.0,545.0,365.0,558.0,558.0,475.0,463.0,675.0,428.0,371.0,481.0,431.0,462.0,540.0,623.0,685.0,379.0,366.0,449.0,546.0,436.0
238,556.0,374.0,435.0,553.0,795.0,879.0,495.0,388.0,501.0,443.0,502.0,591.0,576.0,431.0,519.0,368.0,545.0,362.0,558.0,558.0,475.0,463.0,675.0,428.0,371.0,481.0,431.0,462.0,540.0,502.0,685.0,379.0,366.0,449.0,546.0,436.0
239,556.0,374.0,435.0,553.0,751.0,879.0,495.0,388.0,501.0,443.0,478.0,591.0,576.0,431.0,519.0,368.0,477.0,362.0,558.0,558.0,475.0,463.0,550.0,428.0,371.0,481.0,431.0,462.0,541.0,502.0,685.0,379.0,366.0,449.0,545.0,436.0
240,556.0,374.0,435.0,561.0,751.0,879.0,495.0,388.0,501.0,443.0,478.0,591.0,576.0,431.0,519.0,366.0,477.0,362.0,558.0,558.0,475.0,429.0,550.0,428.0,371.0,481.0,431.0,449.0,541.0,502.0,685.0,379.0,366.0,433.0,545.0,436.0
241,556.0,374.0,435.0,561.0,751.0,879.0,495.0,388.0,506.0,443.0,478.0,591.0,576.0,431.0,519.0,366.0,477.0,362.0,558.0,558.0,463.0,429.0,550.0,428.0,371.0,481.0,431.0,449.0,541.0,502.0,685.0,379.0,367.0,433.0,545.0,436.0
242,556.0,374.0,449.0,561.0,751.0,879.0,495.0,487.0,506.0,443.0,478.0,591.0,576.0,431.0,466.0,366.0,477.0,362.0,558.0,544.0,463.0,429.0,550.0,428.0,371.0,481.0,425.0,449.0,541.0,502.0,685.0,388.0,367.0,433.0,545.0,436.0
243,556.0,532.0,449.0,561.0,751.0,879.0,495.0,487.0,506.0,443.0,478.0,591.0,576.0,460.0,466.0,366.0,477.0,362.0,558.0,544.0,463.0,429.0,550.0,428.0,371.0,459.0,425.0,449.0,541.0,502.0,685.0,388.0,367.0,433.0,545.0,436.0
244,602.0,532.0,449.0,561.0,751.0,879.0,476.0,487.0,506.0,443.0,478.0,588.0,625.0,460.0,466.0,366.0,477.0,362.0,519.0,544.0,463.0,429.0,550.0,428.0,382.0,459.0,425.0,449.0,541.0,502.0,821.0,388.0,367.0,433.0,545.0,439.0
245,602.0,532.0,449.0,561.0,751.0,886.0,476.0,487.0,506.0,443.0,478.0,588.0,625.0,460.0,466.0,366.0,477.0,378.0,519.0,544.0,463.0,429.0,550.0,428.0,382.0,459.0,425.0,449.0,541.0,496.0,821.0,388.0,367.0,433.0,545.0,439.0
246,602.0,532.0,449.0,561.0,719.0,886.0,476.0,487.0,506.0,443.0,459.0,588.0,625.0,460.0,466.0,366.0,449.0,378.0,519.0,544.0,463.0,429.0,519.0,428.0,382.0,459.0,425.0,449.0,547.0,496.0,821.0,388.0,367.0,433.0,542.0,439.0
247,602.0,532.0,449.0,549.0,719.0,886.0,476.0,487.0,506.0,408.0,459.0,588.0,625.0,460.0,466.0,367.0,449.0,378.0,519.0,544.0,463.0,452.0,519.0,428.0,382.0,459.0,425.0,445.0,547.0,496.0,821.0,388.0,367.0,440.0,542.0,439.0
248,602.0,532.0,449.0,549.0,719.0,886.0,476.0,487.0,501.0,408.0,459.0,588.0,625.0,460.0,466.0,367.0,449.0,378.0,519.0,544.0,464.0,452.0,519.0,428.0,382.0,459.0,425.0,445.0,547.0,496.0,821.0,388.0,374.0,440.0,542.0,439.0
249,602.0,532.0,490.0,549.0,719.0,886.0,476.0,529.0,501.0,408.0,459.0,588.0,625.0,460.0,458.0,367.0,449.0,378.0,519.0,547.0,464.0,452.0,519.0,428.0,382.0,459.0,431.0,445.0,547.0,496.0,821.0,375.0,374.0,440.0,542.0,439.0
250,602.0,563.0,490.0,549.0,719.0,886.0,476.0,529.0,501.0,408.0,459.0,588.0,625.0,440.0,458.0,367.0,449.0,378.0,519.0,547.0,464.0,452.0,519.0,428.0,382.0,451.0,431.0,445.0,547.0,496.0,821.0,375.0,374.0,440.0,542.0,439.0
251,739.0,563.0,490.0,549.0,719.0,886.0,448.0,529.0,501.0,408.0,459.0,633.0,697.0,440.0,458.0,367.0,449.0,378.0,508.0,547.0,464.0,452.0,519.0,401.0,377.0,451.0,431.0,445.0,547.0,496.0,635.0,375.0,374.0,440.0,542.0,536.0
252,739.0,563.0,490.0,549.0,719.0,885.0,448.0,529.0,501.0,408.0,459.0,633.0,697.0,440.0,458.0,367.0,449.0,369.0,508.0,547.0,464.0,452.0,519.0,401.0,377.0,451.0,431.0,445.0,547.0,466.0,635.0,375.0,374.0,440.0,542.0,536.0
253,739.0,563.0,490.0,549.0,874.0,885.0,448.0,529.0,501.0,408.0,444.0,633.0,697.0,440.0,458.0,367.0,426.0,369.0,508.0,547.0,464.0,452.0,489.0,401.0,377.0,451.0,431.0,445.0,548.0,466.0,635.0,375.0,374.0,440.0,554.0,536.0
254,739.0,563.0,490.0,591.0,874.0,885.0,448.0,529.0,501.0,377.0,444.0,633.0,697.0,440.0,458.0,365.0,426.0,369.0,508.0,547.0,464.0,460.0,489.0,401.0,377.0,451.0,431.0,432.0,548.0,466.0,635.0,375.0,374.0,435.0,554.0,536.0
255,739.0,563.0,490.0,591.0,874.0,885.0,448.0,529.0,504.0,377.0,444.0,633.0,697.0,440.0,458.0,365.0,426.0,369.0,508.0,547.0,470.0,460.0,489.0,401.0,377.0,451.0,431.0,432.0,548.0,466.0,635.0,375.0,362.0,435.0,554.0,536.0
256,739.0,563.0,493.0,591.0,874.0,885.0,448.0,471.0,504.0,377.0,444.0,633.0,697.0,440.0,460.0,365.0,426.0,369.0,508.0,524.0,470.0,460.0,489.0,401.0,377.0,451.0,436.0,432.0,548.0,466.0,635.0,380.0,362.0,435.0,554.0,536.0
257,739.0,594.0,493.0,591.0,874.0,885.0,448.0,471.0,504.0,377.0,444.0,633.0,697.0,448.0,460.0,365.0,426.0,369.0,508.0,524.0,470.0,460.0,489.0,401.0,377.0,452.0,436.0,432.0,548.0,466.0,635.0,380.0,362.0,435.0,554.0,536.0
258,700.0,594.0,493.0,591.0,874.0,885.0,426.0,471.0,504.0,377.0,444.0,676.0,817.0,448.0,460.0,365.0,426.0,369.0,497.0,524.0,470.0,460.0,489.0,392.0,383.0,452.0,436.0,432.0,548.0,466.0,701.0,380.0,362.0,435.0,554.0,563.0
259,700.0,594.0,493.0,591.0,874.0,761.0,426.0,471.0,504.0,377.0,444.0,676.0,817.0,448.0,460.0,365.0,426.0,387.0,497.0,524.0,470.0,460.0,489.0,392.0,383.0,452.0,436.0,432.0,548.0,478.0,701.0,380.0,362.0,435.0,554.0,563.0
260,700.0,594.0,493.0,591.0,874.0,761.0,426.0,471.0,504.0,377.0,447.0,676.0,817.0,448.0,460.0,365.0,406.0,387.0,497.0,524.0,470.0,460.0,490.0,392.0,383.0,452.0,436.0,432.0,532.0,478.0,701.0,380.0,362.0,435.0,570.0,563.0
261,700.0,594.0,493.0,547.0,874.0,761.0,426.0,471.0,504.0,375.0,447.0,676.0,817.0,448.0,460.0,371.0,406.0,387.0,497.0,524.0,470.0,447.0,490.0,392.0,383.0,452.0,436.0,444.0,532.0,478.0,701.0,380.0,362.0,427.0,570.0,563.0
262,700.0,594.0,493.0,547.0,874.0,761.0,426.0,471.0,703.0,375.0,447.0,676.0,817.0,448.0,460.0,371.0,406.0,387.0,497.0,524.0,459.0,447.0,490.0,392.0,383.0,452.0,436.0,444.0,532.0,478.0,701.0,380.0,420.0,427.0,570.0,563.0
263,700.0,594.0,532.0,547.0,874.0,761.0,426.0,469.0,703.0,375.0,447.0,676.0,817.0,448.0,417.0,371.0,406.0,387.0,497.0,510.0,459.0,447.0,490.0,392.0,383.0,452.0,420.0,444.0,532.0,478.0,701.0,376.0,420.0,427.0,570.0,563.0
264,700.0,648.0,532.0,547.0,874.0,761.0,426.0,469.0,703.0,375.0,447.0,676.0,817.0,458.0,417.0,371.0,406.0,387.0,497.0,510.0,459.0,447.0,490.0,392.0,383.0,439.0,420.0,444.0,532.0,478.0,701.0,376.0,420.0,427.0,570.0,563.0
265,631.0,648.0,532.0,547.0,874.0,761.0,404.0,469.0,703.0,375.0,447.0,670.0,869.0,458.0,417.0,371.0,406.0,387.0,471.0,510.0,459.0,447.0,490.0,384.0,386.0,439.0,420.0,444.0,532.0,478.0,849.0,376.0,420.0,427.0,570.0,568.0
266,631.0,648.0,532.0,547.0,874.0,781.0,404.0,469.0,703.0,375.0,447.0,670.0,869.0,458.0,417.0,371.0,406.0,381.0,471.0,510.0,459.0,447.0,490.0,384.0,386.0,439.0,420.0,444.0,532.0,478.0,849.0,376.0,420.0,427.0,570.0,568.0
267,631.0,648.0,532.0,547.0,796.0,781.0,404.0,469.0,703.0,375.0,453.0,670.0,869.0,458.0,417.0,371.0,408.0,381.0,471.0,510.0,459.0,447.0,580.0,384.0,386.0,439.0,420.0,444.0,537.0,478.0,849.0,376.0,420.0,427.0,552.0,568.0
268,631.0,648.0,532.0,495.0,796.0,781.0,404.0,469.0,703.0,367.0,453.0,670.0,869.0,458.0,417.0,369.0,408.0,381.0,471.0,510.0,459.0,460.0,580.0,384.0,386.0,439.0,420.0,460.0,537.0,478.0,849.0,376.0,420.0,435.0,552.0,568.0
269,631.0,648.0,532.0,495.0,796.0,781.0,404.0,469.0,737.0,367.0,453.0,670.0,869.0,458.0,417.0,369.0,408.0,381.0,471.0,510.0,452.0,460.0,580.0,384.0,386.0,439.0,420.0,460.0,537.0,478.0,849.0,376.0,524.0,435.0,552.0,568.0
270,631.0,648.0,555.0,495.0,796.0,781.0,404.0,670.0,737.0,367.0,453.0,670.0,869.0,458.0,417.0,369.0,408.0,381.0,471.0,505.0,452.0,460.0,580.0,384.0,386.0,439.0,421.0,460.0,537.0,478.0,849.0,378.0,524.0,435.0,552.0,568.0
271,631.0,703.0,555.0,495.0,796.0,781.0,404.0,670.0,737.0,367.0,453.0,670.0,869.0,488.0,417.0,369.0,408.0,381.0,471.0,505.0,452.0,460.0,580.0,384.0,386.0,447.0,421.0,460.0,537.0,478.0,849.0,378.0,524.0,435.0,552.0,568.0
272,521.0,703.0,555.0,495.0,796.0,781.0,439.0,670.0,737.0,367.0,453.0,655.0,908.0,488.0,417.0,369.0,408.0,381.0,475.0,505.0,452.0,460.0,580.0,396.0,387.0,447.0,421.0,460.0,537.0,478.0,807.0,378.0,524.0,435.0,552.0,626.0
273,521.0,703.0,555.0,495.0,796.0,768.0,439.0,670.0,737.0,367.0,453.0,655.0,908.0,488.0,417.0,369.0,408.0,380.0,475.0,505.0,452.0,460.0,580.0,396.0,387.0,447.0,421.0,460.0,537.0,460.0,807.0,378.0,524.0,435.0,552.0,626.0
274,521.0,703.0,555.0,495.0,615.0,768.0,439.0,670.0,737.0,367.0,452.0,655.0,908.0,488.0,417.0,369.0,432.0,380.0,475.0,505.0,452.0,460.0,690.0,396.0,387.0,447.0,421.0,460.0,519.0,460.0,807.0,378.0,524.0,435.0,580.0,626.0
275,521.0,703.0,555.0,513.0,615.0,768.0,439.0,670.0,737.0,380.0,452.0,655.0,908.0,488.0,417.0,380.0,432.0,380.0,475.0,505.0,452.0,455.0,690.0,396.0,387.0,447.0,421.0,479.0,519.0,460.0,807.0,378.0,524.0,443.0,580.0,626.0
276,521.0,703.0,555.0,513.0,615.0,768.0,439.0,670.0,755.0,380.0,452.0,655.0,908.0,488.0,417.0,380.0,432.0,380.0,475.0,505.0,495.0,455.0,690.0,396.0,387.0,447.0,421.0,479.0,519.0,460.0,807.0,378.0,575.0,443.0,580.0,626.0
277,521.0,703.0,727.0,513.0,615.0,768.0,439.0,768.0,755.0,380.0,452.0,655.0,908.0,488.0,449.0,380.0,432.0,380.0,475.0,494.0,495.0,455.0,690.0,396.0,387.0,447.0,482.0,479.0,519.0,460.0,807.0,382.0,575.0,443.0,580.0,626.0
278,521.0,707.0,727.0,513.0,615.0,768.0,439.0,768.0,755.0,380.0,452.0,655.0,908.0,530.0,449.0,380.0,432.0,380.0,475.0,494.0,495.0,455.0,690.0,396.0,387.0,464.0,482.0,479.0,519.0,460.0,807.0,382.0,575.0,443.0,580.0,626.0
279,568.0,707.0,727.0,513.0,615.0,768.0,520.0,768.0,755.0,380.0,452.0,661.0,928.0,530.0,449.0,380.0,432.0,380.0,589.0,494.0,495.0,455.0,690.0,444.0,388.0,464.0,482.0,479.0,519.0,460.0,788.0,382.0,575.0,443.0,580.0,613.0
280,568.0,707.0,727.0,513.0,615.0,791.0,520.0,768.0,755.0,380.0,452.0,661.0,928.0,530.0,449.0,380.0,432.0,390.0,589.0,494.0,495.0,455.0,690.0,444.0,388.0,464.0,482.0,479.0,519.0,476.0,788.0,382.0,575.0,443.0,580.0,613.0
281,568.0,707.0,727.0,513.0,663.0,791.0,520.0,768.0,755.0,380.0,454.0,661.0,928.0,530.0,449.0,380.0,423.0,390.0,589.0,494.0,495.0,455.0,776.0,444.0,388.0,464.0,482.0,479.0,552.0,476.0,788.0,382.0,575.0,443.0,630.0,613.0
282,568.0,707.0,727.0,636.0,663.0,791.0,520.0,768.0,755.0,376.0,454.0,661.0,928.0,530.0,449.0,403.0,423.0,390.0,589.0,494.0,495.0,568.0,776.0,444.0,388.0,464.0,482.0,525.0,552.0,476.0,788.0,382.0,575.0,511.0,630.0,613.0
283,568.0,707.0,727.0,636.0,663.0,791.0,520.0,768.0,757.0,376.0,454.0,661.0,928.0,530.0,449.0,403.0,423.0,390.0,589.0,494.0,630.0,568.0,776.0,444.0,388.0,464.0,482.0,525.0,552.0,476.0,788.0,382.0,661.0,511.0,630.0,613.0
284,568.0,707.0,704.0,636.0,663.0,791.0,520.0,747.0,757.0,376.0,454.0,661.0,928.0,530.0,511.0,403.0,423.0,390.0,589.0,500.0,630.0,568.0,776.0,444.0,388.0,464.0,568.0,525.0,552.0,476.0,788.0,395.0,661.0,511.0,630.0,613.0
285,568.0,705.0,704.0,636.0,663.0,791.0,520.0,747.0,757.0,376.0,454.0,661.0,928.0,537.0,511.0,403.0,423.0,390.0,589.0,500.0,630.0,568.0,776.0,444.0,388.0,503.0,568.0,525.0,552.0,476.0,788.0,395.0,661.0,511.0,630.0,613.0
286,572.0,705.0,704.0,636.0,663.0,791.0,622.0,747.0,757.0,376.0,454.0,691.0,956.0,537.0,511.0,403.0,423.0,390.0,701.0,500.0,630.0,568.0,776.0,494.0,407.0,503.0,568.0,525.0,552.0,476.0,785.0,395.0,661.0,511.0,630.0,685.0
287,572.0,705.0,704.0,636.0,663.0,828.0,622.0,747.0,757.0,376.0,454.0,691.0,956.0,537.0,511.0,403.0,423.0,420.0,701.0,500.0,630.0,568.0,776.0,494.0,407.0,503.0,568.0,525.0,552.0,537.0,785.0,395.0,661.0,511.0,630.0,685.0
288,572.0,705.0,704.0,636.0,680.0,828.0,622.0,747.0,757.0,376.0,485.0,691.0,956.0,537.0,511.0,403.0,435.0,420.0,701.0,500.0,630.0,568.0,668.0,494.0,407.0,503.0,568.0,525.0,545.0,537.0,785.0,395.0,661.0,511.0,665.0,685.0
289,572.0,705.0,704.0,741.0,680.0,828.0,622.0,747.0,757.0,439.0,485.0,691.0,956.0,537.0,511.0,421.0,435.0,420.0,701.0,500.0,630.0,667.0,668.0,494.0,407.0,503.0,568.0,518.0,545.0,537.0,785.0,395.0,661.0,553.0,665.0,685.0
290,572.0,705.0,704.0,741.0,680.0,828.0,622.0,747.0,716.0,439.0,485.0,691.0,956.0,537.0,511.0,421.0,435.0,420.0,701.0,500.0,654.0,667.0,668.0,494.0,407.0,503.0,568.0,518.0,545.0,537.0,785.0,395.0,695.0,553.0,665.0,685.0
291,572.0,705.0,664.0,741.0,680.0,828.0,622.0,753.0,716.0,439.0,485.0,691.0,956.0,537.0,638.0,421.0,435.0,420.0,701.0,592.0,654.0,667.0,668.0,494.0,407.0,503.0,658.0,518.0,545.0,537.0,785.0,424.0,695.0,553.0,665.0,685.0
292,572.0,712.0,664.0,741.0,680.0,828.0,622.0,753.0,716.0,439.0,485.0,691.0,956.0,540.0,638.0,421.0,435.0,420.0,701.0,592.0,654.0,667.0,668.0,494.0,407.0,549.0,658.0,518.0,545.0,537.0,785.0,424.0,695.0,553.0,665.0,685.0
293,591.0,712.0,664.0,741.0,680.0,828.0,624.0,753.0,716.0,439.0,485.0,732.0,941.0,540.0,638.0,421.0,435.0,420.0,724.0,592.0,654.0,667.0,668.0,533.0,466.0,549.0,658.0,518.0,545.0,537.0,801.0,424.0,695.0,553.0,665.0,630.0
294,591.0,712.0,664.0,741.0,680.0,808.0,624.0,753.0,716.0,439.0,485.0,732.0,941.0,540.0,638.0,421.0,435.0,534.0,724.0,592.0,654.0,667.0,668.0,533.0,466.0,549.0,658.0,518.0,545.0,572.0,801.0,424.0,695.0,553.0,665.0,630.0
295,591.0,712.0,664.0,741.0,616.0,808.0,624.0,753.0,716.0,439.0,520.0,732.0,941.0,540.0,638.0,421.0,480.0,534.0,724.0,592.0,654.0,667.0,612.0,533.0,466.0,549.0,658.0,518.0,602.0,572.0,801.0,424.0,695.0,553.0,702.0,630.0
296,591.0,712.0,664.0,788.0,616.0,808.0,624.0,753.0,716.0,531.0,520.0,732.0,941.0,540.0,638.0,502.0,480.0,534.0,724.0,592.0,654.0,589.0,612.0,533.0,466.0,549.0,658.0,507.0,602.0,572.0,801.0,424.0,695.0,609.0,702.0,630.0
297,591.0,712.0,664.0,788.0,616.0,808.0,624.0,753.0,774.0,531.0,520.0,732.0,941.0,540.0,638.0,502.0,480.0,534.0,724.0,592.0,721.0,589.0,612.0,533.0,466.0,549.0,658.0,507.0,602.0,572.0,801.0,424.0,726.0,609.0,702.0,630.0
298,591.0,712.0,547.0,788.0,616.0,808.0,624.0,756.0,774.0,531.0,520.0,732.0,941.0,540.0,577.0,502.0,480.0,534.0,724.0,637.0,721.0,589.0,612.0,533.0,466.0,549.0,616.0,507.0,602.0,572.0,801.0,653.0,726.0,609.0,702.0,630.0
299,591.0,749.0,547.0,788.0,616.0,808.0,624.0,756.0,774.0,531.0,520.0,732.0,941.0,610.0,577.0,502.0,480.0,534.0,724.0,637.0,721.0,589.0,612.0,533.0,466.0,568.0,616.0,507.0,602.0,572.0,801.0,653.0,726.0,609.0,702.0,630.0
300,573.0,749.0,547.0,788.0,616.0,808.0,604.0,756.0,774.0,531.0,520.0,787.0,938.0,610.0,577.0,502.0,480.0,534.0,707.0,637.0,721.0,589.0,612.0,541.0,552.0,568.0,616.0,507.0,602.0,572.0,820.0,653.0,726.0,609.0,702.0,685.0
301,573.0,749.0,547.0,788.0,616.0,801.0,604.0,756.0,774.0,531.0,520.0,787.0,938.0,610.0,577.0,502.0,480.0,632.0,707.0,637.0,721.0,589.0,612.0,541.0,552.0,568.0,616.0,507.0,602.0,690.0,820.0,653.0,726.0,609.0,702.0,685.0
302,573.0,749.0,547.0,788.0,653.0,801.0,604.0,756.0,774.0,531.0,552.0,787.0,938.0,610.0,577.0,502.0,513.0,632.0,707.0,637.0,721.0,589.0,499.0,541.0,552.0,568.0,616.0,507.0,626.0,690.0,820.0,653.0,726.0,609.0,745.0,685.0
303,573.0,749.0,547.0,794.0,653.0,801.0,604.0,756.0,774.0,530.0,552.0,787.0,938.0,610.0,577.0,573.0,513.0,632.0,707.0,637.0,721.0,513.0,499.0,541.0,552.0,568.0,616.0,573.0,626.0,690.0,820.0,653.0,726.0,652.0,745.0,685.0
304,573.0,749.0,547.0,794.0,653.0,801.0,604.0,756.0,769.0,530.0,552.0,787.0,938.0,610.0,577.0,573.0,513.0,632.0,707.0,637.0,705.0,513.0,499.0,541.0,552.0,568.0,616.0,573.0,626.0,690.0,820.0,653.0,693.0,652.0,745.0,685.0
305,573.0,749.0,743.0,794.0,653.0,801.0,604.0,752.0,769.0,530.0,552.0,787.0,938.0,610.0,673.0,573.0,513.0,632.0,707.0,595.0,705.0,513.0,499.0,541.0,552.0,568.0,605.0,573.0,626.0,690.0,820.0,547.0,693.0,652.0,745.0,685.0
306,573.0,752.0,743.0,794.0,653.0,801.0,604.0,752.0,769.0,530.0,552.0,787.0,938.0,645.0,673.0,573.0,513.0,632.0,707.0,595.0,705.0,513.0,499.0,541.0,552.0,576.0,605.0,573.0,626.0,690.0,820.0,547.0,693.0,652.0,745.0,685.0
307,665.0,752.0,743.0,794.0,653.0,801.0,553.0,752.0,769.0,530.0,552.0,819.0,888.0,645.0,673.0,573.0,513.0,632.0,769.0,595.0,705.0,513.0,499.0,588.0,563.0,576.0,605.0,573.0,626.0,690.0,724.0,547.0,693.0,652.0,745.0,616.0
308,665.0,752.0,743.0,794.0,653.0,770.0,553.0,752.0,769.0,530.0,552.0,819.0,888.0,645.0,673.0,573.0,513.0,591.0,769.0,595.0,705.0,513.0,499.0,588.0,563.0,576.0,605.0,573.0,626.0,758.0,724.0,547.0,693.0,652.0,745.0,616.0
309,665.0,752.0,743.0,794.0,657.0,770.0,553.0,752.0,769.0,530.0,580.0,819.0,888.0,645.0,673.0,573.0,524.0,591.0,769.0,595.0,705.0,513.0,628.0,588.0,563.0,576.0,605.0,573.0,747.0,758.0,724.0,547.0,693.0,652.0,796.0,616.0
310,665.0,752.0,743.0,722.0,657.0,770.0,553.0,752.0,769.0,543.0,580.0,819.0,888.0,645.0,673.0,590.0,524.0,591.0,769.0,595.0,705.0,561.0,628.0,588.0,563.0,576.0,605.0,680.0,747.0,758.0,724.0,547.0,693.0,749.0,796.0,616.0
311,665.0,752.0,743.0,722.0,657.0,770.0,553.0,752.0,697.0,543.0,580.0,819.0,888.0,645.0,673.0,590.0,524.0,591.0,769.0,595.0,722.0,561.0,628.0,588.0,563.0,576.0,605.0,680.0,747.0,758.0,724.0,547.0,718.0,749.0,796.0,616.0
312,665.0,752.0,776.0,722.0,657.0,770.0,553.0,790.0,697.0,543.0,580.0,819.0,888.0,645.0,782.0,590.0,524.0,591.0,769.0,610.0,722.0,561.0,628.0,588.0,563.0,576.0,766.0,680.0,747.0,758.0,724.0,521.0,718.0,749.0,796.0,616.0
313,665.0,687.0,776.0,722.0,657.0,770.0,553.0,790.0,697.0,543.0,580.0,819.0,888.0,709.0,782.0,590.0,524.0,591.0,769.0,610.0,722.0,561.0,628.0,588.0,563.0,675.0,766.0,680.0,747.0,758.0,724.0,521.0,718.0,749.0,796.0,616.0
314,751.0,687.0,776.0,722.0,657.0,770.0,635.0,790.0,697.0,543.0,580.0,817.0,952.0,709.0,782.0,590.0,524.0,591.0,777.0,610.0,722.0,561.0,628.0,656.0,634.0,675.0,766.0,680.0,747.0,758.0,693.0,521.0,718.0,749.0,796.0,648.0
315,751.0,687.0,776.0,722.0,657.0,739.0,635.0,790.0,697.0,543.0,580.0,817.0,952.0,709.0,782.0,590.0,524.0,594.0,777.0,610.0,722.0,561.0,628.0,656.0,634.0,675.0,766.0,680.0,747.0,688.0,693.0,521.0,718.0,749.0,796.0,648.0
316,751.0,687.0,776.0,722.0,681.0,739.0,635.0,790.0,697.0,543.0,597.0,817.0,952.0,709.0,782.0,590.0,554.0,594.0,777.0,610.0,722.0,561.0,628.0,656.0,634.0,675.0,766.0,680.0,766.0,688.0,693.0,521.0,718.0,749.0,786.0,648.0
317,751.0,687.0,776.0,632.0,681.0,739.0,635.0,790.0,697.0,650.0,597.0,817.0,952.0,709.0,782.0,671.0,554.0,594.0,777.0,610.0,722.0,724.0,628.0,656.0,634.0,675.0,766.0,626.0,766.0,688.0,693.0,521.0,718.0,803.0,786.0,648.0
318,751.0,687.0,776.0,632.0,681.0,739.0,635.0,790.0,649.0,650.0,597.0,817.0,952.0,709.0,782.0,671.0,554.0,594.0,777.0,610.0,785.0,724.0,628.0,656.0,634.0,675.0,766.0,626.0,766.0,688.0,693.0,521.0,664.0,803.0,786.0,648.0
319,751.0,687.0,779.0,632.0,681.0,739.0,635.0,747.0,649.0,650.0,597.0,817.0,952.0,709.0,812.0,671.0,554.0,594.0,777.0,725.0,785.0,724.0,628.0,656.0,634.0,675.0,749.0,626.0,766.0,688.0,693.0,613.0,664.0,803.0,786.0,648.0
320,751.0,687.0,779.0,632.0,681.0,739.0,635.0,747.0,649.0,650.0,597.0,817.0,952.0,721.0,812.0,671.0,554.0,594.0,777.0,725.0,785.0,724.0,628.0,656.0,634.0,666.0,749.0,626.0,766.0,688.0,693.0,613.0,664.0,803.0,786.0,648.0
321,737.0,687.0,779.0,632.0,681.0,739.0,671.0,747.0,649.0,650.0,597.0,931.0,933.0,721.0,812.0,671.0,554.0,594.0,689.0,725.0,785.0,724.0,628.0,719.0,637.0,666.0,749.0,626.0,766.0,688.0,692.0,613.0,664.0,803.0,786.0,621.0
322,737.0,687.0,779.0,632.0,681.0,663.0,671.0,747.0,649.0,650.0,597.0,931.0,933.0,721.0,812.0,671.0,554.0,716.0,689.0,725.0,785.0,724.0,628.0,719.0,637.0,666.0,749.0,626.0,766.0,649.0,692.0,613.0,664.0,803.0,786.0,621.0
323,737.0,687.0,779.0,632.0,640.0,663.0,671.0,747.0,649.0,650.0,664.0,931.0,933.0,721.0,812.0,671.0,641.0,716.0,689.0,725.0,785.0,724.0,695.0,719.0,637.0,666.0,749.0,626.0,735.0,649.0,692.0,613.0,664.0,803.0,788.0,621.0
324,737.0,687.0,779.0,649.0,640.0,663.0,671.0,747.0,649.0,736.0,664.0,931.0,933.0,721.0,812.0,800.0,641.0,716.0,689.0,725.0,785.0,775.0,695.0,719.0,637.0,666.0,749.0,658.0,735.0,649.0,692.0,613.0,664.0,766.0,788.0,621.0
325,737.0,687.0,779.0,649.0,640.0,663.0,671.0,747.0,526.0,736.0,664.0,931.0,933.0,721.0,812.0,800.0,641.0,716.0,689.0,725.0,750.0,775.0,695.0,719.0,637.0,666.0,749.0,658.0,735.0,649.0,692.0,613.0,704.0,766.0,788.0,621.0
326,737.0,687.0,735.0,649.0,640.0,663.0,671.0,694.0,526.0,736.0,664.0,931.0,933.0,721.0,821.0,800.0,641.0,716.0,689.0,724.0,750.0,775.0,695.0,719.0,637.0,666.0,656.0,658.0,735.0,649.0,692.0,717.0,704.0,766.0,788.0,621.0
327,737.0,684.0,735.0,649.0,640.0,663.0,671.0,694.0,526.0,736.0,664.0,931.0,933.0,698.0,821.0,800.0,641.0,716.0,689.0,724.0,750.0,775.0,695.0,719.0,637.0,637.0,656.0,658.0,735.0,649.0,692.0,717.0,704.0,766.0,788.0,621.0
328,661.0,684.0,735.0,649.0,640.0,663.0,688.0,694.0,526.0,736.0,664.0,905.0,870.0,698.0,821.0,800.0,641.0,716.0,609.0,724.0,750.0,775.0,695.0,702.0,550.0,637.0,656.0,658.0,735.0,649.0,702.0,717.0,704.0,766.0,788.0,632.0
329,661.0,684.0,735.0,649.0,640.0,603.0,688.0,694.0,526.0,736.0,664.0,905.0,870.0,698.0,821.0,800.0,641.0,710.0,609.0,724.0,750.0,775.0,695.0,702.0,550.0,637.0,656.0,658.0,735.0,671.0,702.0,717.0,704.0,766.0,788.0,632.0
330,661.0,684.0,735.0,649.0,691.0,603.0,688.0,694.0,526.0,736.0,664.0,905.0,870.0,698.0,821.0,800.0,693.0,710.0,609.0,724.0,750.0,775.0,674.0,702.0,550.0,637.0,656.0,658.0,588.0,671.0,702.0,717.0,704.0,766.0,740.0,632.0
331,661.0,684.0,735.0,636.0,691.0,603.0,688.0,694.0,526.0,677.0,664.0,905.0,870.0,698.0,821.0,697.0,693.0,710.0,609.0,724.0,750.0,765.0,674.0,702.0,550.0,637.0,656.0,684.0,588.0,671.0,702.0,717.0,704.0,693.0,740.0,632.0
332,661.0,684.0,735.0,636.0,691.0,603.0,688.0,694.0,441.0,677.0,664.0,905.0,870.0,698.0,821.0,697.0,693.0,710.0,609.0,724.0,664.0,765.0,674.0,702.0,550.0,637.0,656.0,684.0,588.0,671.0,702.0,717.0,704.0,693.0,740.0,632.0
333,661.0,684.0,691.0,636.0,691.0,603.0,688.0,677.0,441.0,677.0,664.0,905.0,870.0,698.0,810.0,697.0,693.0,710.0,609.0,690.0,664.0,765.0,674.0,702.0,550.0,637.0,682.0,684.0,588.0,671.0,702.0,688.0,704.0,693.0,740.0,632.0
334,661.0,592.0,691.0,636.0,691.0,603.0,688.0,677.0,441.0,677.0,664.0,905.0,870.0,668.0,810.0,697.0,693.0,710.0,609.0,690.0,664.0,765.0,674.0,702.0,550.0,640.0,682.0,684.0,588.0,671.0,702.0,688.0,704.0,693.0,740.0,632.0
335,653.0,592.0,691.0,636.0,691.0,603.0,683.0,677.0,441.0,677.0,664.0,901.0,870.0,668.0,810.0,697.0,693.0,710.0,472.0,690.0,664.0,765.0,674.0,704.0,582.0,640.0,682.0,684.0,588.0,671.0,692.0,688.0,704.0,693.0,740.0,592.0
336,653.0,592.0,691.0,636.0,691.0,613.0,683.0,677.0,441.0,677.0,664.0,901.0,870.0,668.0,810.0,697.0,693.0,719.0,472.0,690.0,664.0,765.0,674.0,704.0,582.0,640.0,682.0,684.0,588.0,612.0,692.0,688.0,704.0,693.0,740.0,592.0
337,653.0,592.0,691.0,636.0,634.0,613.0,683.0,677.0,441.0,677.0,624.0,901.0,870.0,668.0,810.0,697.0,652.0,719.0,472.0,690.0,664.0,765.0,659.0,704.0,582.0,640.0,682.0,684.0,577.0,612.0,692.0,688.0,704.0,693.0,751.0,592.0
338,653.0,592.0,691.0,649.0,634.0,613.0,683.0,677.0,441.0,669.0,624.0,901.0,870.0,668.0,810.0,645.0,652.0,719.0,472.0,690.0,664.0,724.0,659.0,704.0,582.0,640.0,682.0,664.0,577.0,612.0,692.0,688.0,704.0,676.0,751.0,592.0
339,653.0,592.0,691.0,649.0,634.0,613.0,683.0,677.0,390.0,669.0,624.0,901.0,870.0,668.0,810.0,645.0,652.0,719.0,472.0,690.0,642.0,724.0,659.0,704.0,582.0,640.0,682.0,664.0,577.0,612.0,692.0,688.0,650.0,676.0,751.0,592.0
340,653.0,592.0,697.0,649.0,634.0,613.0,683.0,639.0,390.0,669.0,624.0,901.0,870.0,668.0,792.0,645.0,652.0,719.0,472.0,685.0,642.0,724.0,659.0,704.0,582.0,640.0,685.0,664.0,577.0,612.0,692.0,666.0,650.0,676.0,751.0,592.0
341,653.0,680.0,697.0,649.0,634.0,613.0,683.0,639.0,390.0,669.0,624.0,901.0,870.0,676.0,792.0,645.0,652.0,719.0,472.0,685.0,642.0,724.0,659.0,704.0,582.0,656.0,685.0,664.0,577.0,612.0,692.0,666.0,650.0,676.0,751.0,592.0
342,592.0,680.0,697.0,649.0,634.0,613.0,675.0,639.0,390.0,669.0,624.0,787.0,715.0,676.0,792.0,645.0,652.0,719.0,363.0,685.0,642.0,724.0,659.0,675.0,557.0,656.0,685.0,664.0,577.0,612.0,684.0,666.0,650.0,676.0,751.0,606.0
343,592.0,680.0,697.0,649.0,634.0,666.0,675.0,639.0,390.0,669.0,624.0,787.0,715.0,676.0,792.0,645.0,652.0,661.0,363.0,685.0,642.0,724.0,659.0,675.0,557.0,656.0,685.0,664.0,577.0,500.0,684.0,666.0,650.0,676.0,751.0,606.0
344,592.0,680.0,697.0,649.0,639.0,666.0,675.0,639.0,390.0,669.0,595.0,787.0,715.0,676.0,792.0,645.0,656.0,661.0,363.0,685.0,642.0,724.0,646.0,675.0,557.0,656.0,685.0,664.0,524.0,500.0,684.0,666.0,650.0,676.0,708.0,606.0
345,592.0,680.0,697.0,587.0,639.0,666.0,675.0,639.0,390.0,635.0,595.0,787.0,715.0,676.0,792.0,659.0,656.0,661.0,363.0,685.0,642.0,675.0,646.0,675.0,557.0,656.0,685.0,622.0,524.0,500.0,684.0,666.0,650.0,700.0,708.0,606.0
346,592.0,680.0,697.0,587.0,639.0,666.0,675.0,639.0,466.0,635.0,595.0,787.0,715.0,676.0,792.0,659.0,656.0,661.0,363.0,685.0,658.0,675.0,646.0,675.0,557.0,656.0,685.0,622.0,524.0,500.0,684.0,666.0,626.0,700.0,708.0,606.0
347,592.0,680.0,670.0,587.0,639.0,666.0,675.0,671.0,466.0,635.0,595.0,787.0,715.0,676.0,727.0,659.0,656.0,661.0,363.0,725.0,658.0,675.0,646.0,675.0,557.0,656.0,703.0,622.0,524.0,500.0,684.0,654.0,626.0,700.0,708.0,606.0
348,592.0,642.0,670.0,587.0,639.0,666.0,675.0,671.0,466.0,635.0,595.0,787.0,715.0,696.0,727.0,659.0,656.0,661.0,363.0,725.0,658.0,675.0,646.0,675.0,557.0,715.0,703.0,622.0,524.0,500.0,684.0,654.0,626.0,700.0,708.0,606.0
349,488.0,642.0,670.0,587.0,639.0,666.0,708.0,671.0,466.0,635.0,595.0,656.0,656.0,696.0,727.0,659.0,656.0,661.0,322.0,725.0,658.0,675.0,646.0,653.0,589.0,715.0,703.0,622.0,524.0,500.0,682.0,654.0,626.0,700.0,708.0,634.0
350,488.0,642.0,670.0,587.0,639.0,707.0,708.0,671.0,466.0,635.0,595.0,656.0,656.0,696.0,727.0,659.0,656.0,660.0,322.0,725.0,658.0,675.0,646.0,653.0,589.0,715.0,703.0,622.0,524.0,496.0,682.0,654.0,626.0,700.0,708.0,634.0
351,488.0,642.0,670.0,587.0,604.0,707.0,708.0,671.0,466.0,635.0,578.0,656.0,656.0,696.0,727.0,659.0,644.0,660.0,322.0,725.0,658.0,675.0,647.0,653.0,589.0,715.0,703.0,622.0,454.0,496.0,682.0,654.0,626.0,700.0,677.0,634.0
352,488.0,642.0,670.0,531.0,604.0,707.0,708.0,671.0,466.0,683.0,578.0,656.0,656.0,696.0,727.0,682.0,644.0,660.0,322.0,725.0,658.0,701.0,647.0,653.0,589.0,715.0,703.0,642.0,454.0,496.0,682.0,654.0,626.0,697.0,677.0,634.0
353,488.0,642.0,670.0,531.0,604.0,707.0,708.0,671.0,601.0,683.0,578.0,656.0,656.0,696.0,727.0,682.0,644.0,660.0,322.0,725.0,675.0,701.0,647.0,653.0,589.0,715.0,703.0,642.0,454.0,496.0,682.0,654.0,682.0,697.0,677.0,634.0
354,488.0,642.0,712.0,531.0,604.0,707.0,708.0,704.0,601.0,683.0,578.0,656.0,656.0,696.0,759.0,682.0,644.0,660.0,322.0,706.0,675.0,701.0,647.0,653.0,589.0,715.0,694.0,642.0,454.0,496.0,682.0,632.0,682.0,697.0,677.0,634.0
355,488.0,476.0,712.0,531.0,604.0,707.0,708.0,704.0,601.0,683.0,578.0,656.0,656.0,672.0,759.0,682.0,644.0,660.0,322.0,706.0,675.0,701.0,647.0,653.0,589.0,727.0,694.0,642.0,454.0,496.0,682.0,632.0,682.0,697.0,677.0,634.0
356,389.0,476.0,712.0,531.0,604.0,707.0,641.0,704.0,601.0,683.0,578.0,622.0,578.0,672.0,759.0,682.0,644.0,660.0,302.0,706.0,675.0,701.0,647.0,664.0,653.0,727.0,694.0,642.0,454.0,496.0,639.0,632.0,682.0,697.0,677.0,663.0
357,389.0,476.0,712.0,531.0,604.0,684.0,641.0,704.0,601.0,683.0,578.0,622.0,578.0,672.0,759.0,682.0,644.0,657.0,302.0,706.0,675.0,701.0,647.0,664.0,653.0,727.0,694.0,642.0,454.0,526.0,639.0,632.0,682.0,697.0,677.0,663.0
358,389.0,476.0,712.0,531.0,591.0,684.0,641.0,704.0,601.0,683.0,535.0,622.0,578.0,672.0,759.0,682.0,639.0,657.0,302.0,706.0,675.0,701.0,639.0,664.0,653.0,727.0,694.0,642.0,535.0,526.0,639.0,632.0,682.0,697.0,692.0,663.0
359,389.0,476.0,712.0,377.0,591.0,684.0,641.0,704.0,601.0,735.0,535.0,622.0,578.0,672.0,759.0,700.0,639.0,657.0,302.0,706.0,675.0,705.0,639.0,664.0,653.0,727.0,694.0,686.0,535.0,526.0,639.0,632.0,682.0,725.0,692.0,663.0
360,389.0,476.0,712.0,377.0,591.0,684.0,641.0,704.0,605.0,735.0,535.0,622.0,578.0,672.0,759.0,700.0,639.0,657.0,302.0,706.0,677.0,705.0,639.0,664.0,653.0,727.0,694.0,686.0,535.0,526.0,639.0,632.0,681.0,725.0,692.0,663.0
361,389.0,476.0,703.0,377.0,591.0,684.0,641.0,746.0,605.0,735.0,535.0,622.0,578.0,672.0,719.0,700.0,639.0,657.0,302.0,600.0,677.0,705.0,639.0,664.0,653.0,727.0,681.0,686.0,535.0,526.0,639.0,629.0,681.0,725.0,692.0,663.0
362,389.0,394.0,703.0,377.0,591.0,684.0,641.0,746.0,605.0,735.0,535.0,622.0,578.0,715.0,719.0,700.0,639.0,657.0,302.0,600.0,677.0,705.0,639.0,664.0,653.0,733.0,681.0,686.0,535.0,526.0,639.0,629.0,681.0,725.0,692.0,663.0
363,393.0,394.0,703.0,377.0,591.0,684.0,645.0,746.0,605.0,735.0,535.0,640.0,511.0,715.0,719.0,700.0,639.0,657.0,379.0,600.0,677.0,705.0,639.0,685.0,646.0,733.0,681.0,686.0,535.0,526.0,624.0,629.0,681.0,725.0,692.0,636.0
364,393.0,394.0,703.0,377.0,591.0,622.0,645.0,746.0,605.0,735.0,535.0,640.0,511.0,715.0,719.0,700.0,639.0,583.0,379.0,600.0,677.0,705.0,639.0,685.0,646.0,733.0,681.0,686.0,535.0,598.0,624.0,629.0,681.0,725.0,692.0,636.0
365,393.0,394.0,703.0,377.0,582.0,622.0,645.0,746.0,605.0,735.0,608.0,640.0,511.0,715.0,719.0,700.0,661.0,583.0,379.0,600.0,677.0,705.0,674.0,685.0,646.0,733.0,681.0,686.0,589.0,598.0,624.0,629.0,681.0,725.0,670.0,636.0
