id,asset,year,rep_period,time_block_start,time_block_end,dual_max_output_flows_limit_simple_method
1,ccgt,2030,1,1,1,0.0
2,ccgt,2030,1,2,2,0.0
3,ccgt,2030,1,3,3,0.0
4,ccgt,2030,1,4,4,0.0
5,ccgt,2030,1,5,5,0.0
6,ccgt,2030,1,6,6,0.0
7,ccgt,2030,1,7,7,0.0
8,ccgt,2030,1,8,8,0.0
9,ccgt,2030,1,9,9,0.0
10,ccgt,2030,1,10,10,0.0
11,ccgt,2030,1,11,11,0.0
12,ccgt,2030,1,12,12,0.0
13,ccgt,2030,1,13,13,0.0
14,ccgt,2030,1,14,14,0.0
15,ccgt,2030,1,15,15,0.0
16,ccgt,2030,1,16,16,0.0
17,ccgt,2030,1,17,17,0.0
18,ccgt,2030,1,18,18,0.0
19,ccgt,2030,1,19,19,0.0
20,ccgt,2030,1,20,20,0.0
21,ccgt,2030,1,21,21,0.0
22,ccgt,2030,1,22,22,0.0
23,ccgt,2030,1,23,23,0.0
24,ccgt,2030,1,24,24,0.0
25,ccgt,2030,2,1,1,0.0
26,ccgt,2030,2,2,2,0.0
27,ccgt,2030,2,3,3,0.0
28,ccgt,2030,2,4,4,0.0
29,ccgt,2030,2,5,5,0.0
30,ccgt,2030,2,6,6,0.0
31,ccgt,2030,2,7,7,0.0
32,ccgt,2030,2,8,8,0.0
33,ccgt,2030,2,9,9,0.0
34,ccgt,2030,2,10,10,0.0
35,ccgt,2030,2,11,11,0.0
36,ccgt,2030,2,12,12,0.0
37,ccgt,2030,2,13,13,0.0
38,ccgt,2030,2,14,14,0.0
39,ccgt,2030,2,15,15,0.0
40,ccgt,2030,2,16,16,0.0
41,ccgt,2030,2,17,17,0.0
42,ccgt,2030,2,18,18,0.0
43,ccgt,2030,2,19,19,0.0
44,ccgt,2030,2,20,20,0.0
45,ccgt,2030,2,21,21,0.0
46,ccgt,2030,2,22,22,0.0
47,ccgt,2030,2,23,23,0.0
48,ccgt,2030,2,24,24,0.0
49,ccgt,2030,3,1,1,0.0
50,ccgt,2030,3,2,2,0.0
51,ccgt,2030,3,3,3,0.0
52,ccgt,2030,3,4,4,0.0
53,ccgt,2030,3,5,5,0.0
54,ccgt,2030,3,6,6,0.0
55,ccgt,2030,3,7,7,0.0
56,ccgt,2030,3,8,8,0.0
57,ccgt,2030,3,9,9,-0.1185333114060351
58,ccgt,2030,3,10,10,-0.34499092828682054
59,ccgt,2030,3,11,11,-0.34499092828682054
60,ccgt,2030,3,12,12,-0.34499092828682054
61,ccgt,2030,3,13,13,-0.34499092828682054
62,ccgt,2030,3,14,14,-0.34499092828682054
63,ccgt,2030,3,15,15,-0.34499092828682054
64,ccgt,2030,3,16,16,-0.34499092828682054
65,ccgt,2030,3,17,17,-0.34499092828682054
66,ccgt,2030,3,18,18,-0.34499092828682054
67,ccgt,2030,3,19,19,-0.34499092828682054
68,ccgt,2030,3,20,20,-0.34499092828682054
69,ccgt,2030,3,21,21,-103.55080486050504
70,ccgt,2030,3,22,22,-0.34499092828682054
71,ccgt,2030,3,23,23,-0.34499092828682054
72,ccgt,2030,3,24,24,-0.34499092828682054
73,ccgt,2030,4,1,1,0.0
74,ccgt,2030,4,2,2,0.0
75,ccgt,2030,4,3,3,0.0
76,ccgt,2030,4,4,4,0.0
77,ccgt,2030,4,5,5,0.0
78,ccgt,2030,4,6,6,0.0
79,ccgt,2030,4,7,7,0.0
80,ccgt,2030,4,8,8,0.0
81,ccgt,2030,4,9,9,0.0
82,ccgt,2030,4,10,10,0.0
83,ccgt,2030,4,11,11,0.0
84,ccgt,2030,4,12,12,0.0
85,ccgt,2030,4,13,13,0.0
86,ccgt,2030,4,14,14,0.0
87,ccgt,2030,4,15,15,0.0
88,ccgt,2030,4,16,16,0.0
89,ccgt,2030,4,17,17,0.0
90,ccgt,2030,4,18,18,0.0
91,ccgt,2030,4,19,19,0.0
92,ccgt,2030,4,20,20,0.0
93,ccgt,2030,4,21,21,0.0
94,ccgt,2030,4,22,22,0.0
95,ccgt,2030,4,23,23,0.0
96,ccgt,2030,4,24,24,0.0
97,ccgt,2030,5,1,1,0.0
98,ccgt,2030,5,2,2,0.0
99,ccgt,2030,5,3,3,0.0
100,ccgt,2030,5,4,4,0.0
101,ccgt,2030,5,5,5,0.0
102,ccgt,2030,5,6,6,0.0
103,ccgt,2030,5,7,7,0.0
104,ccgt,2030,5,8,8,0.0
105,ccgt,2030,5,9,9,0.0
106,ccgt,2030,5,10,10,0.0
107,ccgt,2030,5,11,11,0.0
108,ccgt,2030,5,12,12,0.0
109,ccgt,2030,5,13,13,0.0
110,ccgt,2030,5,14,14,0.0
111,ccgt,2030,5,15,15,0.0
112,ccgt,2030,5,16,16,0.0
113,ccgt,2030,5,17,17,0.0
114,ccgt,2030,5,18,18,0.0
115,ccgt,2030,5,19,19,0.0
116,ccgt,2030,5,20,20,0.0
117,ccgt,2030,5,21,21,0.0
118,ccgt,2030,5,22,22,0.0
119,ccgt,2030,5,23,23,0.0
120,ccgt,2030,5,24,24,0.0
121,ccgt,2030,6,1,1,0.0
122,ccgt,2030,6,2,2,0.0
123,ccgt,2030,6,3,3,0.0
124,ccgt,2030,6,4,4,0.0
125,ccgt,2030,6,5,5,0.0
126,ccgt,2030,6,6,6,0.0
127,ccgt,2030,6,7,7,0.0
128,ccgt,2030,6,8,8,0.0
129,ccgt,2030,6,9,9,0.0
130,ccgt,2030,6,10,10,0.0
131,ccgt,2030,6,11,11,0.0
132,ccgt,2030,6,12,12,0.0
133,ccgt,2030,6,13,13,0.0
134,ccgt,2030,6,14,14,0.0
135,ccgt,2030,6,15,15,0.0
136,ccgt,2030,6,16,16,0.0
137,ccgt,2030,6,17,17,0.0
138,ccgt,2030,6,18,18,0.0
139,ccgt,2030,6,19,19,0.0
140,ccgt,2030,6,20,20,0.0
141,ccgt,2030,6,21,21,0.0
142,ccgt,2030,6,22,22,0.0
143,ccgt,2030,6,23,23,0.0
144,ccgt,2030,6,24,24,0.0
145,ccgt,2030,7,1,1,0.0
146,ccgt,2030,7,2,2,0.0
147,ccgt,2030,7,3,3,0.0
148,ccgt,2030,7,4,4,0.0
149,ccgt,2030,7,5,5,0.0
150,ccgt,2030,7,6,6,0.0
151,ccgt,2030,7,7,7,0.0
152,ccgt,2030,7,8,8,0.0
153,ccgt,2030,7,9,9,0.0
154,ccgt,2030,7,10,10,0.0
155,ccgt,2030,7,11,11,0.0
156,ccgt,2030,7,12,12,0.0
157,ccgt,2030,7,13,13,0.0
158,ccgt,2030,7,14,14,0.0
159,ccgt,2030,7,15,15,0.0
160,ccgt,2030,7,16,16,0.0
161,ccgt,2030,7,17,17,0.0
162,ccgt,2030,7,18,18,0.0
163,ccgt,2030,7,19,19,0.0
164,ccgt,2030,7,20,20,0.0
165,ccgt,2030,7,21,21,0.0
166,ccgt,2030,7,22,22,0.0
167,ccgt,2030,7,23,23,0.0
168,ccgt,2030,7,24,24,0.0
169,ccgt,2030,8,1,1,0.0
170,ccgt,2030,8,2,2,0.0
171,ccgt,2030,8,3,3,0.0
172,ccgt,2030,8,4,4,0.0
173,ccgt,2030,8,5,5,0.0
174,ccgt,2030,8,6,6,0.0
175,ccgt,2030,8,7,7,0.0
176,ccgt,2030,8,8,8,0.0
177,ccgt,2030,8,9,9,0.0
178,ccgt,2030,8,10,10,0.0
179,ccgt,2030,8,11,11,0.0
180,ccgt,2030,8,12,12,0.0
181,ccgt,2030,8,13,13,0.0
182,ccgt,2030,8,14,14,0.0
183,ccgt,2030,8,15,15,0.0
184,ccgt,2030,8,16,16,0.0
185,ccgt,2030,8,17,17,0.0
186,ccgt,2030,8,18,18,0.0
187,ccgt,2030,8,19,19,-0.5644516032735976
188,ccgt,2030,8,20,20,0.0
189,ccgt,2030,8,21,21,0.0
190,ccgt,2030,8,22,22,0.0
191,ccgt,2030,8,23,23,0.0
192,ccgt,2030,8,24,24,0.0
193,ccgt,2030,9,1,1,0.0
194,ccgt,2030,9,2,2,0.0
195,ccgt,2030,9,3,3,0.0
196,ccgt,2030,9,4,4,0.0
197,ccgt,2030,9,5,5,0.0
198,ccgt,2030,9,6,6,0.0
199,ccgt,2030,9,7,7,0.0
200,ccgt,2030,9,8,8,0.0
201,ccgt,2030,9,9,9,0.0
202,ccgt,2030,9,10,10,0.0
203,ccgt,2030,9,11,11,0.0
204,ccgt,2030,9,12,12,0.0
205,ccgt,2030,9,13,13,0.0
206,ccgt,2030,9,14,14,0.0
207,ccgt,2030,9,15,15,0.0
208,ccgt,2030,9,16,16,0.0
209,ccgt,2030,9,17,17,0.0
210,ccgt,2030,9,18,18,0.0
211,ccgt,2030,9,19,19,0.0
212,ccgt,2030,9,20,20,0.0
213,ccgt,2030,9,21,21,0.0
214,ccgt,2030,9,22,22,0.0
215,ccgt,2030,9,23,23,0.0
216,ccgt,2030,9,24,24,0.0
217,ccgt,2030,10,1,1,0.0
218,ccgt,2030,10,2,2,0.0
219,ccgt,2030,10,3,3,0.0
220,ccgt,2030,10,4,4,0.0
221,ccgt,2030,10,5,5,0.0
222,ccgt,2030,10,6,6,0.0
223,ccgt,2030,10,7,7,0.0
224,ccgt,2030,10,8,8,0.0
225,ccgt,2030,10,9,9,0.0
226,ccgt,2030,10,10,10,0.0
227,ccgt,2030,10,11,11,0.0
228,ccgt,2030,10,12,12,0.0
229,ccgt,2030,10,13,13,0.0
230,ccgt,2030,10,14,14,0.0
231,ccgt,2030,10,15,15,0.0
232,ccgt,2030,10,16,16,0.0
233,ccgt,2030,10,17,17,0.0
234,ccgt,2030,10,18,18,0.0
235,ccgt,2030,10,19,19,0.0
236,ccgt,2030,10,20,20,0.0
237,ccgt,2030,10,21,21,0.0
238,ccgt,2030,10,22,22,0.0
239,ccgt,2030,10,23,23,0.0
240,ccgt,2030,10,24,24,0.0
241,ccgt,2030,11,1,1,0.0
242,ccgt,2030,11,2,2,0.0
243,ccgt,2030,11,3,3,0.0
244,ccgt,2030,11,4,4,0.0
245,ccgt,2030,11,5,5,0.0
246,ccgt,2030,11,6,6,0.0
247,ccgt,2030,11,7,7,0.0
248,ccgt,2030,11,8,8,0.0
249,ccgt,2030,11,9,9,0.0
250,ccgt,2030,11,10,10,0.0
251,ccgt,2030,11,11,11,0.0
252,ccgt,2030,11,12,12,0.0
253,ccgt,2030,11,13,13,0.0
254,ccgt,2030,11,14,14,0.0
255,ccgt,2030,11,15,15,0.0
256,ccgt,2030,11,16,16,0.0
257,ccgt,2030,11,17,17,0.0
258,ccgt,2030,11,18,18,0.0
259,ccgt,2030,11,19,19,0.0
260,ccgt,2030,11,20,20,0.0
261,ccgt,2030,11,21,21,0.0
262,ccgt,2030,11,22,22,0.0
263,ccgt,2030,11,23,23,0.0
264,ccgt,2030,11,24,24,0.0
265,ccgt,2030,12,1,1,0.0
266,ccgt,2030,12,2,2,0.0
267,ccgt,2030,12,3,3,0.0
268,ccgt,2030,12,4,4,0.0
269,ccgt,2030,12,5,5,0.0
270,ccgt,2030,12,6,6,0.0
271,ccgt,2030,12,7,7,0.0
272,ccgt,2030,12,8,8,0.0
273,ccgt,2030,12,9,9,0.0
274,ccgt,2030,12,10,10,0.0
275,ccgt,2030,12,11,11,0.0
276,ccgt,2030,12,12,12,0.0
277,ccgt,2030,12,13,13,0.0
278,ccgt,2030,12,14,14,0.0
279,ccgt,2030,12,15,15,0.0
280,ccgt,2030,12,16,16,0.0
281,ccgt,2030,12,17,17,0.0
282,ccgt,2030,12,18,18,0.0
283,ccgt,2030,12,19,19,0.0
284,ccgt,2030,12,20,20,0.0
285,ccgt,2030,12,21,21,0.0
286,ccgt,2030,12,22,22,0.0
287,ccgt,2030,12,23,23,0.0
288,ccgt,2030,12,24,24,0.0
289,ccgt,2030,13,1,1,0.0
290,ccgt,2030,13,2,2,0.0
291,ccgt,2030,13,3,3,0.0
292,ccgt,2030,13,4,4,0.0
293,ccgt,2030,13,5,5,0.0
294,ccgt,2030,13,6,6,0.0
295,ccgt,2030,13,7,7,0.0
296,ccgt,2030,13,8,8,0.0
297,ccgt,2030,13,9,9,0.0
298,ccgt,2030,13,10,10,0.0
299,ccgt,2030,13,11,11,0.0
300,ccgt,2030,13,12,12,0.0
301,ccgt,2030,13,13,13,0.0
302,ccgt,2030,13,14,14,0.0
303,ccgt,2030,13,15,15,0.0
304,ccgt,2030,13,16,16,0.0
305,ccgt,2030,13,17,17,0.0
306,ccgt,2030,13,18,18,0.0
307,ccgt,2030,13,19,19,0.0
308,ccgt,2030,13,20,20,0.0
309,ccgt,2030,13,21,21,0.0
310,ccgt,2030,13,22,22,0.0
311,ccgt,2030,13,23,23,0.0
312,ccgt,2030,13,24,24,0.0
313,ccgt,2030,14,1,1,0.0
314,ccgt,2030,14,2,2,0.0
315,ccgt,2030,14,3,3,0.0
316,ccgt,2030,14,4,4,0.0
317,ccgt,2030,14,5,5,0.0
318,ccgt,2030,14,6,6,0.0
319,ccgt,2030,14,7,7,0.0
320,ccgt,2030,14,8,8,0.0
321,ccgt,2030,14,9,9,0.0
322,ccgt,2030,14,10,10,0.0
323,ccgt,2030,14,11,11,0.0
324,ccgt,2030,14,12,12,0.0
325,ccgt,2030,14,13,13,0.0
326,ccgt,2030,14,14,14,0.0
327,ccgt,2030,14,15,15,0.0
328,ccgt,2030,14,16,16,0.0
329,ccgt,2030,14,17,17,0.0
330,ccgt,2030,14,18,18,0.0
331,ccgt,2030,14,19,19,0.0
332,ccgt,2030,14,20,20,0.0
333,ccgt,2030,14,21,21,0.0
334,ccgt,2030,14,22,22,0.0
335,ccgt,2030,14,23,23,0.0
336,ccgt,2030,14,24,24,0.0
337,ccgt,2030,15,1,1,0.0
338,ccgt,2030,15,2,2,0.0
339,ccgt,2030,15,3,3,0.0
340,ccgt,2030,15,4,4,0.0
341,ccgt,2030,15,5,5,0.0
342,ccgt,2030,15,6,6,0.0
343,ccgt,2030,15,7,7,0.0
344,ccgt,2030,15,8,8,0.0
345,ccgt,2030,15,9,9,0.0
346,ccgt,2030,15,10,10,0.0
347,ccgt,2030,15,11,11,0.0
348,ccgt,2030,15,12,12,0.0
349,ccgt,2030,15,13,13,0.0
350,ccgt,2030,15,14,14,0.0
351,ccgt,2030,15,15,15,0.0
352,ccgt,2030,15,16,16,0.0
353,ccgt,2030,15,17,17,0.0
354,ccgt,2030,15,18,18,0.0
355,ccgt,2030,15,19,19,0.0
356,ccgt,2030,15,20,20,0.0
357,ccgt,2030,15,21,21,0.0
358,ccgt,2030,15,22,22,0.0
359,ccgt,2030,15,23,23,0.0
360,ccgt,2030,15,24,24,0.0
361,ccgt,2030,16,1,1,0.0
362,ccgt,2030,16,2,2,0.0
363,ccgt,2030,16,3,3,0.0
364,ccgt,2030,16,4,4,0.0
365,ccgt,2030,16,5,5,0.0
366,ccgt,2030,16,6,6,0.0
367,ccgt,2030,16,7,7,0.0
368,ccgt,2030,16,8,8,0.0
369,ccgt,2030,16,9,9,0.0
370,ccgt,2030,16,10,10,0.0
371,ccgt,2030,16,11,11,0.0
372,ccgt,2030,16,12,12,0.0
373,ccgt,2030,16,13,13,0.0
374,ccgt,2030,16,14,14,0.0
375,ccgt,2030,16,15,15,0.0
376,ccgt,2030,16,16,16,0.0
377,ccgt,2030,16,17,17,0.0
378,ccgt,2030,16,18,18,0.0
379,ccgt,2030,16,19,19,0.0
380,ccgt,2030,16,20,20,0.0
381,ccgt,2030,16,21,21,0.0
382,ccgt,2030,16,22,22,0.0
383,ccgt,2030,16,23,23,0.0
384,ccgt,2030,16,24,24,0.0
385,ens,2030,1,1,1,0.0
386,ens,2030,1,2,2,0.0
387,ens,2030,1,3,3,0.0
388,ens,2030,1,4,4,0.0
389,ens,2030,1,5,5,0.0
390,ens,2030,1,6,6,0.0
391,ens,2030,1,7,7,0.0
392,ens,2030,1,8,8,0.0
393,ens,2030,1,9,9,0.0
394,ens,2030,1,10,10,0.0
395,ens,2030,1,11,11,0.0
396,ens,2030,1,12,12,0.0
397,ens,2030,1,13,13,0.0
398,ens,2030,1,14,14,0.0
399,ens,2030,1,15,15,0.0
400,ens,2030,1,16,16,0.0
401,ens,2030,1,17,17,0.0
402,ens,2030,1,18,18,0.0
403,ens,2030,1,19,19,0.0
404,ens,2030,1,20,20,0.0
405,ens,2030,1,21,21,0.0
406,ens,2030,1,22,22,0.0
407,ens,2030,1,23,23,0.0
408,ens,2030,1,24,24,0.0
409,ens,2030,2,1,1,0.0
410,ens,2030,2,2,2,0.0
411,ens,2030,2,3,3,0.0
412,ens,2030,2,4,4,0.0
413,ens,2030,2,5,5,0.0
414,ens,2030,2,6,6,0.0
415,ens,2030,2,7,7,0.0
416,ens,2030,2,8,8,0.0
417,ens,2030,2,9,9,0.0
418,ens,2030,2,10,10,0.0
419,ens,2030,2,11,11,0.0
420,ens,2030,2,12,12,0.0
421,ens,2030,2,13,13,0.0
422,ens,2030,2,14,14,0.0
423,ens,2030,2,15,15,0.0
424,ens,2030,2,16,16,0.0
425,ens,2030,2,17,17,0.0
426,ens,2030,2,18,18,0.0
427,ens,2030,2,19,19,0.0
428,ens,2030,2,20,20,0.0
429,ens,2030,2,21,21,0.0
430,ens,2030,2,22,22,0.0
431,ens,2030,2,23,23,0.0
432,ens,2030,2,24,24,0.0
433,ens,2030,3,1,1,0.0
434,ens,2030,3,2,2,0.0
435,ens,2030,3,3,3,0.0
436,ens,2030,3,4,4,0.0
437,ens,2030,3,5,5,0.0
438,ens,2030,3,6,6,0.0
439,ens,2030,3,7,7,0.0
440,ens,2030,3,8,8,0.0
441,ens,2030,3,9,9,0.0
442,ens,2030,3,10,10,0.0
443,ens,2030,3,11,11,0.0
444,ens,2030,3,12,12,0.0
445,ens,2030,3,13,13,0.0
446,ens,2030,3,14,14,0.0
447,ens,2030,3,15,15,0.0
448,ens,2030,3,16,16,0.0
449,ens,2030,3,17,17,0.0
450,ens,2030,3,18,18,0.0
451,ens,2030,3,19,19,0.0
452,ens,2030,3,20,20,0.0
453,ens,2030,3,21,21,0.0
454,ens,2030,3,22,22,0.0
455,ens,2030,3,23,23,0.0
456,ens,2030,3,24,24,0.0
457,ens,2030,4,1,1,0.0
458,ens,2030,4,2,2,0.0
459,ens,2030,4,3,3,0.0
460,ens,2030,4,4,4,0.0
461,ens,2030,4,5,5,0.0
462,ens,2030,4,6,6,0.0
463,ens,2030,4,7,7,0.0
464,ens,2030,4,8,8,0.0
465,ens,2030,4,9,9,0.0
466,ens,2030,4,10,10,0.0
467,ens,2030,4,11,11,0.0
468,ens,2030,4,12,12,0.0
469,ens,2030,4,13,13,0.0
470,ens,2030,4,14,14,0.0
471,ens,2030,4,15,15,0.0
472,ens,2030,4,16,16,0.0
473,ens,2030,4,17,17,0.0
474,ens,2030,4,18,18,0.0
475,ens,2030,4,19,19,0.0
476,ens,2030,4,20,20,0.0
477,ens,2030,4,21,21,0.0
478,ens,2030,4,22,22,0.0
479,ens,2030,4,23,23,0.0
480,ens,2030,4,24,24,0.0
481,ens,2030,5,1,1,0.0
482,ens,2030,5,2,2,0.0
483,ens,2030,5,3,3,0.0
484,ens,2030,5,4,4,0.0
485,ens,2030,5,5,5,0.0
486,ens,2030,5,6,6,0.0
487,ens,2030,5,7,7,0.0
488,ens,2030,5,8,8,0.0
489,ens,2030,5,9,9,0.0
490,ens,2030,5,10,10,0.0
491,ens,2030,5,11,11,0.0
492,ens,2030,5,12,12,0.0
493,ens,2030,5,13,13,0.0
494,ens,2030,5,14,14,0.0
495,ens,2030,5,15,15,0.0
496,ens,2030,5,16,16,0.0
497,ens,2030,5,17,17,0.0
498,ens,2030,5,18,18,0.0
499,ens,2030,5,19,19,0.0
500,ens,2030,5,20,20,0.0
501,ens,2030,5,21,21,0.0
502,ens,2030,5,22,22,0.0
503,ens,2030,5,23,23,0.0
504,ens,2030,5,24,24,0.0
505,ens,2030,6,1,1,0.0
506,ens,2030,6,2,2,0.0
507,ens,2030,6,3,3,0.0
508,ens,2030,6,4,4,0.0
509,ens,2030,6,5,5,0.0
510,ens,2030,6,6,6,0.0
511,ens,2030,6,7,7,0.0
512,ens,2030,6,8,8,0.0
513,ens,2030,6,9,9,0.0
514,ens,2030,6,10,10,0.0
515,ens,2030,6,11,11,0.0
516,ens,2030,6,12,12,0.0
517,ens,2030,6,13,13,0.0
518,ens,2030,6,14,14,0.0
519,ens,2030,6,15,15,0.0
520,ens,2030,6,16,16,0.0
521,ens,2030,6,17,17,0.0
522,ens,2030,6,18,18,0.0
523,ens,2030,6,19,19,0.0
524,ens,2030,6,20,20,0.0
525,ens,2030,6,21,21,0.0
526,ens,2030,6,22,22,0.0
527,ens,2030,6,23,23,0.0
528,ens,2030,6,24,24,0.0
529,ens,2030,7,1,1,0.0
530,ens,2030,7,2,2,0.0
531,ens,2030,7,3,3,0.0
532,ens,2030,7,4,4,0.0
533,ens,2030,7,5,5,0.0
534,ens,2030,7,6,6,0.0
535,ens,2030,7,7,7,0.0
536,ens,2030,7,8,8,0.0
537,ens,2030,7,9,9,0.0
538,ens,2030,7,10,10,0.0
539,ens,2030,7,11,11,0.0
540,ens,2030,7,12,12,0.0
541,ens,2030,7,13,13,0.0
542,ens,2030,7,14,14,0.0
543,ens,2030,7,15,15,0.0
544,ens,2030,7,16,16,0.0
545,ens,2030,7,17,17,0.0
546,ens,2030,7,18,18,0.0
547,ens,2030,7,19,19,0.0
548,ens,2030,7,20,20,0.0
549,ens,2030,7,21,21,0.0
550,ens,2030,7,22,22,0.0
551,ens,2030,7,23,23,0.0
552,ens,2030,7,24,24,0.0
553,ens,2030,8,1,1,0.0
554,ens,2030,8,2,2,0.0
555,ens,2030,8,3,3,0.0
556,ens,2030,8,4,4,0.0
557,ens,2030,8,5,5,0.0
558,ens,2030,8,6,6,0.0
559,ens,2030,8,7,7,0.0
560,ens,2030,8,8,8,0.0
561,ens,2030,8,9,9,0.0
562,ens,2030,8,10,10,0.0
563,ens,2030,8,11,11,0.0
564,ens,2030,8,12,12,0.0
565,ens,2030,8,13,13,0.0
566,ens,2030,8,14,14,0.0
567,ens,2030,8,15,15,0.0
568,ens,2030,8,16,16,0.0
569,ens,2030,8,17,17,0.0
570,ens,2030,8,18,18,0.0
571,ens,2030,8,19,19,0.0
572,ens,2030,8,20,20,0.0
573,ens,2030,8,21,21,0.0
574,ens,2030,8,22,22,0.0
575,ens,2030,8,23,23,0.0
576,ens,2030,8,24,24,0.0
577,ens,2030,9,1,1,0.0
578,ens,2030,9,2,2,0.0
579,ens,2030,9,3,3,0.0
580,ens,2030,9,4,4,0.0
581,ens,2030,9,5,5,0.0
582,ens,2030,9,6,6,0.0
583,ens,2030,9,7,7,0.0
584,ens,2030,9,8,8,0.0
585,ens,2030,9,9,9,0.0
586,ens,2030,9,10,10,0.0
587,ens,2030,9,11,11,0.0
588,ens,2030,9,12,12,0.0
589,ens,2030,9,13,13,0.0
590,ens,2030,9,14,14,0.0
591,ens,2030,9,15,15,0.0
592,ens,2030,9,16,16,0.0
593,ens,2030,9,17,17,0.0
594,ens,2030,9,18,18,0.0
595,ens,2030,9,19,19,0.0
596,ens,2030,9,20,20,0.0
597,ens,2030,9,21,21,0.0
598,ens,2030,9,22,22,0.0
599,ens,2030,9,23,23,0.0
600,ens,2030,9,24,24,0.0
601,ens,2030,10,1,1,0.0
602,ens,2030,10,2,2,0.0
603,ens,2030,10,3,3,0.0
604,ens,2030,10,4,4,0.0
605,ens,2030,10,5,5,0.0
606,ens,2030,10,6,6,0.0
607,ens,2030,10,7,7,0.0
608,ens,2030,10,8,8,0.0
609,ens,2030,10,9,9,0.0
610,ens,2030,10,10,10,0.0
611,ens,2030,10,11,11,0.0
612,ens,2030,10,12,12,0.0
613,ens,2030,10,13,13,0.0
614,ens,2030,10,14,14,0.0
615,ens,2030,10,15,15,0.0
616,ens,2030,10,16,16,0.0
617,ens,2030,10,17,17,0.0
618,ens,2030,10,18,18,0.0
619,ens,2030,10,19,19,0.0
620,ens,2030,10,20,20,0.0
621,ens,2030,10,21,21,0.0
622,ens,2030,10,22,22,0.0
623,ens,2030,10,23,23,0.0
624,ens,2030,10,24,24,0.0
625,ens,2030,11,1,1,0.0
626,ens,2030,11,2,2,0.0
627,ens,2030,11,3,3,0.0
628,ens,2030,11,4,4,0.0
629,ens,2030,11,5,5,0.0
630,ens,2030,11,6,6,0.0
631,ens,2030,11,7,7,0.0
632,ens,2030,11,8,8,0.0
633,ens,2030,11,9,9,0.0
634,ens,2030,11,10,10,0.0
635,ens,2030,11,11,11,0.0
636,ens,2030,11,12,12,0.0
637,ens,2030,11,13,13,0.0
638,ens,2030,11,14,14,0.0
639,ens,2030,11,15,15,0.0
640,ens,2030,11,16,16,0.0
641,ens,2030,11,17,17,0.0
642,ens,2030,11,18,18,0.0
643,ens,2030,11,19,19,0.0
644,ens,2030,11,20,20,0.0
645,ens,2030,11,21,21,0.0
646,ens,2030,11,22,22,0.0
647,ens,2030,11,23,23,0.0
648,ens,2030,11,24,24,0.0
649,ens,2030,12,1,1,0.0
650,ens,2030,12,2,2,0.0
651,ens,2030,12,3,3,0.0
652,ens,2030,12,4,4,0.0
653,ens,2030,12,5,5,0.0
654,ens,2030,12,6,6,0.0
655,ens,2030,12,7,7,0.0
656,ens,2030,12,8,8,0.0
657,ens,2030,12,9,9,0.0
658,ens,2030,12,10,10,0.0
659,ens,2030,12,11,11,0.0
660,ens,2030,12,12,12,0.0
661,ens,2030,12,13,13,0.0
662,ens,2030,12,14,14,0.0
663,ens,2030,12,15,15,0.0
664,ens,2030,12,16,16,0.0
665,ens,2030,12,17,17,0.0
666,ens,2030,12,18,18,0.0
667,ens,2030,12,19,19,0.0
668,ens,2030,12,20,20,0.0
669,ens,2030,12,21,21,0.0
670,ens,2030,12,22,22,0.0
671,ens,2030,12,23,23,0.0
672,ens,2030,12,24,24,0.0
673,ens,2030,13,1,1,0.0
674,ens,2030,13,2,2,0.0
675,ens,2030,13,3,3,0.0
676,ens,2030,13,4,4,0.0
677,ens,2030,13,5,5,0.0
678,ens,2030,13,6,6,0.0
679,ens,2030,13,7,7,0.0
680,ens,2030,13,8,8,0.0
681,ens,2030,13,9,9,0.0
682,ens,2030,13,10,10,0.0
683,ens,2030,13,11,11,0.0
684,ens,2030,13,12,12,0.0
685,ens,2030,13,13,13,0.0
686,ens,2030,13,14,14,0.0
687,ens,2030,13,15,15,0.0
688,ens,2030,13,16,16,0.0
689,ens,2030,13,17,17,0.0
690,ens,2030,13,18,18,0.0
691,ens,2030,13,19,19,0.0
692,ens,2030,13,20,20,0.0
693,ens,2030,13,21,21,0.0
694,ens,2030,13,22,22,0.0
695,ens,2030,13,23,23,0.0
696,ens,2030,13,24,24,0.0
697,ens,2030,14,1,1,0.0
698,ens,2030,14,2,2,0.0
699,ens,2030,14,3,3,0.0
700,ens,2030,14,4,4,0.0
701,ens,2030,14,5,5,0.0
702,ens,2030,14,6,6,0.0
703,ens,2030,14,7,7,0.0
704,ens,2030,14,8,8,0.0
705,ens,2030,14,9,9,0.0
706,ens,2030,14,10,10,0.0
707,ens,2030,14,11,11,0.0
708,ens,2030,14,12,12,0.0
709,ens,2030,14,13,13,0.0
710,ens,2030,14,14,14,0.0
711,ens,2030,14,15,15,0.0
712,ens,2030,14,16,16,0.0
713,ens,2030,14,17,17,0.0
714,ens,2030,14,18,18,0.0
715,ens,2030,14,19,19,0.0
716,ens,2030,14,20,20,0.0
717,ens,2030,14,21,21,0.0
718,ens,2030,14,22,22,0.0
719,ens,2030,14,23,23,0.0
720,ens,2030,14,24,24,0.0
721,ens,2030,15,1,1,0.0
722,ens,2030,15,2,2,0.0
723,ens,2030,15,3,3,0.0
724,ens,2030,15,4,4,0.0
725,ens,2030,15,5,5,0.0
726,ens,2030,15,6,6,0.0
727,ens,2030,15,7,7,0.0
728,ens,2030,15,8,8,0.0
729,ens,2030,15,9,9,0.0
730,ens,2030,15,10,10,0.0
731,ens,2030,15,11,11,0.0
732,ens,2030,15,12,12,0.0
733,ens,2030,15,13,13,0.0
734,ens,2030,15,14,14,0.0
735,ens,2030,15,15,15,0.0
736,ens,2030,15,16,16,0.0
737,ens,2030,15,17,17,0.0
738,ens,2030,15,18,18,0.0
739,ens,2030,15,19,19,0.0
740,ens,2030,15,20,20,0.0
741,ens,2030,15,21,21,0.0
742,ens,2030,15,22,22,0.0
743,ens,2030,15,23,23,0.0
744,ens,2030,15,24,24,0.0
745,ens,2030,16,1,1,0.0
746,ens,2030,16,2,2,0.0
747,ens,2030,16,3,3,0.0
748,ens,2030,16,4,4,0.0
749,ens,2030,16,5,5,0.0
750,ens,2030,16,6,6,0.0
751,ens,2030,16,7,7,0.0
752,ens,2030,16,8,8,0.0
753,ens,2030,16,9,9,0.0
754,ens,2030,16,10,10,0.0
755,ens,2030,16,11,11,0.0
756,ens,2030,16,12,12,0.0
757,ens,2030,16,13,13,0.0
758,ens,2030,16,14,14,0.0
759,ens,2030,16,15,15,0.0
760,ens,2030,16,16,16,0.0
761,ens,2030,16,17,17,0.0
762,ens,2030,16,18,18,0.0
763,ens,2030,16,19,19,0.0
764,ens,2030,16,20,20,0.0
765,ens,2030,16,21,21,0.0
766,ens,2030,16,22,22,0.0
767,ens,2030,16,23,23,0.0
768,ens,2030,16,24,24,0.0
769,ocgt,2030,1,1,1,0.0
770,ocgt,2030,1,2,2,0.0
771,ocgt,2030,1,3,3,0.0
772,ocgt,2030,1,4,4,0.0
773,ocgt,2030,1,5,5,0.0
774,ocgt,2030,1,6,6,0.0
775,ocgt,2030,1,7,7,0.0
776,ocgt,2030,1,8,8,0.0
777,ocgt,2030,1,9,9,0.0
778,ocgt,2030,1,10,10,0.0
779,ocgt,2030,1,11,11,0.0
780,ocgt,2030,1,12,12,0.0
781,ocgt,2030,1,13,13,0.0
782,ocgt,2030,1,14,14,0.0
783,ocgt,2030,1,15,15,0.0
784,ocgt,2030,1,16,16,0.0
785,ocgt,2030,1,17,17,0.0
786,ocgt,2030,1,18,18,0.0
787,ocgt,2030,1,19,19,0.0
788,ocgt,2030,1,20,20,0.0
789,ocgt,2030,1,21,21,0.0
790,ocgt,2030,1,22,22,0.0
791,ocgt,2030,1,23,23,0.0
792,ocgt,2030,1,24,24,0.0
793,ocgt,2030,2,1,1,0.0
794,ocgt,2030,2,2,2,0.0
795,ocgt,2030,2,3,3,0.0
796,ocgt,2030,2,4,4,0.0
797,ocgt,2030,2,5,5,0.0
798,ocgt,2030,2,6,6,0.0
799,ocgt,2030,2,7,7,0.0
800,ocgt,2030,2,8,8,0.0
801,ocgt,2030,2,9,9,0.0
802,ocgt,2030,2,10,10,0.0
803,ocgt,2030,2,11,11,0.0
804,ocgt,2030,2,12,12,0.0
805,ocgt,2030,2,13,13,0.0
806,ocgt,2030,2,14,14,0.0
807,ocgt,2030,2,15,15,0.0
808,ocgt,2030,2,16,16,0.0
809,ocgt,2030,2,17,17,0.0
810,ocgt,2030,2,18,18,0.0
811,ocgt,2030,2,19,19,0.0
812,ocgt,2030,2,20,20,0.0
813,ocgt,2030,2,21,21,0.0
814,ocgt,2030,2,22,22,0.0
815,ocgt,2030,2,23,23,0.0
816,ocgt,2030,2,24,24,0.0
817,ocgt,2030,3,1,1,0.0
818,ocgt,2030,3,2,2,0.0
819,ocgt,2030,3,3,3,0.0
820,ocgt,2030,3,4,4,0.0
821,ocgt,2030,3,5,5,0.0
822,ocgt,2030,3,6,6,0.0
823,ocgt,2030,3,7,7,0.0
824,ocgt,2030,3,8,8,0.0
825,ocgt,2030,3,9,9,0.0
826,ocgt,2030,3,10,10,0.0
827,ocgt,2030,3,11,11,0.0
828,ocgt,2030,3,12,12,0.0
829,ocgt,2030,3,13,13,0.0
830,ocgt,2030,3,14,14,0.0
831,ocgt,2030,3,15,15,0.0
832,ocgt,2030,3,16,16,0.0
833,ocgt,2030,3,17,17,0.0
834,ocgt,2030,3,18,18,0.0
835,ocgt,2030,3,19,19,0.0
836,ocgt,2030,3,20,20,0.0
837,ocgt,2030,3,21,21,-103.20581393221822
838,ocgt,2030,3,22,22,0.0
839,ocgt,2030,3,23,23,0.0
840,ocgt,2030,3,24,24,0.0
841,ocgt,2030,4,1,1,0.0
842,ocgt,2030,4,2,2,0.0
843,ocgt,2030,4,3,3,0.0
844,ocgt,2030,4,4,4,0.0
845,ocgt,2030,4,5,5,0.0
846,ocgt,2030,4,6,6,0.0
847,ocgt,2030,4,7,7,0.0
848,ocgt,2030,4,8,8,0.0
849,ocgt,2030,4,9,9,0.0
850,ocgt,2030,4,10,10,0.0
851,ocgt,2030,4,11,11,0.0
852,ocgt,2030,4,12,12,0.0
853,ocgt,2030,4,13,13,0.0
854,ocgt,2030,4,14,14,0.0
855,ocgt,2030,4,15,15,0.0
856,ocgt,2030,4,16,16,0.0
857,ocgt,2030,4,17,17,0.0
858,ocgt,2030,4,18,18,0.0
859,ocgt,2030,4,19,19,0.0
860,ocgt,2030,4,20,20,0.0
861,ocgt,2030,4,21,21,0.0
862,ocgt,2030,4,22,22,0.0
863,ocgt,2030,4,23,23,0.0
864,ocgt,2030,4,24,24,0.0
865,ocgt,2030,5,1,1,0.0
866,ocgt,2030,5,2,2,0.0
867,ocgt,2030,5,3,3,0.0
868,ocgt,2030,5,4,4,0.0
869,ocgt,2030,5,5,5,0.0
870,ocgt,2030,5,6,6,0.0
871,ocgt,2030,5,7,7,0.0
872,ocgt,2030,5,8,8,0.0
873,ocgt,2030,5,9,9,0.0
874,ocgt,2030,5,10,10,0.0
875,ocgt,2030,5,11,11,0.0
876,ocgt,2030,5,12,12,0.0
877,ocgt,2030,5,13,13,0.0
878,ocgt,2030,5,14,14,0.0
879,ocgt,2030,5,15,15,0.0
880,ocgt,2030,5,16,16,0.0
881,ocgt,2030,5,17,17,0.0
882,ocgt,2030,5,18,18,0.0
883,ocgt,2030,5,19,19,0.0
884,ocgt,2030,5,20,20,0.0
885,ocgt,2030,5,21,21,0.0
886,ocgt,2030,5,22,22,0.0
887,ocgt,2030,5,23,23,0.0
888,ocgt,2030,5,24,24,0.0
889,ocgt,2030,6,1,1,0.0
890,ocgt,2030,6,2,2,0.0
891,ocgt,2030,6,3,3,0.0
892,ocgt,2030,6,4,4,0.0
893,ocgt,2030,6,5,5,0.0
894,ocgt,2030,6,6,6,0.0
895,ocgt,2030,6,7,7,0.0
896,ocgt,2030,6,8,8,0.0
897,ocgt,2030,6,9,9,0.0
898,ocgt,2030,6,10,10,0.0
899,ocgt,2030,6,11,11,0.0
900,ocgt,2030,6,12,12,0.0
901,ocgt,2030,6,13,13,0.0
902,ocgt,2030,6,14,14,0.0
903,ocgt,2030,6,15,15,0.0
904,ocgt,2030,6,16,16,0.0
905,ocgt,2030,6,17,17,0.0
906,ocgt,2030,6,18,18,0.0
907,ocgt,2030,6,19,19,0.0
908,ocgt,2030,6,20,20,0.0
909,ocgt,2030,6,21,21,0.0
910,ocgt,2030,6,22,22,0.0
911,ocgt,2030,6,23,23,0.0
912,ocgt,2030,6,24,24,0.0
913,ocgt,2030,7,1,1,0.0
914,ocgt,2030,7,2,2,0.0
915,ocgt,2030,7,3,3,0.0
916,ocgt,2030,7,4,4,0.0
917,ocgt,2030,7,5,5,0.0
918,ocgt,2030,7,6,6,0.0
919,ocgt,2030,7,7,7,0.0
920,ocgt,2030,7,8,8,0.0
921,ocgt,2030,7,9,9,0.0
922,ocgt,2030,7,10,10,0.0
923,ocgt,2030,7,11,11,0.0
924,ocgt,2030,7,12,12,0.0
925,ocgt,2030,7,13,13,0.0
926,ocgt,2030,7,14,14,0.0
927,ocgt,2030,7,15,15,0.0
928,ocgt,2030,7,16,16,0.0
929,ocgt,2030,7,17,17,0.0
930,ocgt,2030,7,18,18,0.0
931,ocgt,2030,7,19,19,0.0
932,ocgt,2030,7,20,20,0.0
933,ocgt,2030,7,21,21,0.0
934,ocgt,2030,7,22,22,0.0
935,ocgt,2030,7,23,23,0.0
936,ocgt,2030,7,24,24,0.0
937,ocgt,2030,8,1,1,0.0
938,ocgt,2030,8,2,2,0.0
939,ocgt,2030,8,3,3,0.0
940,ocgt,2030,8,4,4,0.0
941,ocgt,2030,8,5,5,0.0
942,ocgt,2030,8,6,6,0.0
943,ocgt,2030,8,7,7,0.0
944,ocgt,2030,8,8,8,0.0
945,ocgt,2030,8,9,9,0.0
946,ocgt,2030,8,10,10,0.0
947,ocgt,2030,8,11,11,0.0
948,ocgt,2030,8,12,12,0.0
949,ocgt,2030,8,13,13,0.0
950,ocgt,2030,8,14,14,0.0
951,ocgt,2030,8,15,15,0.0
952,ocgt,2030,8,16,16,0.0
953,ocgt,2030,8,17,17,0.0
954,ocgt,2030,8,18,18,0.0
955,ocgt,2030,8,19,19,0.0
956,ocgt,2030,8,20,20,0.0
957,ocgt,2030,8,21,21,0.0
958,ocgt,2030,8,22,22,0.0
959,ocgt,2030,8,23,23,0.0
960,ocgt,2030,8,24,24,0.0
961,ocgt,2030,9,1,1,0.0
962,ocgt,2030,9,2,2,0.0
963,ocgt,2030,9,3,3,0.0
964,ocgt,2030,9,4,4,0.0
965,ocgt,2030,9,5,5,0.0
966,ocgt,2030,9,6,6,0.0
967,ocgt,2030,9,7,7,0.0
968,ocgt,2030,9,8,8,0.0
969,ocgt,2030,9,9,9,0.0
970,ocgt,2030,9,10,10,0.0
971,ocgt,2030,9,11,11,0.0
972,ocgt,2030,9,12,12,0.0
973,ocgt,2030,9,13,13,0.0
974,ocgt,2030,9,14,14,0.0
975,ocgt,2030,9,15,15,0.0
976,ocgt,2030,9,16,16,0.0
977,ocgt,2030,9,17,17,0.0
978,ocgt,2030,9,18,18,0.0
979,ocgt,2030,9,19,19,0.0
980,ocgt,2030,9,20,20,0.0
981,ocgt,2030,9,21,21,0.0
982,ocgt,2030,9,22,22,0.0
983,ocgt,2030,9,23,23,0.0
984,ocgt,2030,9,24,24,0.0
985,ocgt,2030,10,1,1,0.0
986,ocgt,2030,10,2,2,0.0
987,ocgt,2030,10,3,3,0.0
988,ocgt,2030,10,4,4,0.0
989,ocgt,2030,10,5,5,0.0
990,ocgt,2030,10,6,6,0.0
991,ocgt,2030,10,7,7,0.0
992,ocgt,2030,10,8,8,0.0
993,ocgt,2030,10,9,9,0.0
994,ocgt,2030,10,10,10,0.0
995,ocgt,2030,10,11,11,0.0
996,ocgt,2030,10,12,12,0.0
997,ocgt,2030,10,13,13,0.0
998,ocgt,2030,10,14,14,0.0
999,ocgt,2030,10,15,15,0.0
1000,ocgt,2030,10,16,16,0.0
1001,ocgt,2030,10,17,17,0.0
1002,ocgt,2030,10,18,18,0.0
1003,ocgt,2030,10,19,19,0.0
1004,ocgt,2030,10,20,20,0.0
1005,ocgt,2030,10,21,21,0.0
1006,ocgt,2030,10,22,22,0.0
1007,ocgt,2030,10,23,23,0.0
1008,ocgt,2030,10,24,24,0.0
1009,ocgt,2030,11,1,1,0.0
1010,ocgt,2030,11,2,2,0.0
1011,ocgt,2030,11,3,3,0.0
1012,ocgt,2030,11,4,4,0.0
1013,ocgt,2030,11,5,5,0.0
1014,ocgt,2030,11,6,6,0.0
1015,ocgt,2030,11,7,7,0.0
1016,ocgt,2030,11,8,8,0.0
1017,ocgt,2030,11,9,9,0.0
1018,ocgt,2030,11,10,10,0.0
1019,ocgt,2030,11,11,11,0.0
1020,ocgt,2030,11,12,12,0.0
1021,ocgt,2030,11,13,13,0.0
1022,ocgt,2030,11,14,14,0.0
1023,ocgt,2030,11,15,15,0.0
1024,ocgt,2030,11,16,16,0.0
1025,ocgt,2030,11,17,17,0.0
1026,ocgt,2030,11,18,18,0.0
1027,ocgt,2030,11,19,19,0.0
1028,ocgt,2030,11,20,20,0.0
1029,ocgt,2030,11,21,21,0.0
1030,ocgt,2030,11,22,22,0.0
1031,ocgt,2030,11,23,23,0.0
1032,ocgt,2030,11,24,24,0.0
1033,ocgt,2030,12,1,1,0.0
1034,ocgt,2030,12,2,2,0.0
1035,ocgt,2030,12,3,3,0.0
1036,ocgt,2030,12,4,4,0.0
1037,ocgt,2030,12,5,5,0.0
1038,ocgt,2030,12,6,6,0.0
1039,ocgt,2030,12,7,7,0.0
1040,ocgt,2030,12,8,8,0.0
1041,ocgt,2030,12,9,9,0.0
1042,ocgt,2030,12,10,10,0.0
1043,ocgt,2030,12,11,11,0.0
1044,ocgt,2030,12,12,12,0.0
1045,ocgt,2030,12,13,13,0.0
1046,ocgt,2030,12,14,14,0.0
1047,ocgt,2030,12,15,15,0.0
1048,ocgt,2030,12,16,16,0.0
1049,ocgt,2030,12,17,17,0.0
1050,ocgt,2030,12,18,18,0.0
1051,ocgt,2030,12,19,19,0.0
1052,ocgt,2030,12,20,20,0.0
1053,ocgt,2030,12,21,21,0.0
1054,ocgt,2030,12,22,22,0.0
1055,ocgt,2030,12,23,23,0.0
1056,ocgt,2030,12,24,24,0.0
1057,ocgt,2030,13,1,1,0.0
1058,ocgt,2030,13,2,2,0.0
1059,ocgt,2030,13,3,3,0.0
1060,ocgt,2030,13,4,4,0.0
1061,ocgt,2030,13,5,5,0.0
1062,ocgt,2030,13,6,6,0.0
1063,ocgt,2030,13,7,7,0.0
1064,ocgt,2030,13,8,8,0.0
1065,ocgt,2030,13,9,9,0.0
1066,ocgt,2030,13,10,10,0.0
1067,ocgt,2030,13,11,11,0.0
1068,ocgt,2030,13,12,12,0.0
1069,ocgt,2030,13,13,13,0.0
1070,ocgt,2030,13,14,14,0.0
1071,ocgt,2030,13,15,15,0.0
1072,ocgt,2030,13,16,16,0.0
1073,ocgt,2030,13,17,17,0.0
1074,ocgt,2030,13,18,18,0.0
1075,ocgt,2030,13,19,19,0.0
1076,ocgt,2030,13,20,20,0.0
1077,ocgt,2030,13,21,21,0.0
1078,ocgt,2030,13,22,22,0.0
1079,ocgt,2030,13,23,23,0.0
1080,ocgt,2030,13,24,24,0.0
1081,ocgt,2030,14,1,1,0.0
1082,ocgt,2030,14,2,2,0.0
1083,ocgt,2030,14,3,3,0.0
1084,ocgt,2030,14,4,4,0.0
1085,ocgt,2030,14,5,5,0.0
1086,ocgt,2030,14,6,6,0.0
1087,ocgt,2030,14,7,7,0.0
1088,ocgt,2030,14,8,8,0.0
1089,ocgt,2030,14,9,9,0.0
1090,ocgt,2030,14,10,10,0.0
1091,ocgt,2030,14,11,11,0.0
1092,ocgt,2030,14,12,12,0.0
1093,ocgt,2030,14,13,13,0.0
1094,ocgt,2030,14,14,14,0.0
1095,ocgt,2030,14,15,15,0.0
1096,ocgt,2030,14,16,16,0.0
1097,ocgt,2030,14,17,17,0.0
1098,ocgt,2030,14,18,18,0.0
1099,ocgt,2030,14,19,19,0.0
1100,ocgt,2030,14,20,20,0.0
1101,ocgt,2030,14,21,21,0.0
1102,ocgt,2030,14,22,22,0.0
1103,ocgt,2030,14,23,23,0.0
1104,ocgt,2030,14,24,24,0.0
1105,ocgt,2030,15,1,1,0.0
1106,ocgt,2030,15,2,2,0.0
1107,ocgt,2030,15,3,3,0.0
1108,ocgt,2030,15,4,4,0.0
1109,ocgt,2030,15,5,5,0.0
1110,ocgt,2030,15,6,6,0.0
1111,ocgt,2030,15,7,7,0.0
1112,ocgt,2030,15,8,8,0.0
1113,ocgt,2030,15,9,9,0.0
1114,ocgt,2030,15,10,10,0.0
1115,ocgt,2030,15,11,11,0.0
1116,ocgt,2030,15,12,12,0.0
1117,ocgt,2030,15,13,13,0.0
1118,ocgt,2030,15,14,14,0.0
1119,ocgt,2030,15,15,15,0.0
1120,ocgt,2030,15,16,16,0.0
1121,ocgt,2030,15,17,17,0.0
1122,ocgt,2030,15,18,18,0.0
1123,ocgt,2030,15,19,19,0.0
1124,ocgt,2030,15,20,20,0.0
1125,ocgt,2030,15,21,21,0.0
1126,ocgt,2030,15,22,22,0.0
1127,ocgt,2030,15,23,23,0.0
1128,ocgt,2030,15,24,24,0.0
1129,ocgt,2030,16,1,1,0.0
1130,ocgt,2030,16,2,2,0.0
1131,ocgt,2030,16,3,3,0.0
1132,ocgt,2030,16,4,4,0.0
1133,ocgt,2030,16,5,5,0.0
1134,ocgt,2030,16,6,6,0.0
1135,ocgt,2030,16,7,7,0.0
1136,ocgt,2030,16,8,8,0.0
1137,ocgt,2030,16,9,9,0.0
1138,ocgt,2030,16,10,10,0.0
1139,ocgt,2030,16,11,11,0.0
1140,ocgt,2030,16,12,12,0.0
1141,ocgt,2030,16,13,13,0.0
1142,ocgt,2030,16,14,14,0.0
1143,ocgt,2030,16,15,15,0.0
1144,ocgt,2030,16,16,16,0.0
1145,ocgt,2030,16,17,17,0.0
1146,ocgt,2030,16,18,18,0.0
1147,ocgt,2030,16,19,19,0.0
1148,ocgt,2030,16,20,20,0.0
1149,ocgt,2030,16,21,21,0.0
1150,ocgt,2030,16,22,22,0.0
1151,ocgt,2030,16,23,23,0.0
1152,ocgt,2030,16,24,24,0.0
1153,solar,2030,1,1,1,-0.06006782129358817
1154,solar,2030,1,2,2,-0.06006782129358817
1155,solar,2030,1,3,3,-0.06006782129358817
1156,solar,2030,1,4,4,-0.06006782129358817
1157,solar,2030,1,5,5,-0.06006782129358817
1158,solar,2030,1,6,6,-0.06006782129358817
1159,solar,2030,1,7,7,-0.06006782129358817
1160,solar,2030,1,8,8,-0.06006782129358817
1161,solar,2030,1,9,9,-0.06006782129358817
1162,solar,2030,1,10,10,-1.5016955323397043
1163,solar,2030,1,11,11,-0.513237887438391
1164,solar,2030,1,12,12,-0.06006782129358817
1165,solar,2030,1,13,13,-0.06006782129358817
1166,solar,2030,1,14,14,-0.06006782129358817
1167,solar,2030,1,15,15,-0.06006782129358817
1168,solar,2030,1,16,16,-0.06006782129358817
1169,solar,2030,1,17,17,-0.06006782129358817
1170,solar,2030,1,18,18,-1.5016955323397043
1171,solar,2030,1,19,19,-1.5016955323397043
1172,solar,2030,1,20,20,-1.5016955323397043
1173,solar,2030,1,21,21,-1.5016955323397043
1174,solar,2030,1,22,22,-1.5016955323397043
1175,solar,2030,1,23,23,-0.06006782129358817
1176,solar,2030,1,24,24,-0.06006782129358817
1177,solar,2030,2,1,1,-3.432533900612142
1178,solar,2030,2,2,2,-3.432533900612142
1179,solar,2030,2,3,3,-3.432533900612142
1180,solar,2030,2,4,4,-3.432533900612142
1181,solar,2030,2,5,5,-3.432533900612142
1182,solar,2030,2,6,6,-3.432533900612142
1183,solar,2030,2,7,7,-3.432533900612142
1184,solar,2030,2,8,8,-3.432533900612142
1185,solar,2030,2,9,9,-3.432533900612142
1186,solar,2030,2,10,10,-3.432533900612142
1187,solar,2030,2,11,11,-3.432533900612142
1188,solar,2030,2,12,12,-3.432533900612142
1189,solar,2030,2,13,13,-3.432533900612142
1190,solar,2030,2,14,14,-3.432533900612142
1191,solar,2030,2,15,15,-3.432533900612142
1192,solar,2030,2,16,16,-3.432533900612142
1193,solar,2030,2,17,17,-3.432533900612142
1194,solar,2030,2,18,18,-3.432533900612142
1195,solar,2030,2,19,19,-3.432533900612142
1196,solar,2030,2,20,20,-3.432533900612142
1197,solar,2030,2,21,21,-3.432533900612142
1198,solar,2030,2,22,22,-3.432533900612142
1199,solar,2030,2,23,23,-3.432533900612142
1200,solar,2030,2,24,24,-3.432533900612142
1201,solar,2030,3,1,1,-0.8624773207170512
1202,solar,2030,3,2,2,-0.8624773207170512
1203,solar,2030,3,3,3,-0.8624773207170512
1204,solar,2030,3,4,4,-0.8624773207170512
1205,solar,2030,3,5,5,-0.8624773207170512
1206,solar,2030,3,6,6,-0.8624773207170512
1207,solar,2030,3,7,7,-0.8624773207170512
1208,solar,2030,3,8,8,-0.8624773207170512
1209,solar,2030,3,9,9,-0.9810106321230863
1210,solar,2030,3,10,10,-1.2074682490038717
1211,solar,2030,3,11,11,-1.2074682490038717
1212,solar,2030,3,12,12,-1.2074682490038717
1213,solar,2030,3,13,13,-1.2074682490038717
1214,solar,2030,3,14,14,-1.2074682490038717
1215,solar,2030,3,15,15,-1.2074682490038717
1216,solar,2030,3,16,16,-1.2074682490038717
1217,solar,2030,3,17,17,-1.2074682490038717
1218,solar,2030,3,18,18,-1.2074682490038717
1219,solar,2030,3,19,19,-1.2074682490038717
1220,solar,2030,3,20,20,-1.2074682490038717
1221,solar,2030,3,21,21,-104.41328218122209
1222,solar,2030,3,22,22,-1.2074682490038717
1223,solar,2030,3,23,23,-1.2074682490038717
1224,solar,2030,3,24,24,-1.2074682490038717
1225,solar,2030,4,1,1,-0.49889940953197676
1226,solar,2030,4,2,2,-0.49889940953197676
1227,solar,2030,4,3,3,-0.49889940953197676
1228,solar,2030,4,4,4,-0.49889940953197676
1229,solar,2030,4,5,5,-0.49889940953197676
1230,solar,2030,4,6,6,-0.49889940953197676
1231,solar,2030,4,7,7,-0.49889940953197676
1232,solar,2030,4,8,8,-0.49889940953197676
1233,solar,2030,4,9,9,-0.49889940953197676
1234,solar,2030,4,10,10,-0.49889940953197676
1235,solar,2030,4,11,11,-0.49889940953197676
1236,solar,2030,4,12,12,-0.49889940953197676
1237,solar,2030,4,13,13,-0.49889940953197676
1238,solar,2030,4,14,14,-0.49889940953197676
1239,solar,2030,4,15,15,-0.49889940953197676
1240,solar,2030,4,16,16,-0.49889940953197676
1241,solar,2030,4,17,17,-0.49889940953197676
1242,solar,2030,4,18,18,-0.49889940953197676
1243,solar,2030,4,19,19,-0.49889940953197676
1244,solar,2030,4,20,20,-0.49889940953197676
1245,solar,2030,4,21,21,-0.49889940953197676
1246,solar,2030,4,22,22,-0.49889940953197676
1247,solar,2030,4,23,23,-0.49889940953197676
1248,solar,2030,4,24,24,-0.49889940953197676
1249,solar,2030,5,1,1,-0.9345111460426573
1250,solar,2030,5,2,2,-0.9345111460426573
1251,solar,2030,5,3,3,-0.9345111460426573
1252,solar,2030,5,4,4,-0.9345111460426573
1253,solar,2030,5,5,5,-0.9345111460426573
1254,solar,2030,5,6,6,-0.9345111460426573
1255,solar,2030,5,7,7,-0.9345111460426573
1256,solar,2030,5,8,8,-0.9345111460426573
1257,solar,2030,5,9,9,-0.9345111460426573
1258,solar,2030,5,10,10,-0.9345111460426573
1259,solar,2030,5,11,11,-0.9345111460426573
1260,solar,2030,5,12,12,-0.9345111460426573
1261,solar,2030,5,13,13,-0.03738044584170629
1262,solar,2030,5,14,14,-0.03738044584170629
1263,solar,2030,5,15,15,-0.03738044584170629
1264,solar,2030,5,16,16,-0.03738044584170629
1265,solar,2030,5,17,17,-0.9345111460426573
1266,solar,2030,5,18,18,-0.9345111460426573
1267,solar,2030,5,19,19,-0.9345111460426573
1268,solar,2030,5,20,20,-0.9345111460426573
1269,solar,2030,5,21,21,-0.9345111460426573
1270,solar,2030,5,22,22,-0.9345111460426573
1271,solar,2030,5,23,23,-0.9345111460426573
1272,solar,2030,5,24,24,-0.9345111460426573
1273,solar,2030,6,1,1,-0.5786720118095586
1274,solar,2030,6,2,2,-0.5786720118095586
1275,solar,2030,6,3,3,-0.5786720118095586
1276,solar,2030,6,4,4,-0.5786720118095586
1277,solar,2030,6,5,5,-0.5786720118095586
1278,solar,2030,6,6,6,-0.5786720118095586
1279,solar,2030,6,7,7,-0.5786720118095586
1280,solar,2030,6,8,8,-0.5786720118095586
1281,solar,2030,6,9,9,-0.5786720118095586
1282,solar,2030,6,10,10,-0.5786720118095586
1283,solar,2030,6,11,11,-0.5786720118095586
1284,solar,2030,6,12,12,-0.5786720118095586
1285,solar,2030,6,13,13,-0.023146880472382347
1286,solar,2030,6,14,14,-0.023146880472382347
1287,solar,2030,6,15,15,-0.023146880472382347
1288,solar,2030,6,16,16,-0.023146880472382347
1289,solar,2030,6,17,17,-0.5786720118095586
1290,solar,2030,6,18,18,-0.5786720118095586
1291,solar,2030,6,19,19,-0.5786720118095586
1292,solar,2030,6,20,20,-0.5786720118095586
1293,solar,2030,6,21,21,-0.5786720118095586
1294,solar,2030,6,22,22,-0.5786720118095586
1295,solar,2030,6,23,23,-0.5786720118095586
1296,solar,2030,6,24,24,-0.5786720118095586
1297,solar,2030,7,1,1,-1.4872837668746068
1298,solar,2030,7,2,2,-1.4872837668746068
1299,solar,2030,7,3,3,-1.4872837668746068
1300,solar,2030,7,4,4,-1.4872837668746068
1301,solar,2030,7,5,5,-1.4872837668746068
1302,solar,2030,7,6,6,-1.4872837668746068
1303,solar,2030,7,7,7,-1.4872837668746068
1304,solar,2030,7,8,8,-1.4872837668746068
1305,solar,2030,7,9,9,-1.4872837668746068
1306,solar,2030,7,10,10,-1.4872837668746068
1307,solar,2030,7,11,11,-1.4872837668746068
1308,solar,2030,7,12,12,-1.4872837668746068
1309,solar,2030,7,13,13,-1.4872837668746068
1310,solar,2030,7,14,14,-0.05949135067498427
1311,solar,2030,7,15,15,-0.7895199135570873
1312,solar,2030,7,16,16,-1.4872837668746068
1313,solar,2030,7,17,17,-1.4872837668746068
1314,solar,2030,7,18,18,-1.4872837668746068
1315,solar,2030,7,19,19,-1.4872837668746068
1316,solar,2030,7,20,20,-1.4872837668746068
1317,solar,2030,7,21,21,-1.4872837668746068
1318,solar,2030,7,22,22,-1.4872837668746068
1319,solar,2030,7,23,23,-1.4872837668746068
1320,solar,2030,7,24,24,-1.4872837668746068
1321,solar,2030,8,1,1,-1.4111290081839938
1322,solar,2030,8,2,2,-1.4111290081839938
1323,solar,2030,8,3,3,-1.4111290081839938
1324,solar,2030,8,4,4,-1.4111290081839938
1325,solar,2030,8,5,5,-1.4111290081839938
1326,solar,2030,8,6,6,-1.4111290081839938
1327,solar,2030,8,7,7,-1.4111290081839938
1328,solar,2030,8,8,8,-1.4111290081839938
1329,solar,2030,8,9,9,-1.4111290081839938
1330,solar,2030,8,10,10,-1.4111290081839938
1331,solar,2030,8,11,11,-1.4111290081839938
1332,solar,2030,8,12,12,-1.4111290081839938
1333,solar,2030,8,13,13,-1.4111290081839938
1334,solar,2030,8,14,14,-1.4111290081839938
1335,solar,2030,8,15,15,-1.4111290081839938
1336,solar,2030,8,16,16,-1.4111290081839938
1337,solar,2030,8,17,17,-1.4111290081839938
1338,solar,2030,8,18,18,-1.4111290081839938
1339,solar,2030,8,19,19,-1.9755806114575913
1340,solar,2030,8,20,20,-1.4111290081839938
1341,solar,2030,8,21,21,-1.4111290081839938
1342,solar,2030,8,22,22,-1.4111290081839938
1343,solar,2030,8,23,23,-1.4111290081839938
1344,solar,2030,8,24,24,-1.4111290081839938
1345,solar,2030,9,1,1,-1.8787449378793313
1346,solar,2030,9,2,2,-1.8787449378793313
1347,solar,2030,9,3,3,-1.8787449378793313
1348,solar,2030,9,4,4,-1.8787449378793313
1349,solar,2030,9,5,5,-1.8787449378793313
1350,solar,2030,9,6,6,-1.8787449378793313
1351,solar,2030,9,7,7,-1.8787449378793313
1352,solar,2030,9,8,8,-1.8787449378793313
1353,solar,2030,9,9,9,-1.8787449378793313
1354,solar,2030,9,10,10,-1.8787449378793313
1355,solar,2030,9,11,11,-1.8787449378793313
1356,solar,2030,9,12,12,-1.8787449378793313
1357,solar,2030,9,13,13,-1.8787449378793313
1358,solar,2030,9,14,14,-1.8787449378793313
1359,solar,2030,9,15,15,-1.8787449378793313
1360,solar,2030,9,16,16,-1.8787449378793313
1361,solar,2030,9,17,17,-1.8787449378793313
1362,solar,2030,9,18,18,-1.8787449378793313
1363,solar,2030,9,19,19,-1.8787449378793313
1364,solar,2030,9,20,20,-1.8787449378793313
1365,solar,2030,9,21,21,-1.8787449378793313
1366,solar,2030,9,22,22,-1.8787449378793313
1367,solar,2030,9,23,23,-1.8787449378793313
1368,solar,2030,9,24,24,-1.8787449378793313
1369,solar,2030,10,1,1,-0.4183916769324893
1370,solar,2030,10,2,2,-0.4183916769324893
1371,solar,2030,10,3,3,-0.4183916769324893
1372,solar,2030,10,4,4,-0.016735667077299572
1373,solar,2030,10,5,5,-0.016735667077299572
1374,solar,2030,10,6,6,-0.016735667077299572
1375,solar,2030,10,7,7,-0.016735667077299572
1376,solar,2030,10,8,8,-0.016735667077299572
1377,solar,2030,10,9,9,-0.016735667077299572
1378,solar,2030,10,10,10,-0.016735667077299572
1379,solar,2030,10,11,11,-0.016735667077299572
1380,solar,2030,10,12,12,-0.016735667077299572
1381,solar,2030,10,13,13,-0.016735667077299572
1382,solar,2030,10,14,14,-0.016735667077299572
1383,solar,2030,10,15,15,-0.016735667077299572
1384,solar,2030,10,16,16,-0.016735667077299572
1385,solar,2030,10,17,17,-0.016735667077299572
1386,solar,2030,10,18,18,-0.016735667077299572
1387,solar,2030,10,19,19,-0.016735667077299572
1388,solar,2030,10,20,20,-0.4183916769324893
1389,solar,2030,10,21,21,-0.4183916769324893
1390,solar,2030,10,22,22,-0.4183916769324893
1391,solar,2030,10,23,23,-0.4183916769324893
1392,solar,2030,10,24,24,-0.4183916769324893
1393,solar,2030,11,1,1,-0.501286292730568
1394,solar,2030,11,2,2,-0.501286292730568
1395,solar,2030,11,3,3,-0.501286292730568
1396,solar,2030,11,4,4,-0.501286292730568
1397,solar,2030,11,5,5,-0.501286292730568
1398,solar,2030,11,6,6,-0.501286292730568
1399,solar,2030,11,7,7,-0.501286292730568
1400,solar,2030,11,8,8,-0.501286292730568
1401,solar,2030,11,9,9,-0.501286292730568
1402,solar,2030,11,10,10,-0.501286292730568
1403,solar,2030,11,11,11,-0.501286292730568
1404,solar,2030,11,12,12,-0.501286292730568
1405,solar,2030,11,13,13,-0.501286292730568
1406,solar,2030,11,14,14,-0.02005145170922272
1407,solar,2030,11,15,15,-0.02005145170922272
1408,solar,2030,11,16,16,-0.501286292730568
1409,solar,2030,11,17,17,-0.501286292730568
1410,solar,2030,11,18,18,-0.501286292730568
1411,solar,2030,11,19,19,-0.501286292730568
1412,solar,2030,11,20,20,-0.501286292730568
1413,solar,2030,11,21,21,-0.501286292730568
1414,solar,2030,11,22,22,-0.501286292730568
1415,solar,2030,11,23,23,-0.501286292730568
1416,solar,2030,11,24,24,-0.501286292730568
1417,solar,2030,12,1,1,-0.6129211022917843
1418,solar,2030,12,2,2,-0.6129211022917843
1419,solar,2030,12,3,3,-0.6129211022917843
1420,solar,2030,12,4,4,-0.6129211022917843
1421,solar,2030,12,5,5,-0.6129211022917843
1422,solar,2030,12,6,6,-0.6129211022917843
1423,solar,2030,12,7,7,-0.6129211022917843
1424,solar,2030,12,8,8,-0.6129211022917843
1425,solar,2030,12,9,9,-0.6129211022917843
1426,solar,2030,12,10,10,-0.6129211022917843
1427,solar,2030,12,11,11,-0.6129211022917843
1428,solar,2030,12,12,12,-0.6129211022917843
1429,solar,2030,12,13,13,-0.6129211022917843
1430,solar,2030,12,14,14,-0.6129211022917843
1431,solar,2030,12,15,15,-0.6129211022917843
1432,solar,2030,12,16,16,-0.6129211022917843
1433,solar,2030,12,17,17,-0.6129211022917843
1434,solar,2030,12,18,18,-0.6129211022917843
1435,solar,2030,12,19,19,-0.6129211022917843
1436,solar,2030,12,20,20,-0.6129211022917843
1437,solar,2030,12,21,21,-0.6129211022917843
1438,solar,2030,12,22,22,-0.6129211022917843
1439,solar,2030,12,23,23,-0.6129211022917843
1440,solar,2030,12,24,24,-0.6129211022917843
1441,solar,2030,13,1,1,-0.007212698673993657
1442,solar,2030,13,2,2,-0.007212698673993657
1443,solar,2030,13,3,3,-0.007212698673993657
1444,solar,2030,13,4,4,-0.007212698673993657
1445,solar,2030,13,5,5,-0.007212698673993657
1446,solar,2030,13,6,6,-0.007212698673993657
1447,solar,2030,13,7,7,-0.007212698673993657
1448,solar,2030,13,8,8,-0.007212698673993657
1449,solar,2030,13,9,9,-0.007212698673993657
1450,solar,2030,13,10,10,-0.007212698673993657
1451,solar,2030,13,11,11,-0.007212698673993657
1452,solar,2030,13,12,12,-0.007212698673993657
1453,solar,2030,13,13,13,-0.007212698673993657
1454,solar,2030,13,14,14,-0.007212698673993657
1455,solar,2030,13,15,15,-0.007212698673993657
1456,solar,2030,13,16,16,-0.007212698673993657
1457,solar,2030,13,17,17,-0.007212698673993657
1458,solar,2030,13,18,18,-0.007212698673993657
1459,solar,2030,13,19,19,-0.18031746684984143
1460,solar,2030,13,20,20,-0.18031746684984143
1461,solar,2030,13,21,21,-0.18031746684984143
1462,solar,2030,13,22,22,-0.18031746684984143
1463,solar,2030,13,23,23,-0.18031746684984143
1464,solar,2030,13,24,24,-0.18031746684984143
1465,solar,2030,14,1,1,-0.6023766543327823
1466,solar,2030,14,2,2,-0.6023766543327823
1467,solar,2030,14,3,3,-0.6023766543327823
1468,solar,2030,14,4,4,-0.6023766543327823
1469,solar,2030,14,5,5,-0.6023766543327823
1470,solar,2030,14,6,6,-0.6023766543327823
1471,solar,2030,14,7,7,-0.6023766543327823
1472,solar,2030,14,8,8,-0.6023766543327823
1473,solar,2030,14,9,9,-0.6023766543327823
1474,solar,2030,14,10,10,-0.6023766543327823
1475,solar,2030,14,11,11,-0.6023766543327823
1476,solar,2030,14,12,12,-0.6023766543327823
1477,solar,2030,14,13,13,-0.6023766543327823
1478,solar,2030,14,14,14,-0.6023766543327823
1479,solar,2030,14,15,15,-0.6023766543327823
1480,solar,2030,14,16,16,-0.6023766543327823
1481,solar,2030,14,17,17,-0.6023766543327823
1482,solar,2030,14,18,18,-0.6023766543327823
1483,solar,2030,14,19,19,-0.6023766543327823
1484,solar,2030,14,20,20,-0.6023766543327823
1485,solar,2030,14,21,21,-0.6023766543327823
1486,solar,2030,14,22,22,-0.6023766543327823
1487,solar,2030,14,23,23,-0.6023766543327823
1488,solar,2030,14,24,24,-0.6023766543327823
1489,solar,2030,15,1,1,-2.453735436404581
1490,solar,2030,15,2,2,-2.453735436404581
1491,solar,2030,15,3,3,-2.453735436404581
1492,solar,2030,15,4,4,-2.453735436404581
1493,solar,2030,15,5,5,-2.453735436404581
1494,solar,2030,15,6,6,-2.453735436404581
1495,solar,2030,15,7,7,-2.453735436404581
1496,solar,2030,15,8,8,-2.453735436404581
1497,solar,2030,15,9,9,-2.453735436404581
1498,solar,2030,15,10,10,-2.453735436404581
1499,solar,2030,15,11,11,-2.453735436404581
1500,solar,2030,15,12,12,-2.453735436404581
1501,solar,2030,15,13,13,-0.09814941745618323
1502,solar,2030,15,14,14,-0.09814941745618323
1503,solar,2030,15,15,15,-0.09814941745618323
1504,solar,2030,15,16,16,-2.453735436404581
1505,solar,2030,15,17,17,-2.453735436404581
1506,solar,2030,15,18,18,-2.453735436404581
1507,solar,2030,15,19,19,-2.453735436404581
1508,solar,2030,15,20,20,-2.453735436404581
1509,solar,2030,15,21,21,-2.453735436404581
1510,solar,2030,15,22,22,-2.453735436404581
1511,solar,2030,15,23,23,-2.453735436404581
1512,solar,2030,15,24,24,-2.453735436404581
1513,solar,2030,16,1,1,-0.8950243364669301
1514,solar,2030,16,2,2,-0.8950243364669301
1515,solar,2030,16,3,3,-0.8950243364669301
1516,solar,2030,16,4,4,-0.8950243364669301
1517,solar,2030,16,5,5,-0.8950243364669301
1518,solar,2030,16,6,6,-0.8950243364669301
1519,solar,2030,16,7,7,-0.8950243364669301
1520,solar,2030,16,8,8,-0.8950243364669301
1521,solar,2030,16,9,9,-0.8950243364669301
1522,solar,2030,16,10,10,-0.8950243364669301
1523,solar,2030,16,11,11,-0.8950243364669301
1524,solar,2030,16,12,12,-0.03580097345867721
1525,solar,2030,16,13,13,-0.03580097345867721
1526,solar,2030,16,14,14,-0.03580097345867721
1527,solar,2030,16,15,15,-0.03580097345867721
1528,solar,2030,16,16,16,-0.03580097345867721
1529,solar,2030,16,17,17,-0.8950243364669301
1530,solar,2030,16,18,18,-0.8950243364669301
1531,solar,2030,16,19,19,-0.8950243364669301
1532,solar,2030,16,20,20,-0.8950243364669301
1533,solar,2030,16,21,21,-0.8950243364669301
1534,solar,2030,16,22,22,-0.8950243364669301
1535,solar,2030,16,23,23,-0.8950243364669301
1536,solar,2030,16,24,24,-0.8950243364669301
1537,wind,2030,1,1,1,0.0
1538,wind,2030,1,2,2,0.0
1539,wind,2030,1,3,3,0.0
1540,wind,2030,1,4,4,0.0
1541,wind,2030,1,5,5,0.0
1542,wind,2030,1,6,6,0.0
1543,wind,2030,1,7,7,0.0
1544,wind,2030,1,8,8,0.0
1545,wind,2030,1,9,9,0.0
1546,wind,2030,1,10,10,-1.4416277110461162
1547,wind,2030,1,11,11,-0.45317006614480293
1548,wind,2030,1,12,12,0.0
1549,wind,2030,1,13,13,0.0
1550,wind,2030,1,14,14,0.0
1551,wind,2030,1,15,15,0.0
1552,wind,2030,1,16,16,0.0
1553,wind,2030,1,17,17,0.0
1554,wind,2030,1,18,18,-1.4416277110461162
1555,wind,2030,1,19,19,-1.4416277110461162
1556,wind,2030,1,20,20,-1.4416277110461162
1557,wind,2030,1,21,21,-1.4416277110461162
1558,wind,2030,1,22,22,-1.4416277110461162
1559,wind,2030,1,23,23,0.0
1560,wind,2030,1,24,24,0.0
1561,wind,2030,2,1,1,-3.2952325445876562
1562,wind,2030,2,2,2,-3.2952325445876562
1563,wind,2030,2,3,3,-3.2952325445876562
1564,wind,2030,2,4,4,-3.2952325445876562
1565,wind,2030,2,5,5,-3.2952325445876562
1566,wind,2030,2,6,6,-3.2952325445876562
1567,wind,2030,2,7,7,-3.2952325445876562
1568,wind,2030,2,8,8,-3.2952325445876562
1569,wind,2030,2,9,9,-3.2952325445876562
1570,wind,2030,2,10,10,-3.2952325445876562
1571,wind,2030,2,11,11,-3.2952325445876562
1572,wind,2030,2,12,12,-3.2952325445876562
1573,wind,2030,2,13,13,-3.2952325445876562
1574,wind,2030,2,14,14,-3.2952325445876562
1575,wind,2030,2,15,15,-3.2952325445876562
1576,wind,2030,2,16,16,-3.2952325445876562
1577,wind,2030,2,17,17,-3.2952325445876562
1578,wind,2030,2,18,18,-3.2952325445876562
1579,wind,2030,2,19,19,-3.2952325445876562
1580,wind,2030,2,20,20,-3.2952325445876562
1581,wind,2030,2,21,21,-3.2952325445876562
1582,wind,2030,2,22,22,-3.2952325445876562
1583,wind,2030,2,23,23,-3.2952325445876562
1584,wind,2030,2,24,24,-3.2952325445876562
1585,wind,2030,3,1,1,-0.8279782278883692
1586,wind,2030,3,2,2,-0.8279782278883692
1587,wind,2030,3,3,3,-0.8279782278883692
1588,wind,2030,3,4,4,-0.8279782278883692
1589,wind,2030,3,5,5,-0.8279782278883692
1590,wind,2030,3,6,6,-0.8279782278883692
1591,wind,2030,3,7,7,-0.8279782278883692
1592,wind,2030,3,8,8,-0.8279782278883692
1593,wind,2030,3,9,9,-0.9465115392944042
1594,wind,2030,3,10,10,-1.1729691561751896
1595,wind,2030,3,11,11,-1.1729691561751896
1596,wind,2030,3,12,12,-1.1729691561751896
1597,wind,2030,3,13,13,-1.1729691561751896
1598,wind,2030,3,14,14,-1.1729691561751896
1599,wind,2030,3,15,15,-1.1729691561751896
1600,wind,2030,3,16,16,-1.1729691561751896
1601,wind,2030,3,17,17,-1.1729691561751896
1602,wind,2030,3,18,18,-1.1729691561751896
1603,wind,2030,3,19,19,-1.1729691561751896
1604,wind,2030,3,20,20,-1.1729691561751896
1605,wind,2030,3,21,21,-104.3787830883934
1606,wind,2030,3,22,22,-1.1729691561751896
1607,wind,2030,3,23,23,-1.1729691561751896
1608,wind,2030,3,24,24,-1.1729691561751896
1609,wind,2030,4,1,1,-0.4789434331506977
1610,wind,2030,4,2,2,-0.4789434331506977
1611,wind,2030,4,3,3,-0.4789434331506977
1612,wind,2030,4,4,4,-0.4789434331506977
1613,wind,2030,4,5,5,-0.4789434331506977
1614,wind,2030,4,6,6,-0.4789434331506977
1615,wind,2030,4,7,7,-0.4789434331506977
1616,wind,2030,4,8,8,-0.4789434331506977
1617,wind,2030,4,9,9,-0.4789434331506977
1618,wind,2030,4,10,10,-0.4789434331506977
1619,wind,2030,4,11,11,-0.4789434331506977
1620,wind,2030,4,12,12,-0.4789434331506977
1621,wind,2030,4,13,13,-0.4789434331506977
1622,wind,2030,4,14,14,-0.4789434331506977
1623,wind,2030,4,15,15,-0.4789434331506977
1624,wind,2030,4,16,16,-0.4789434331506977
1625,wind,2030,4,17,17,-0.4789434331506977
1626,wind,2030,4,18,18,-0.4789434331506977
1627,wind,2030,4,19,19,-0.4789434331506977
1628,wind,2030,4,20,20,-0.4789434331506977
1629,wind,2030,4,21,21,-0.4789434331506977
1630,wind,2030,4,22,22,-0.4789434331506977
1631,wind,2030,4,23,23,-0.4789434331506977
1632,wind,2030,4,24,24,-0.4789434331506977
1633,wind,2030,5,1,1,-0.897130700200951
1634,wind,2030,5,2,2,-0.897130700200951
1635,wind,2030,5,3,3,-0.897130700200951
1636,wind,2030,5,4,4,-0.897130700200951
1637,wind,2030,5,5,5,-0.897130700200951
1638,wind,2030,5,6,6,-0.897130700200951
1639,wind,2030,5,7,7,-0.897130700200951
1640,wind,2030,5,8,8,-0.897130700200951
1641,wind,2030,5,9,9,-0.897130700200951
1642,wind,2030,5,10,10,-0.897130700200951
1643,wind,2030,5,11,11,-0.897130700200951
1644,wind,2030,5,12,12,-0.897130700200951
1645,wind,2030,5,13,13,0.0
1646,wind,2030,5,14,14,0.0
1647,wind,2030,5,15,15,0.0
1648,wind,2030,5,16,16,0.0
1649,wind,2030,5,17,17,-0.897130700200951
1650,wind,2030,5,18,18,-0.897130700200951
1651,wind,2030,5,19,19,-0.897130700200951
1652,wind,2030,5,20,20,-0.897130700200951
1653,wind,2030,5,21,21,-0.897130700200951
1654,wind,2030,5,22,22,-0.897130700200951
1655,wind,2030,5,23,23,-0.897130700200951
1656,wind,2030,5,24,24,-0.897130700200951
1657,wind,2030,6,1,1,-0.5555251313371763
1658,wind,2030,6,2,2,-0.5555251313371763
1659,wind,2030,6,3,3,-0.5555251313371763
1660,wind,2030,6,4,4,-0.5555251313371763
1661,wind,2030,6,5,5,-0.5555251313371763
1662,wind,2030,6,6,6,-0.5555251313371763
1663,wind,2030,6,7,7,-0.5555251313371763
1664,wind,2030,6,8,8,-0.5555251313371763
1665,wind,2030,6,9,9,-0.5555251313371763
1666,wind,2030,6,10,10,-0.5555251313371763
1667,wind,2030,6,11,11,-0.5555251313371763
1668,wind,2030,6,12,12,-0.5555251313371763
1669,wind,2030,6,13,13,0.0
1670,wind,2030,6,14,14,0.0
1671,wind,2030,6,15,15,0.0
1672,wind,2030,6,16,16,0.0
1673,wind,2030,6,17,17,-0.5555251313371763
1674,wind,2030,6,18,18,-0.5555251313371763
1675,wind,2030,6,19,19,-0.5555251313371763
1676,wind,2030,6,20,20,-0.5555251313371763
1677,wind,2030,6,21,21,-0.5555251313371763
1678,wind,2030,6,22,22,-0.5555251313371763
1679,wind,2030,6,23,23,-0.5555251313371763
1680,wind,2030,6,24,24,-0.5555251313371763
1681,wind,2030,7,1,1,-1.4277924161996225
1682,wind,2030,7,2,2,-1.4277924161996225
1683,wind,2030,7,3,3,-1.4277924161996225
1684,wind,2030,7,4,4,-1.4277924161996225
1685,wind,2030,7,5,5,-1.4277924161996225
1686,wind,2030,7,6,6,-1.4277924161996225
1687,wind,2030,7,7,7,-1.4277924161996225
1688,wind,2030,7,8,8,-1.4277924161996225
1689,wind,2030,7,9,9,-1.4277924161996225
1690,wind,2030,7,10,10,-1.4277924161996225
1691,wind,2030,7,11,11,-1.4277924161996225
1692,wind,2030,7,12,12,-1.4277924161996225
1693,wind,2030,7,13,13,-1.4277924161996225
1694,wind,2030,7,14,14,0.0
1695,wind,2030,7,15,15,-0.730028562882103
1696,wind,2030,7,16,16,-1.4277924161996225
1697,wind,2030,7,17,17,-1.4277924161996225
1698,wind,2030,7,18,18,-1.4277924161996225
1699,wind,2030,7,19,19,-1.4277924161996225
1700,wind,2030,7,20,20,-1.4277924161996225
1701,wind,2030,7,21,21,-1.4277924161996225
1702,wind,2030,7,22,22,-1.4277924161996225
1703,wind,2030,7,23,23,-1.4277924161996225
1704,wind,2030,7,24,24,-1.4277924161996225
1705,wind,2030,8,1,1,-1.354683847856634
1706,wind,2030,8,2,2,-1.354683847856634
1707,wind,2030,8,3,3,-1.354683847856634
1708,wind,2030,8,4,4,-1.354683847856634
1709,wind,2030,8,5,5,-1.354683847856634
1710,wind,2030,8,6,6,-1.354683847856634
1711,wind,2030,8,7,7,-1.354683847856634
1712,wind,2030,8,8,8,-1.354683847856634
1713,wind,2030,8,9,9,-1.354683847856634
1714,wind,2030,8,10,10,-1.354683847856634
1715,wind,2030,8,11,11,-1.354683847856634
1716,wind,2030,8,12,12,-1.354683847856634
1717,wind,2030,8,13,13,-1.354683847856634
1718,wind,2030,8,14,14,-1.354683847856634
1719,wind,2030,8,15,15,-1.354683847856634
1720,wind,2030,8,16,16,-1.354683847856634
1721,wind,2030,8,17,17,-1.354683847856634
1722,wind,2030,8,18,18,-1.354683847856634
1723,wind,2030,8,19,19,-1.9191354511302317
1724,wind,2030,8,20,20,-1.354683847856634
1725,wind,2030,8,21,21,-1.354683847856634
1726,wind,2030,8,22,22,-1.354683847856634
1727,wind,2030,8,23,23,-1.354683847856634
1728,wind,2030,8,24,24,-1.354683847856634
1729,wind,2030,9,1,1,-1.8035951403641581
1730,wind,2030,9,2,2,-1.8035951403641581
1731,wind,2030,9,3,3,-1.8035951403641581
1732,wind,2030,9,4,4,-1.8035951403641581
1733,wind,2030,9,5,5,-1.8035951403641581
1734,wind,2030,9,6,6,-1.8035951403641581
1735,wind,2030,9,7,7,-1.8035951403641581
1736,wind,2030,9,8,8,-1.8035951403641581
1737,wind,2030,9,9,9,-1.8035951403641581
1738,wind,2030,9,10,10,-1.8035951403641581
1739,wind,2030,9,11,11,-1.8035951403641581
1740,wind,2030,9,12,12,-1.8035951403641581
1741,wind,2030,9,13,13,-1.8035951403641581
1742,wind,2030,9,14,14,-1.8035951403641581
1743,wind,2030,9,15,15,-1.8035951403641581
1744,wind,2030,9,16,16,-1.8035951403641581
1745,wind,2030,9,17,17,-1.8035951403641581
1746,wind,2030,9,18,18,-1.8035951403641581
1747,wind,2030,9,19,19,-1.8035951403641581
1748,wind,2030,9,20,20,-1.8035951403641581
1749,wind,2030,9,21,21,-1.8035951403641581
1750,wind,2030,9,22,22,-1.8035951403641581
1751,wind,2030,9,23,23,-1.8035951403641581
1752,wind,2030,9,24,24,-1.8035951403641581
1753,wind,2030,10,1,1,-0.40165600985518973
1754,wind,2030,10,2,2,-0.40165600985518973
1755,wind,2030,10,3,3,-0.40165600985518973
1756,wind,2030,10,4,4,0.0
1757,wind,2030,10,5,5,0.0
1758,wind,2030,10,6,6,0.0
1759,wind,2030,10,7,7,0.0
1760,wind,2030,10,8,8,0.0
1761,wind,2030,10,9,9,0.0
1762,wind,2030,10,10,10,0.0
1763,wind,2030,10,11,11,0.0
1764,wind,2030,10,12,12,0.0
1765,wind,2030,10,13,13,0.0
1766,wind,2030,10,14,14,0.0
1767,wind,2030,10,15,15,0.0
1768,wind,2030,10,16,16,0.0
1769,wind,2030,10,17,17,0.0
1770,wind,2030,10,18,18,0.0
1771,wind,2030,10,19,19,0.0
1772,wind,2030,10,20,20,-0.40165600985518973
1773,wind,2030,10,21,21,-0.40165600985518973
1774,wind,2030,10,22,22,-0.40165600985518973
1775,wind,2030,10,23,23,-0.40165600985518973
1776,wind,2030,10,24,24,-0.40165600985518973
1777,wind,2030,11,1,1,-0.4812348410213453
1778,wind,2030,11,2,2,-0.4812348410213453
1779,wind,2030,11,3,3,-0.4812348410213453
1780,wind,2030,11,4,4,-0.4812348410213453
1781,wind,2030,11,5,5,-0.4812348410213453
1782,wind,2030,11,6,6,-0.4812348410213453
1783,wind,2030,11,7,7,-0.4812348410213453
1784,wind,2030,11,8,8,-0.4812348410213453
1785,wind,2030,11,9,9,-0.4812348410213453
1786,wind,2030,11,10,10,-0.4812348410213453
1787,wind,2030,11,11,11,-0.4812348410213453
1788,wind,2030,11,12,12,-0.4812348410213453
1789,wind,2030,11,13,13,-0.4812348410213453
1790,wind,2030,11,14,14,0.0
1791,wind,2030,11,15,15,0.0
1792,wind,2030,11,16,16,-0.4812348410213453
1793,wind,2030,11,17,17,-0.4812348410213453
1794,wind,2030,11,18,18,-0.4812348410213453
1795,wind,2030,11,19,19,-0.4812348410213453
1796,wind,2030,11,20,20,-0.4812348410213453
1797,wind,2030,11,21,21,-0.4812348410213453
1798,wind,2030,11,22,22,-0.4812348410213453
1799,wind,2030,11,23,23,-0.4812348410213453
1800,wind,2030,11,24,24,-0.4812348410213453
1801,wind,2030,12,1,1,-0.588404258200113
1802,wind,2030,12,2,2,-0.588404258200113
1803,wind,2030,12,3,3,-0.588404258200113
1804,wind,2030,12,4,4,-0.588404258200113
1805,wind,2030,12,5,5,-0.588404258200113
1806,wind,2030,12,6,6,-0.588404258200113
1807,wind,2030,12,7,7,-0.588404258200113
1808,wind,2030,12,8,8,-0.588404258200113
1809,wind,2030,12,9,9,-0.588404258200113
1810,wind,2030,12,10,10,-0.588404258200113
1811,wind,2030,12,11,11,-0.588404258200113
1812,wind,2030,12,12,12,-0.588404258200113
1813,wind,2030,12,13,13,-0.588404258200113
1814,wind,2030,12,14,14,-0.588404258200113
1815,wind,2030,12,15,15,-0.588404258200113
1816,wind,2030,12,16,16,-0.588404258200113
1817,wind,2030,12,17,17,-0.588404258200113
1818,wind,2030,12,18,18,-0.588404258200113
1819,wind,2030,12,19,19,-0.588404258200113
1820,wind,2030,12,20,20,-0.588404258200113
1821,wind,2030,12,21,21,-0.588404258200113
1822,wind,2030,12,22,22,-0.588404258200113
1823,wind,2030,12,23,23,-0.588404258200113
1824,wind,2030,12,24,24,-0.588404258200113
1825,wind,2030,13,1,1,0.0
1826,wind,2030,13,2,2,0.0
1827,wind,2030,13,3,3,0.0
1828,wind,2030,13,4,4,0.0
1829,wind,2030,13,5,5,0.0
1830,wind,2030,13,6,6,0.0
1831,wind,2030,13,7,7,0.0
1832,wind,2030,13,8,8,0.0
1833,wind,2030,13,9,9,0.0
1834,wind,2030,13,10,10,0.0
1835,wind,2030,13,11,11,0.0
1836,wind,2030,13,12,12,0.0
1837,wind,2030,13,13,13,0.0
1838,wind,2030,13,14,14,0.0
1839,wind,2030,13,15,15,0.0
1840,wind,2030,13,16,16,0.0
1841,wind,2030,13,17,17,0.0
1842,wind,2030,13,18,18,0.0
1843,wind,2030,13,19,19,-0.17310476817584777
1844,wind,2030,13,20,20,-0.17310476817584777
1845,wind,2030,13,21,21,-0.17310476817584777
1846,wind,2030,13,22,22,-0.17310476817584777
1847,wind,2030,13,23,23,-0.17310476817584777
1848,wind,2030,13,24,24,-0.17310476817584777
1849,wind,2030,14,1,1,-0.5782815881594711
1850,wind,2030,14,2,2,-0.5782815881594711
1851,wind,2030,14,3,3,-0.5782815881594711
1852,wind,2030,14,4,4,-0.5782815881594711
1853,wind,2030,14,5,5,-0.5782815881594711
1854,wind,2030,14,6,6,-0.5782815881594711
1855,wind,2030,14,7,7,-0.5782815881594711
1856,wind,2030,14,8,8,-0.5782815881594711
1857,wind,2030,14,9,9,-0.5782815881594711
1858,wind,2030,14,10,10,-0.5782815881594711
1859,wind,2030,14,11,11,-0.5782815881594711
1860,wind,2030,14,12,12,-0.5782815881594711
1861,wind,2030,14,13,13,-0.5782815881594711
1862,wind,2030,14,14,14,-0.5782815881594711
1863,wind,2030,14,15,15,-0.5782815881594711
1864,wind,2030,14,16,16,-0.5782815881594711
1865,wind,2030,14,17,17,-0.5782815881594711
1866,wind,2030,14,18,18,-0.5782815881594711
1867,wind,2030,14,19,19,-0.5782815881594711
1868,wind,2030,14,20,20,-0.5782815881594711
1869,wind,2030,14,21,21,-0.5782815881594711
1870,wind,2030,14,22,22,-0.5782815881594711
1871,wind,2030,14,23,23,-0.5782815881594711
1872,wind,2030,14,24,24,-0.5782815881594711
1873,wind,2030,15,1,1,-2.3555860189483977
1874,wind,2030,15,2,2,-2.3555860189483977
1875,wind,2030,15,3,3,-2.3555860189483977
1876,wind,2030,15,4,4,-2.3555860189483977
1877,wind,2030,15,5,5,-2.3555860189483977
1878,wind,2030,15,6,6,-2.3555860189483977
1879,wind,2030,15,7,7,-2.3555860189483977
1880,wind,2030,15,8,8,-2.3555860189483977
1881,wind,2030,15,9,9,-2.3555860189483977
1882,wind,2030,15,10,10,-2.3555860189483977
1883,wind,2030,15,11,11,-2.3555860189483977
1884,wind,2030,15,12,12,-2.3555860189483977
1885,wind,2030,15,13,13,0.0
1886,wind,2030,15,14,14,0.0
1887,wind,2030,15,15,15,0.0
1888,wind,2030,15,16,16,-2.3555860189483977
1889,wind,2030,15,17,17,-2.3555860189483977
1890,wind,2030,15,18,18,-2.3555860189483977
1891,wind,2030,15,19,19,-2.3555860189483977
1892,wind,2030,15,20,20,-2.3555860189483977
1893,wind,2030,15,21,21,-2.3555860189483977
1894,wind,2030,15,22,22,-2.3555860189483977
1895,wind,2030,15,23,23,-2.3555860189483977
1896,wind,2030,15,24,24,-2.3555860189483977
1897,wind,2030,16,1,1,-0.859223363008253
1898,wind,2030,16,2,2,-0.859223363008253
1899,wind,2030,16,3,3,-0.859223363008253
1900,wind,2030,16,4,4,-0.859223363008253
1901,wind,2030,16,5,5,-0.859223363008253
1902,wind,2030,16,6,6,-0.859223363008253
1903,wind,2030,16,7,7,-0.859223363008253
1904,wind,2030,16,8,8,-0.859223363008253
1905,wind,2030,16,9,9,-0.859223363008253
1906,wind,2030,16,10,10,-0.859223363008253
1907,wind,2030,16,11,11,-0.859223363008253
1908,wind,2030,16,12,12,0.0
1909,wind,2030,16,13,13,0.0
1910,wind,2030,16,14,14,0.0
1911,wind,2030,16,15,15,0.0
1912,wind,2030,16,16,16,0.0
1913,wind,2030,16,17,17,-0.859223363008253
1914,wind,2030,16,18,18,-0.859223363008253
1915,wind,2030,16,19,19,-0.859223363008253
1916,wind,2030,16,20,20,-0.859223363008253
1917,wind,2030,16,21,21,-0.859223363008253
1918,wind,2030,16,22,22,-0.859223363008253
1919,wind,2030,16,23,23,-0.859223363008253
1920,wind,2030,16,24,24,-0.859223363008253
1921,wind_offshore,2030,1,1,1,0.0
1922,wind_offshore,2030,1,2,2,0.0
1923,wind_offshore,2030,1,3,3,0.0
1924,wind_offshore,2030,1,4,4,0.0
1925,wind_offshore,2030,1,5,5,0.0
1926,wind_offshore,2030,1,6,6,0.0
1927,wind_offshore,2030,1,7,7,0.0
1928,wind_offshore,2030,1,8,8,0.0
1929,wind_offshore,2030,1,9,9,0.0
1930,wind_offshore,2030,1,10,10,-1.381559889752528
1931,wind_offshore,2030,1,11,11,-0.3931022448512147
1932,wind_offshore,2030,1,12,12,0.0
1933,wind_offshore,2030,1,13,13,0.0
1934,wind_offshore,2030,1,14,14,0.0
1935,wind_offshore,2030,1,15,15,0.0
1936,wind_offshore,2030,1,16,16,0.0
1937,wind_offshore,2030,1,17,17,0.0
1938,wind_offshore,2030,1,18,18,-1.381559889752528
1939,wind_offshore,2030,1,19,19,-1.381559889752528
1940,wind_offshore,2030,1,20,20,-1.381559889752528
1941,wind_offshore,2030,1,21,21,-1.381559889752528
1942,wind_offshore,2030,1,22,22,-1.381559889752528
1943,wind_offshore,2030,1,23,23,0.0
1944,wind_offshore,2030,1,24,24,0.0
1945,wind_offshore,2030,2,1,1,-3.157931188563171
1946,wind_offshore,2030,2,2,2,-3.157931188563171
1947,wind_offshore,2030,2,3,3,-3.157931188563171
1948,wind_offshore,2030,2,4,4,-3.157931188563171
1949,wind_offshore,2030,2,5,5,-3.157931188563171
1950,wind_offshore,2030,2,6,6,-3.157931188563171
1951,wind_offshore,2030,2,7,7,-3.157931188563171
1952,wind_offshore,2030,2,8,8,-3.157931188563171
1953,wind_offshore,2030,2,9,9,-3.157931188563171
1954,wind_offshore,2030,2,10,10,-3.157931188563171
1955,wind_offshore,2030,2,11,11,-3.157931188563171
1956,wind_offshore,2030,2,12,12,-3.157931188563171
1957,wind_offshore,2030,2,13,13,-3.157931188563171
1958,wind_offshore,2030,2,14,14,-3.157931188563171
1959,wind_offshore,2030,2,15,15,-3.157931188563171
1960,wind_offshore,2030,2,16,16,-3.157931188563171
1961,wind_offshore,2030,2,17,17,-3.157931188563171
1962,wind_offshore,2030,2,18,18,-3.157931188563171
1963,wind_offshore,2030,2,19,19,-3.157931188563171
1964,wind_offshore,2030,2,20,20,-3.157931188563171
1965,wind_offshore,2030,2,21,21,-3.157931188563171
1966,wind_offshore,2030,2,22,22,-3.157931188563171
1967,wind_offshore,2030,2,23,23,-3.157931188563171
1968,wind_offshore,2030,2,24,24,-3.157931188563171
1969,wind_offshore,2030,3,1,1,-0.793479135059687
1970,wind_offshore,2030,3,2,2,-0.793479135059687
1971,wind_offshore,2030,3,3,3,-0.793479135059687
1972,wind_offshore,2030,3,4,4,-0.793479135059687
1973,wind_offshore,2030,3,5,5,-0.793479135059687
1974,wind_offshore,2030,3,6,6,-0.793479135059687
1975,wind_offshore,2030,3,7,7,-0.793479135059687
1976,wind_offshore,2030,3,8,8,-0.793479135059687
1977,wind_offshore,2030,3,9,9,-0.9120124464657222
1978,wind_offshore,2030,3,10,10,-1.1384700633465077
1979,wind_offshore,2030,3,11,11,-1.1384700633465077
1980,wind_offshore,2030,3,12,12,-1.1384700633465077
1981,wind_offshore,2030,3,13,13,-1.1384700633465077
1982,wind_offshore,2030,3,14,14,-1.1384700633465077
1983,wind_offshore,2030,3,15,15,-1.1384700633465077
1984,wind_offshore,2030,3,16,16,-1.1384700633465077
1985,wind_offshore,2030,3,17,17,-1.1384700633465077
1986,wind_offshore,2030,3,18,18,-1.1384700633465077
1987,wind_offshore,2030,3,19,19,-1.1384700633465077
1988,wind_offshore,2030,3,20,20,-1.1384700633465077
1989,wind_offshore,2030,3,21,21,-104.34428399556472
1990,wind_offshore,2030,3,22,22,-1.1384700633465077
1991,wind_offshore,2030,3,23,23,-1.1384700633465077
1992,wind_offshore,2030,3,24,24,-1.1384700633465077
1993,wind_offshore,2030,4,1,1,-0.4589874567694186
1994,wind_offshore,2030,4,2,2,-0.4589874567694186
1995,wind_offshore,2030,4,3,3,-0.4589874567694186
1996,wind_offshore,2030,4,4,4,-0.4589874567694186
1997,wind_offshore,2030,4,5,5,-0.4589874567694186
1998,wind_offshore,2030,4,6,6,-0.4589874567694186
1999,wind_offshore,2030,4,7,7,-0.4589874567694186
2000,wind_offshore,2030,4,8,8,-0.4589874567694186
2001,wind_offshore,2030,4,9,9,-0.4589874567694186
2002,wind_offshore,2030,4,10,10,-0.4589874567694186
2003,wind_offshore,2030,4,11,11,-0.4589874567694186
2004,wind_offshore,2030,4,12,12,-0.4589874567694186
2005,wind_offshore,2030,4,13,13,-0.4589874567694186
2006,wind_offshore,2030,4,14,14,-0.4589874567694186
2007,wind_offshore,2030,4,15,15,-0.4589874567694186
2008,wind_offshore,2030,4,16,16,-0.4589874567694186
2009,wind_offshore,2030,4,17,17,-0.4589874567694186
2010,wind_offshore,2030,4,18,18,-0.4589874567694186
2011,wind_offshore,2030,4,19,19,-0.4589874567694186
2012,wind_offshore,2030,4,20,20,-0.4589874567694186
2013,wind_offshore,2030,4,21,21,-0.4589874567694186
2014,wind_offshore,2030,4,22,22,-0.4589874567694186
2015,wind_offshore,2030,4,23,23,-0.4589874567694186
2016,wind_offshore,2030,4,24,24,-0.4589874567694186
2017,wind_offshore,2030,5,1,1,-0.8597502543592447
2018,wind_offshore,2030,5,2,2,-0.8597502543592447
2019,wind_offshore,2030,5,3,3,-0.8597502543592447
2020,wind_offshore,2030,5,4,4,-0.8597502543592447
2021,wind_offshore,2030,5,5,5,-0.8597502543592447
2022,wind_offshore,2030,5,6,6,-0.8597502543592447
2023,wind_offshore,2030,5,7,7,-0.8597502543592447
2024,wind_offshore,2030,5,8,8,-0.8597502543592447
2025,wind_offshore,2030,5,9,9,-0.8597502543592447
2026,wind_offshore,2030,5,10,10,-0.8597502543592447
2027,wind_offshore,2030,5,11,11,-0.8597502543592447
2028,wind_offshore,2030,5,12,12,-0.8597502543592447
2029,wind_offshore,2030,5,13,13,0.0
2030,wind_offshore,2030,5,14,14,0.0
2031,wind_offshore,2030,5,15,15,0.0
2032,wind_offshore,2030,5,16,16,0.0
2033,wind_offshore,2030,5,17,17,-0.8597502543592447
2034,wind_offshore,2030,5,18,18,-0.8597502543592447
2035,wind_offshore,2030,5,19,19,-0.8597502543592447
2036,wind_offshore,2030,5,20,20,-0.8597502543592447
2037,wind_offshore,2030,5,21,21,-0.8597502543592447
2038,wind_offshore,2030,5,22,22,-0.8597502543592447
2039,wind_offshore,2030,5,23,23,-0.8597502543592447
2040,wind_offshore,2030,5,24,24,-0.8597502543592447
2041,wind_offshore,2030,6,1,1,-0.532378250864794
2042,wind_offshore,2030,6,2,2,-0.532378250864794
2043,wind_offshore,2030,6,3,3,-0.532378250864794
2044,wind_offshore,2030,6,4,4,-0.532378250864794
2045,wind_offshore,2030,6,5,5,-0.532378250864794
2046,wind_offshore,2030,6,6,6,-0.532378250864794
2047,wind_offshore,2030,6,7,7,-0.532378250864794
2048,wind_offshore,2030,6,8,8,-0.532378250864794
2049,wind_offshore,2030,6,9,9,-0.532378250864794
2050,wind_offshore,2030,6,10,10,-0.532378250864794
2051,wind_offshore,2030,6,11,11,-0.532378250864794
2052,wind_offshore,2030,6,12,12,-0.532378250864794
2053,wind_offshore,2030,6,13,13,0.0
2054,wind_offshore,2030,6,14,14,0.0
2055,wind_offshore,2030,6,15,15,0.0
2056,wind_offshore,2030,6,16,16,0.0
2057,wind_offshore,2030,6,17,17,-0.532378250864794
2058,wind_offshore,2030,6,18,18,-0.532378250864794
2059,wind_offshore,2030,6,19,19,-0.532378250864794
2060,wind_offshore,2030,6,20,20,-0.532378250864794
2061,wind_offshore,2030,6,21,21,-0.532378250864794
2062,wind_offshore,2030,6,22,22,-0.532378250864794
2063,wind_offshore,2030,6,23,23,-0.532378250864794
2064,wind_offshore,2030,6,24,24,-0.532378250864794
2065,wind_offshore,2030,7,1,1,-1.3683010655246384
2066,wind_offshore,2030,7,2,2,-1.3683010655246384
2067,wind_offshore,2030,7,3,3,-1.3683010655246384
2068,wind_offshore,2030,7,4,4,-1.3683010655246384
2069,wind_offshore,2030,7,5,5,-1.3683010655246384
2070,wind_offshore,2030,7,6,6,-1.3683010655246384
2071,wind_offshore,2030,7,7,7,-1.3683010655246384
2072,wind_offshore,2030,7,8,8,-1.3683010655246384
2073,wind_offshore,2030,7,9,9,-1.3683010655246384
2074,wind_offshore,2030,7,10,10,-1.3683010655246384
2075,wind_offshore,2030,7,11,11,-1.3683010655246384
2076,wind_offshore,2030,7,12,12,-1.3683010655246384
2077,wind_offshore,2030,7,13,13,-1.3683010655246384
2078,wind_offshore,2030,7,14,14,0.0
2079,wind_offshore,2030,7,15,15,-0.6705372122071187
2080,wind_offshore,2030,7,16,16,-1.3683010655246384
2081,wind_offshore,2030,7,17,17,-1.3683010655246384
2082,wind_offshore,2030,7,18,18,-1.3683010655246384
2083,wind_offshore,2030,7,19,19,-1.3683010655246384
2084,wind_offshore,2030,7,20,20,-1.3683010655246384
2085,wind_offshore,2030,7,21,21,-1.3683010655246384
2086,wind_offshore,2030,7,22,22,-1.3683010655246384
2087,wind_offshore,2030,7,23,23,-1.3683010655246384
2088,wind_offshore,2030,7,24,24,-1.3683010655246384
2089,wind_offshore,2030,8,1,1,-1.2982386875292744
2090,wind_offshore,2030,8,2,2,-1.2982386875292744
2091,wind_offshore,2030,8,3,3,-1.2982386875292744
2092,wind_offshore,2030,8,4,4,-1.2982386875292744
2093,wind_offshore,2030,8,5,5,-1.2982386875292744
2094,wind_offshore,2030,8,6,6,-1.2982386875292744
2095,wind_offshore,2030,8,7,7,-1.2982386875292744
2096,wind_offshore,2030,8,8,8,-1.2982386875292744
2097,wind_offshore,2030,8,9,9,-1.2982386875292744
2098,wind_offshore,2030,8,10,10,-1.2982386875292744
2099,wind_offshore,2030,8,11,11,-1.2982386875292744
2100,wind_offshore,2030,8,12,12,-1.2982386875292744
2101,wind_offshore,2030,8,13,13,-1.2982386875292744
2102,wind_offshore,2030,8,14,14,-1.2982386875292744
2103,wind_offshore,2030,8,15,15,-1.2982386875292744
2104,wind_offshore,2030,8,16,16,-1.2982386875292744
2105,wind_offshore,2030,8,17,17,-1.2982386875292744
2106,wind_offshore,2030,8,18,18,-1.2982386875292744
2107,wind_offshore,2030,8,19,19,-1.8626902908028717
2108,wind_offshore,2030,8,20,20,-1.2982386875292744
2109,wind_offshore,2030,8,21,21,-1.2982386875292744
2110,wind_offshore,2030,8,22,22,-1.2982386875292744
2111,wind_offshore,2030,8,23,23,-1.2982386875292744
2112,wind_offshore,2030,8,24,24,-1.2982386875292744
2113,wind_offshore,2030,9,1,1,-1.7284453428489848
2114,wind_offshore,2030,9,2,2,-1.7284453428489848
2115,wind_offshore,2030,9,3,3,-1.7284453428489848
2116,wind_offshore,2030,9,4,4,-1.7284453428489848
2117,wind_offshore,2030,9,5,5,-1.7284453428489848
2118,wind_offshore,2030,9,6,6,-1.7284453428489848
2119,wind_offshore,2030,9,7,7,-1.7284453428489848
2120,wind_offshore,2030,9,8,8,-1.7284453428489848
2121,wind_offshore,2030,9,9,9,-1.7284453428489848
2122,wind_offshore,2030,9,10,10,-1.7284453428489848
2123,wind_offshore,2030,9,11,11,-1.7284453428489848
2124,wind_offshore,2030,9,12,12,-1.7284453428489848
2125,wind_offshore,2030,9,13,13,-1.7284453428489848
2126,wind_offshore,2030,9,14,14,-1.7284453428489848
2127,wind_offshore,2030,9,15,15,-1.7284453428489848
2128,wind_offshore,2030,9,16,16,-1.7284453428489848
2129,wind_offshore,2030,9,17,17,-1.7284453428489848
2130,wind_offshore,2030,9,18,18,-1.7284453428489848
2131,wind_offshore,2030,9,19,19,-1.7284453428489848
2132,wind_offshore,2030,9,20,20,-1.7284453428489848
2133,wind_offshore,2030,9,21,21,-1.7284453428489848
2134,wind_offshore,2030,9,22,22,-1.7284453428489848
2135,wind_offshore,2030,9,23,23,-1.7284453428489848
2136,wind_offshore,2030,9,24,24,-1.7284453428489848
2137,wind_offshore,2030,10,1,1,-0.38492034277789017
2138,wind_offshore,2030,10,2,2,-0.38492034277789017
2139,wind_offshore,2030,10,3,3,-0.38492034277789017
2140,wind_offshore,2030,10,4,4,0.0
2141,wind_offshore,2030,10,5,5,0.0
2142,wind_offshore,2030,10,6,6,0.0
2143,wind_offshore,2030,10,7,7,0.0
2144,wind_offshore,2030,10,8,8,0.0
2145,wind_offshore,2030,10,9,9,0.0
2146,wind_offshore,2030,10,10,10,0.0
2147,wind_offshore,2030,10,11,11,0.0
2148,wind_offshore,2030,10,12,12,0.0
2149,wind_offshore,2030,10,13,13,0.0
2150,wind_offshore,2030,10,14,14,0.0
2151,wind_offshore,2030,10,15,15,0.0
2152,wind_offshore,2030,10,16,16,0.0
2153,wind_offshore,2030,10,17,17,0.0
2154,wind_offshore,2030,10,18,18,0.0
2155,wind_offshore,2030,10,19,19,0.0
2156,wind_offshore,2030,10,20,20,-0.38492034277789017
2157,wind_offshore,2030,10,21,21,-0.38492034277789017
2158,wind_offshore,2030,10,22,22,-0.38492034277789017
2159,wind_offshore,2030,10,23,23,-0.38492034277789017
2160,wind_offshore,2030,10,24,24,-0.38492034277789017
2161,wind_offshore,2030,11,1,1,-0.46118338931212255
2162,wind_offshore,2030,11,2,2,-0.46118338931212255
2163,wind_offshore,2030,11,3,3,-0.46118338931212255
2164,wind_offshore,2030,11,4,4,-0.46118338931212255
2165,wind_offshore,2030,11,5,5,-0.46118338931212255
2166,wind_offshore,2030,11,6,6,-0.46118338931212255
2167,wind_offshore,2030,11,7,7,-0.46118338931212255
2168,wind_offshore,2030,11,8,8,-0.46118338931212255
2169,wind_offshore,2030,11,9,9,-0.46118338931212255
2170,wind_offshore,2030,11,10,10,-0.46118338931212255
2171,wind_offshore,2030,11,11,11,-0.46118338931212255
2172,wind_offshore,2030,11,12,12,-0.46118338931212255
2173,wind_offshore,2030,11,13,13,-0.46118338931212255
2174,wind_offshore,2030,11,14,14,0.0
2175,wind_offshore,2030,11,15,15,0.0
2176,wind_offshore,2030,11,16,16,-0.46118338931212255
2177,wind_offshore,2030,11,17,17,-0.46118338931212255
2178,wind_offshore,2030,11,18,18,-0.46118338931212255
2179,wind_offshore,2030,11,19,19,-0.46118338931212255
2180,wind_offshore,2030,11,20,20,-0.46118338931212255
2181,wind_offshore,2030,11,21,21,-0.46118338931212255
2182,wind_offshore,2030,11,22,22,-0.46118338931212255
2183,wind_offshore,2030,11,23,23,-0.46118338931212255
2184,wind_offshore,2030,11,24,24,-0.46118338931212255
2185,wind_offshore,2030,12,1,1,-0.5638874141084416
2186,wind_offshore,2030,12,2,2,-0.5638874141084416
2187,wind_offshore,2030,12,3,3,-0.5638874141084416
2188,wind_offshore,2030,12,4,4,-0.5638874141084416
2189,wind_offshore,2030,12,5,5,-0.5638874141084416
2190,wind_offshore,2030,12,6,6,-0.5638874141084416
2191,wind_offshore,2030,12,7,7,-0.5638874141084416
2192,wind_offshore,2030,12,8,8,-0.5638874141084416
2193,wind_offshore,2030,12,9,9,-0.5638874141084416
2194,wind_offshore,2030,12,10,10,-0.5638874141084416
2195,wind_offshore,2030,12,11,11,-0.5638874141084416
2196,wind_offshore,2030,12,12,12,-0.5638874141084416
2197,wind_offshore,2030,12,13,13,-0.5638874141084416
2198,wind_offshore,2030,12,14,14,-0.5638874141084416
2199,wind_offshore,2030,12,15,15,-0.5638874141084416
2200,wind_offshore,2030,12,16,16,-0.5638874141084416
2201,wind_offshore,2030,12,17,17,-0.5638874141084416
2202,wind_offshore,2030,12,18,18,-0.5638874141084416
2203,wind_offshore,2030,12,19,19,-0.5638874141084416
2204,wind_offshore,2030,12,20,20,-0.5638874141084416
2205,wind_offshore,2030,12,21,21,-0.5638874141084416
2206,wind_offshore,2030,12,22,22,-0.5638874141084416
2207,wind_offshore,2030,12,23,23,-0.5638874141084416
2208,wind_offshore,2030,12,24,24,-0.5638874141084416
2209,wind_offshore,2030,13,1,1,0.0
2210,wind_offshore,2030,13,2,2,0.0
2211,wind_offshore,2030,13,3,3,0.0
2212,wind_offshore,2030,13,4,4,0.0
2213,wind_offshore,2030,13,5,5,0.0
2214,wind_offshore,2030,13,6,6,0.0
2215,wind_offshore,2030,13,7,7,0.0
2216,wind_offshore,2030,13,8,8,0.0
2217,wind_offshore,2030,13,9,9,0.0
2218,wind_offshore,2030,13,10,10,0.0
2219,wind_offshore,2030,13,11,11,0.0
2220,wind_offshore,2030,13,12,12,0.0
2221,wind_offshore,2030,13,13,13,0.0
2222,wind_offshore,2030,13,14,14,0.0
2223,wind_offshore,2030,13,15,15,0.0
2224,wind_offshore,2030,13,16,16,0.0
2225,wind_offshore,2030,13,17,17,0.0
2226,wind_offshore,2030,13,18,18,0.0
2227,wind_offshore,2030,13,19,19,-0.16589206950185412
2228,wind_offshore,2030,13,20,20,-0.16589206950185412
2229,wind_offshore,2030,13,21,21,-0.16589206950185412
2230,wind_offshore,2030,13,22,22,-0.16589206950185412
2231,wind_offshore,2030,13,23,23,-0.16589206950185412
2232,wind_offshore,2030,13,24,24,-0.16589206950185412
2233,wind_offshore,2030,14,1,1,-0.5541865219861597
2234,wind_offshore,2030,14,2,2,-0.5541865219861597
2235,wind_offshore,2030,14,3,3,-0.5541865219861597
2236,wind_offshore,2030,14,4,4,-0.5541865219861597
2237,wind_offshore,2030,14,5,5,-0.5541865219861597
2238,wind_offshore,2030,14,6,6,-0.5541865219861597
2239,wind_offshore,2030,14,7,7,-0.5541865219861597
2240,wind_offshore,2030,14,8,8,-0.5541865219861597
2241,wind_offshore,2030,14,9,9,-0.5541865219861597
2242,wind_offshore,2030,14,10,10,-0.5541865219861597
2243,wind_offshore,2030,14,11,11,-0.5541865219861597
2244,wind_offshore,2030,14,12,12,-0.5541865219861597
2245,wind_offshore,2030,14,13,13,-0.5541865219861597
2246,wind_offshore,2030,14,14,14,-0.5541865219861597
2247,wind_offshore,2030,14,15,15,-0.5541865219861597
2248,wind_offshore,2030,14,16,16,-0.5541865219861597
2249,wind_offshore,2030,14,17,17,-0.5541865219861597
2250,wind_offshore,2030,14,18,18,-0.5541865219861597
2251,wind_offshore,2030,14,19,19,-0.5541865219861597
2252,wind_offshore,2030,14,20,20,-0.5541865219861597
2253,wind_offshore,2030,14,21,21,-0.5541865219861597
2254,wind_offshore,2030,14,22,22,-0.5541865219861597
2255,wind_offshore,2030,14,23,23,-0.5541865219861597
2256,wind_offshore,2030,14,24,24,-0.5541865219861597
2257,wind_offshore,2030,15,1,1,-2.2574366014922145
2258,wind_offshore,2030,15,2,2,-2.2574366014922145
2259,wind_offshore,2030,15,3,3,-2.2574366014922145
2260,wind_offshore,2030,15,4,4,-2.2574366014922145
2261,wind_offshore,2030,15,5,5,-2.2574366014922145
2262,wind_offshore,2030,15,6,6,-2.2574366014922145
2263,wind_offshore,2030,15,7,7,-2.2574366014922145
2264,wind_offshore,2030,15,8,8,-2.2574366014922145
2265,wind_offshore,2030,15,9,9,-2.2574366014922145
2266,wind_offshore,2030,15,10,10,-2.2574366014922145
2267,wind_offshore,2030,15,11,11,-2.2574366014922145
2268,wind_offshore,2030,15,12,12,-2.2574366014922145
2269,wind_offshore,2030,15,13,13,0.0
2270,wind_offshore,2030,15,14,14,0.0
2271,wind_offshore,2030,15,15,15,0.0
2272,wind_offshore,2030,15,16,16,-2.2574366014922145
2273,wind_offshore,2030,15,17,17,-2.2574366014922145
2274,wind_offshore,2030,15,18,18,-2.2574366014922145
2275,wind_offshore,2030,15,19,19,-2.2574366014922145
2276,wind_offshore,2030,15,20,20,-2.2574366014922145
2277,wind_offshore,2030,15,21,21,-2.2574366014922145
2278,wind_offshore,2030,15,22,22,-2.2574366014922145
2279,wind_offshore,2030,15,23,23,-2.2574366014922145
2280,wind_offshore,2030,15,24,24,-2.2574366014922145
2281,wind_offshore,2030,16,1,1,-0.8234223895495757
2282,wind_offshore,2030,16,2,2,-0.8234223895495757
2283,wind_offshore,2030,16,3,3,-0.8234223895495757
2284,wind_offshore,2030,16,4,4,-0.8234223895495757
2285,wind_offshore,2030,16,5,5,-0.8234223895495757
2286,wind_offshore,2030,16,6,6,-0.8234223895495757
2287,wind_offshore,2030,16,7,7,-0.8234223895495757
2288,wind_offshore,2030,16,8,8,-0.8234223895495757
2289,wind_offshore,2030,16,9,9,-0.8234223895495757
2290,wind_offshore,2030,16,10,10,-0.8234223895495757
2291,wind_offshore,2030,16,11,11,-0.8234223895495757
2292,wind_offshore,2030,16,12,12,0.0
2293,wind_offshore,2030,16,13,13,0.0
2294,wind_offshore,2030,16,14,14,0.0
2295,wind_offshore,2030,16,15,15,0.0
2296,wind_offshore,2030,16,16,16,0.0
2297,wind_offshore,2030,16,17,17,-0.8234223895495757
2298,wind_offshore,2030,16,18,18,-0.8234223895495757
2299,wind_offshore,2030,16,19,19,-0.8234223895495757
2300,wind_offshore,2030,16,20,20,-0.8234223895495757
2301,wind_offshore,2030,16,21,21,-0.8234223895495757
2302,wind_offshore,2030,16,22,22,-0.8234223895495757
2303,wind_offshore,2030,16,23,23,-0.8234223895495757
2304,wind_offshore,2030,16,24,24,-0.8234223895495757
