base_name,rp,solver,time_to_cluster,time_to_read,time_to_create,time_to_solve,time_to_save,objective_value,termination_status,reduced_num_lol_e,reduced_num_lol_h2,reduced_lol_e,reduced_lol_h2,num_constraints,num_variables,time_to_resolve_benchmark,objective_value_resolve_benchmark,termination_status_resolve_benchmark,num_loss_of_load_e_demand,num_loss_of_load_h2_demand,loss_of_load_e_demand,loss_of_load_h2_demand
kmedoids_cross_convex,10,Xpress,173.28022,2.1151879,7.3746491,12.8138602,1.8622886,5.501358953023758e8,OPTIMAL,115,122,192.45517631482647,117.88736234347577,410445,204798,820.0388957,5.2164532724308777e8,OPTIMAL,136,5,133.57304419501156,5.0570776260048635
kmedoids_cross_convex,10,Xpress,166.4692822,2.3256227,7.9318095,12.2339572,0.7502134,5.49206018528122e8,OPTIMAL,117,114,216.64782411078232,71.74786254860621,410445,204798,619.2833299,5.1983647917809296e8,OPTIMAL,433,7,381.202458632854,1.8150684928395284
kmedoids_cross_convex,10,Xpress,125.676995,2.2443517,79.3143623,12.3665532,0.9714468,5.669043539609604e8,OPTIMAL,77,60,113.11636052604126,62.38928638602151,410445,204798,607.971476,5.300248077673416e8,OPTIMAL,5,0,10.40355089663219,-1.6047163597932013e-10
kmedoids_cross_convex,10,Xpress,112.4910834,3.8478266,12.3522708,11.3495815,0.7189849,5.368643346613693e8,OPTIMAL,73,34,103.63082859185626,10.362683595123428,410445,204798,597.2714069,5.2241901953237915e8,OPTIMAL,76,0,101.3429710360216,9.239276010930553e-11
kmedoids_cross_convex,10,Xpress,140.1702485,2.9996851,10.0866864,17.8300715,0.7535594,5.389421780650787e8,OPTIMAL,89,66,130.30032174199712,26.822400536815138,410445,204798,629.3009252,5.2099540245988464e8,OPTIMAL,105,3,133.0428875112889,0.9246575339659605
kmedoids_cross_convex,20,Xpress,218.6042462,3.8992053,13.7348085,38.9393156,1.1234454,5.2129329687062836e8,OPTIMAL,374,269,1992.2486972299462,375.57346943695643,563565,323598,659.1651818,5.234781389217682e8,OPTIMAL,767,2,6310.758135995435,0.5022831050923927
kmedoids_cross_convex,20,Xpress,155.7414347,4.0218513,13.1748186,32.5014207,1.1555021,5.2471211659833527e8,OPTIMAL,1792,1946,27286.150211583354,12823.809111556675,563565,323598,540.6474282,5.0116499214593506e8,OPTIMAL,531,10,550.5099401658548,6.940639270092393
kmedoids_cross_convex,20,Xpress,216.2511807,5.014931,16.857282,40.7994361,1.1039048,5.386990875449219e8,OPTIMAL,401,329,1208.7416120750506,384.2676631385401,563565,323598,572.4897374,5.0687578246151733e8,OPTIMAL,250,9,173.92014110454465,2.6598173509659606
kmedoids_cross_convex,20,Xpress,213.7150268,4.4869632,15.0271437,31.1145403,62.6190452,5.285251533566055e8,OPTIMAL,808,719,2855.0224247544747,1073.1015364688092,563565,323598,540.5156856,5.027883914946289e8,OPTIMAL,157,6,172.7700498806469,3.493150685092393
kmedoids_cross_convex,20,Xpress,226.4874995,4.9065272,26.7317844,33.9132603,1.2770086,5.2463494539997864e8,OPTIMAL,1060,850,4501.99637046001,1450.0583758084651,563565,323598,553.5365758,5.01309576454834e8,OPTIMAL,377,3,463.1593427522925,1.2671232880923926
kmedoids_cross_convex,40,Xpress,356.4130968,6.6711933,21.7646248,94.0314217,26.7956361,5.1858440067775726e8,OPTIMAL,2209,2530,38663.64504013143,18770.079411283707,869805,561198,667.9356998,4.9845648011839294e8,OPTIMAL,697,5,860.057717200589,4.303652970092391
kmedoids_cross_convex,40,Xpress,261.131992,6.7031699,31.398999,83.3037976,1.9703455,5.1897689650743866e8,OPTIMAL,2260,2515,39445.59497820721,18477.15742837265,869805,561198,666.6992843,4.980979069583969e8,OPTIMAL,534,21,505.4166936243462,18.28767123709239
kmedoids_cross_convex,40,Xpress,289.3144437,7.3270474,27.1920503,79.2990753,1.9899095,5.155404455893402e8,OPTIMAL,1490,1432,15769.144825411611,7217.533709183777,869805,561198,651.2461741,4.9824619202586365e8,OPTIMAL,597,6,685.9681591367806,1.8036529680923927
kmedoids_cross_convex,40,Xpress,227.7731102,7.2480488,33.8527504,139.9210753,1.864378,5.166224835763016e8,OPTIMAL,2607,2961,50455.51176501091,24007.498600432762,869805,561198,600.1859459,4.9859245979343414e8,OPTIMAL,950,39,791.5519768725582,12.91095890509239
kmedoids_cross_convex,40,Xpress,222.6246555,7.6896963,32.4194573,100.4120952,4.8260929,5.110006712798996e8,OPTIMAL,1820,1926,27191.961084423026,12547.1823636074,869805,561198,646.7907232,4.974011255112457e8,OPTIMAL,656,7,629.4657245820473,2.2716894980923925
kmedoids_cross_convex,60,Xpress,376.3975192,10.467497,35.6389496,147.5137897,2.6323738,5.0679782166002655e8,OPTIMAL,2524,2916,50026.02796286336,23773.743878471287,1176045,798798,667.1146821,4.9458914392095184e8,OPTIMAL,653,8,599.3187183906314,4.15525114409239
kmedoids_cross_convex,60,Xpress,313.4142112,9.9801454,35.9649992,167.4423166,2.5838974,5.1135023410897064e8,OPTIMAL,1885,1965,27690.511261861368,12618.324236615957,1176045,798798,674.4130493,4.959419193789444e8,OPTIMAL,625,13,674.9086341550667,5.901826486092391
kmedoids_cross_convex,60,Xpress,313.9435336,10.3433778,49.2507741,135.0547907,2.9359982,5.105821196546478e8,OPTIMAL,1499,1516,16135.613692544403,7414.738683113175,1176045,798798,595.3359242,4.960063873920593e8,OPTIMAL,494,1,514.7766273484242,0.2853881280923928
kmedoids_cross_convex,60,Xpress,398.586525,10.1594094,36.0071741,204.9181411,2.5706651,5.099880038858948e8,OPTIMAL,2805,3370,61418.00405265502,28970.766716422262,1176045,798798,629.3953236,4.9668666898078156e8,OPTIMAL,710,9,1084.5658549376776,4.60045662209239
kmedoids_cross_convex,60,Xpress,309.7779789,9.588487,37.2008713,151.3695963,2.8060373,5.056344875279236e8,OPTIMAL,2826,3406,61082.70529313948,29022.231033785003,1176045,798798,643.4689585,4.959929500317459e8,OPTIMAL,686,21,724.6854071755857,9.55479452109239
kmedoids_cross_convex,80,Xpress,333.9860651,11.0168788,41.6434737,237.8632536,3.35846,5.062268175345993e8,OPTIMAL,2888,3402,61155.60288049325,29209.872074007926,1482285,1036398,676.5432041,4.9433975475606537e8,OPTIMAL,675,13,662.4479478800837,8.32191781209239
kmedoids_cross_convex,80,Xpress,364.6104852,12.1778631,54.7949525,228.4634206,3.7344662,5.082999819661789e8,OPTIMAL,2783,3408,61173.27486110626,29566.056993417627,1482285,1036398,714.4811582,4.954089705723953e8,OPTIMAL,866,37,793.4866515374861,18.42465754309239
kmedoids_cross_convex,80,Xpress,434.8872866,12.0328491,44.3714949,229.8619845,8.6154328,5.068196420058212e8,OPTIMAL,2849,3397,61279.12206364325,28983.642279307078,1482285,1036398,671.4829178,4.943744391701431e8,OPTIMAL,542,39,485.7655973501739,13.41324201609239
kmedoids_cross_convex,80,Xpress,350.3109548,10.9076986,41.1418517,269.8461348,3.4990546,5.083288795294571e8,OPTIMAL,2891,3391,61249.459801890145,28962.06122284209,1482285,1036398,664.5897299,4.946876231798401e8,OPTIMAL,483,35,643.886071919698,14.349315076092388
kmedoids_cross_convex,80,Xpress,378.7966988,11.9283542,48.2631228,218.8372368,3.566058,5.032606574822006e8,OPTIMAL,2808,3418,61094.17119390724,29388.41262199665,1482285,1036398,654.4196996,4.9540530989927673e8,OPTIMAL,695,31,930.1595347312884,20.26255708109239
kmedoids_cross_convex,100,Xpress,447.1793751,15.5663111,70.3539105,286.1823043,4.4229747,5.0535521599534607e8,OPTIMAL,2917,3414,61091.275939332954,29434.348327928048,1788525,1273998,685.5423058,4.933998540919647e8,OPTIMAL,552,10,561.3304924406004,4.7260273990923904
kmedoids_cross_convex,100,Xpress,479.7549336,16.2503312,59.6508858,273.6715121,48.740815,5.0246751599879456e8,OPTIMAL,2775,3409,61249.61787574174,29476.452944170593,1788525,1273998,688.2630402,4.9501909402262115e8,OPTIMAL,714,15,852.8718345158172,8.515981737092389
kmedoids_cross_convex,100,Xpress,490.4530849,17.6989958,68.7651107,244.1512436,8.0611753,5.073238620552902e8,OPTIMAL,2306,2497,39032.93892822686,18427.009857248388,1788525,1273998,612.2762828,4.9354676994177246e8,OPTIMAL,458,30,407.9342209568888,9.977168954092392
kmedoids_cross_convex,100,Xpress,404.8476519,14.5386187,62.8334381,312.1800502,4.6647442,5.062778491773987e8,OPTIMAL,2901,3412,61403.38309234556,29222.55629826389,1788525,1273998,717.8998805,4.9314476544451904e8,OPTIMAL,391,8,553.725973088211,5.890410962092391
kmedoids_cross_convex,100,Xpress,407.6485185,14.0018451,58.6288136,250.2284883,7.8911641,5.018358633899231e8,OPTIMAL,2575,2953,49912.12872267822,23813.952007356125,1788525,1273998,596.4510134,4.9510644593149567e8,OPTIMAL,857,28,1031.4634701101322,23.03652968509239
kmedoids_cross_convex,150,Xpress,582.6636895,30.8916494,81.8570971,551.8370884,9.1115996,5.012927395228195e8,OPTIMAL,2919,3445,61312.72758789488,29492.857041364194,2554125,1867998,673.9799507,4.923902526691208e8,OPTIMAL,618,26,880.8235727828496,24.21232877109239
kmedoids_cross_convex,150,Xpress,608.6590732,22.5248171,84.6110513,460.4837735,10.4397728,5.022774058952713e8,OPTIMAL,2933,3429,61112.80704769839,29503.784531328685,2554125,1867998,649.8426146,4.92398534372818e8,OPTIMAL,310,7,427.2611096979226,3.9155251160923905
kmedoids_cross_convex,150,Xpress,632.3774101,19.8476317,88.1440314,492.3674825,10.2155434,5.0129174860071564e8,OPTIMAL,2909,3395,61160.3797458166,29170.708117355938,2554125,1867998,656.9761352,4.922203830578079e8,OPTIMAL,311,13,446.8606237861982,6.267123291092391
kmedoids_cross_convex,150,Xpress,621.5056693,22.0099273,85.1353693,837.7527455,9.4415826,4.995401494855881e8,OPTIMAL,2851,3411,61415.88970638757,29186.07424364742,2554125,1867998,652.9272392,4.917980999077835e8,OPTIMAL,211,7,276.4445056938537,6.98630137109239
kmedoids_cross_convex,150,Xpress,609.0170931,18.2151374,86.4996952,561.5327079,9.8223498,4.9984137741615295e8,OPTIMAL,2912,3410,61246.71150284103,29444.03943251476,2554125,1867998,685.1581209,4.927000406522598e8,OPTIMAL,568,13,718.02145817217,5.23972602909239
kmedoids_cross_convex,225,Xpress,773.0890947,42.522164,136.8273765,525.0360784,10.0610973,4.989406181449661e8,OPTIMAL,2918,3417,61284.37401147601,29407.80190021258,3702525,2758998,755.5375984,4.925007087766876e8,OPTIMAL,484,10,679.3130118241775,3.90410959009239
kmedoids_cross_convex,225,Xpress,744.6221039,29.8114294,153.3443254,639.4862064,12.7286247,4.97034088315094e8,OPTIMAL,2835,3419,61189.3187617384,29549.88988994217,3702525,2758998,678.4536376,4.9132720310787964e8,OPTIMAL,246,7,421.2781455381387,4.41780822209239
kmedoids_cross_convex,225,Xpress,837.8439647,46.7758588,130.7352048,609.4678536,55.5329654,4.970278135224533e8,OPTIMAL,2875,3405,61222.44648136304,29280.432715373216,3702525,2758998,682.988434,4.9195442350509644e8,OPTIMAL,260,12,436.0956938068977,6.0958904140923895
kmedoids_cross_convex,225,Xpress,1016.5890047,47.9757072,150.6421951,828.9287166,9.2070223,4.957416780673294e8,OPTIMAL,2885,3407,61409.231066753186,29482.55233017021,3702525,2758998,708.2618785,4.903076450812454e8,OPTIMAL,204,3,520.7596162129798,1.8150684940923902
kmedoids_cross_convex,225,Xpress,956.9950647,38.4843498,213.1964201,572.4054675,13.9675122,4.972945612810364e8,OPTIMAL,2930,3441,61537.26583692149,29368.45406437552,3702525,2758998,666.3468684,4.906203107277527e8,OPTIMAL,700,39,1001.4693392214087,23.25342466109239
kmedoids_cross_convex,300,Xpress,1182.0881548,74.8079633,259.7079211,906.4630685,17.3277153,4.9664818667139435e8,OPTIMAL,2889,3405,61393.42011046788,29310.93684348762,4850925,3649998,720.8610717,4.919448210068512e8,OPTIMAL,302,9,376.8137726302698,4.12100456809239
